year,country,country_iso,aid_usd
2001,Afghanistan,AFG,7699999.80926514
2001,Albania,ALB,42259998.3215332
2001,Algeria,DZA,230000.004172325
2001,Angola,AGO,33950000.7629395
2001,Antigua and Barbuda,ATG,310000.002384186
2001,Argentina,ARG,-469999.998807907
2001,Armenia,ARM,77949996.9482422
2001,Azerbaijan,AZE,30909999.8474121
2001,Bangladesh,BGD,87129997.253418
2001,Barbados,BRB,1799999.95231628
2001,Belize,BLZ,1000000.0
2001,Benin,BEN,27430000.3051758
2001,Bolivia,BOL,119050003.051758
2001,Bosnia and Herzegovina,BIH,135059997.558594
2001,Botswana,BWA,-250000.0
2001,Brazil,BRA,-70750000.0
2001,British Virgin Islands,VGB,9999.99977648258
2001,Bulgaria,BGR,39790000.9155273
2001,Burkina Faso,BFA,13079999.9237061
2001,Burundi,BDI,4849999.90463257
2001,Cabo Verde,CPV,4280000.20980835
2001,Cambodia,KHM,22440000.5340576
2001,Cameroon,CMR,4780000.20980835
2001,Central African Republic,CAF,2430000.0667572
2001,Chad,TCD,4530000.20980835
2001,Chile,CHL,-18120000.8392334
2001,China,CHN,4840000.15258789
2001,Colombia,COL,274739990.234375
2001,Comoros,COM,29999.9993294477
2001,"Congo, Dem. Rep.",COD,20229999.5422363
2001,"Congo, Rep.",COG,10600000.3814697
2001,Costa Rica,CRI,-29629999.1607666
2001,Cote d'Ivoire,CIV,1950000.04768372
2001,Croatia,HRV,28540000.9155273
2001,Cuba,CUB,3619999.88555908
2001,Czechia,CZE,500000.0
2001,Djibouti,DJI,939999.997615814
2001,Dominica,DMA,319999.992847443
2001,Dominican Republic,DOM,29709999.0844727
2001,Ecuador,ECU,55200000.7629395
2001,"Egypt, Arab Rep.",EGY,630080017.089844
2001,El Salvador,SLV,50900001.5258789
2001,Equatorial Guinea,GNQ,860000.014305115
2001,Eritrea,ERI,28930000.3051758
2001,Estonia,EST,490000.009536743
2001,Eswatini,SWZ,-140000.000596046
2001,Ethiopia,ETH,94419998.1689453
2001,Fiji,FJI,9999.99977648258
2001,Gabon,GAB,2250000.0
2001,"Gambia, The",GMB,1570000.05245209
2001,Georgia,GEO,94339996.3378906
2001,Ghana,GHA,53520000.4577637
2001,Grenada,GRD,189999.997615814
2001,Guatemala,GTM,63599998.4741211
2001,Guinea,GIN,34909999.8474121
2001,Guinea-Bissau,GNB,100000.001490116
2001,Guyana,GUY,15750000.0
2001,Haiti,HTI,81110000.6103516
2001,Honduras,HND,201259994.506836
2001,Hungary,HUN,2509999.99046326
2001,India,IND,-17309999.4659424
2001,Indonesia,IDN,141009994.506836
2001,Jamaica,JAM,-17840000.1525879
2001,Jordan,JOR,155880004.882813
2001,Kazakhstan,KAZ,56009998.3215332
2001,Kenya,KEN,43409999.8474121
2001,Kiribati,KIR,810000.002384186
2001,"Korea, Dem. People's Rep.",PRK,250000.0
2001,Kyrgyz Republic,KGZ,28079999.9237061
2001,Lao PDR,LAO,4519999.98092651
2001,Latvia,LVA,1710000.03814697
2001,Lebanon,LBN,46819999.6948242
2001,Lesotho,LSO,1669999.95708466
2001,Liberia,LBR,12609999.6566772
2001,Lithuania,LTU,-1190000.05722046
2001,Madagascar,MDG,37159999.8474121
2001,Malawi,MWI,30549999.2370605
2001,Malaysia,MYS,699999.988079071
2001,Maldives,MDV,-39999.9991059303
2001,Mali,MLI,24760000.2288818
2001,Malta,MLT,-159999.996423721
2001,Marshall Islands,MHL,62479999.5422363
2001,Mauritania,MRT,6230000.01907349
2001,Mauritius,MUS,-400000.005960464
2001,Mexico,MEX,41819999.6948242
2001,"Micronesia, Fed. Sts.",FSM,124040000.915527
2001,Moldova,MDA,43509998.3215332
2001,Mongolia,MNG,12739999.7711182
2001,Morocco,MAR,-12710000.038147
2001,Mozambique,MOZ,91839996.3378906
2001,Myanmar,MMR,2930000.0667572
2001,Namibia,NAM,13880000.1144409
2001,Nepal,NPL,20229999.5422363
2001,Nicaragua,NIC,100559997.558594
2001,Niger,NER,8020000.45776367
2001,Nigeria,NGA,24649999.6185303
2001,North Macedonia,MKD,37290000.9155273
2001,Oman,OMN,-4039999.96185303
2001,Pakistan,PAK,775640014.648438
2001,Palau,PLW,19379999.1607666
2001,Panama,PAN,769999.980926514
2001,Papua New Guinea,PNG,1070000.05245209
2001,Paraguay,PRY,6960000.03814697
2001,Peru,PER,161630004.882813
2001,Philippines,PHL,82989997.8637695
2001,Poland,POL,7969999.79019165
2001,Romania,ROU,41810001.373291
2001,Russian Federation,RUS,659330017.089844
2001,Rwanda,RWA,31079999.9237061
2001,Samoa,WSM,1149999.97615814
2001,Sao Tome and Principe,STP,70000.0002980232
2001,Senegal,SEN,28829999.9237061
2001,Serbia,SRB,210220001.220703
2001,Seychelles,SYC,70000.0002980232
2001,Sierra Leone,SLE,26360000.6103516
2001,Slovak Republic,SVK,3049999.95231628
2001,Slovenia,SVN,660000.026226044
2001,Solomon Islands,SLB,70000.0002980232
2001,"Somalia, Fed. Rep.",SOM,17780000.6866455
2001,South Africa,ZAF,85849998.4741211
2001,Sri Lanka,LKA,-9689999.5803833
2001,St. Kitts and Nevis,KNA,-469999.998807907
2001,St. Lucia,LCA,150000.005960464
2001,St. Vincent and the Grenadines,VCT,-170000.001788139
2001,Sudan,SDN,17489999.7711182
2001,Suriname,SUR,810000.002384186
2001,Syrian Arab Republic,SYR,19999.9995529652
2001,Tajikistan,TJK,40409999.8474121
2001,Tanzania,TZA,25909999.8474121
2001,Thailand,THA,24649999.6185303
2001,Timor-Leste,TLS,4269999.98092651
2001,Togo,TGO,2299999.95231628
2001,Tonga,TON,1190000.05722046
2001,Trinidad and Tobago,TTO,1169999.95708466
2001,Tunisia,TUN,-18760000.2288818
2001,Turkiye,TUR,-59509998.3215332
2001,Turkmenistan,TKM,14119999.8855591
2001,Turks and Caicos Islands,TCA,39999.9991059303
2001,Uganda,UGA,66480003.3569336
2001,Uruguay,URY,-1669999.95708466
2001,Uzbekistan,UZB,50240001.6784668
2001,Vanuatu,VUT,889999.985694885
2001,"Venezuela, RB",VEN,10609999.6566772
2001,Viet Nam,VNM,8670000.07629395
2001,West Bank and Gaza,PSE,84290000.9155273
2001,"Yemen, Rep.",YEM,28489999.7711182
2001,Zambia,ZMB,29040000.9155273
2001,Zimbabwe,ZWE,15970000.2670288
2002,Afghanistan,AFG,367609985.351563
2002,Albania,ALB,61790000.9155273
2002,Algeria,DZA,5159999.84741211
2002,Angola,AGO,105610000.610352
2002,Antigua and Barbuda,ATG,-59999.9986588955
2002,Argentina,ARG,1610000.01430511
2002,Armenia,ARM,114300003.051758
2002,Azerbaijan,AZE,61529998.7792969
2002,Bangladesh,BGD,72139999.3896484
2002,Barbados,BRB,629999.995231628
2002,Belize,BLZ,-4500000.0
2002,Benin,BEN,23379999.1607666
2002,Bhutan,BTN,730000.019073486
2002,Bolivia,BOL,127699996.948242
2002,Bosnia and Herzegovina,BIH,75779998.7792969
2002,Botswana,BWA,22389999.3896484
2002,Brazil,BRA,-37139999.3896484
2002,Bulgaria,BGR,47529998.7792969
2002,Burkina Faso,BFA,16219999.3133545
2002,Burundi,BDI,21170000.0762939
2002,Cabo Verde,CPV,5010000.22888184
2002,Cambodia,KHM,44400001.5258789
2002,Cameroon,CMR,13100000.3814697
2002,Central African Republic,CAF,829999.983310699
2002,Chad,TCD,7010000.22888184
2002,Chile,CHL,-18440000.5340576
2002,China,CHN,16989999.7711182
2002,Colombia,COL,306260009.765625
2002,Comoros,COM,9999.99977648258
2002,"Congo, Dem. Rep.",COD,79989997.8637695
2002,"Congo, Rep.",COG,5889999.8664856
2002,Costa Rica,CRI,-23729999.5422363
2002,Cote d'Ivoire,CIV,53060001.373291
2002,Croatia,HRV,49529998.7792969
2002,Cuba,CUB,4550000.19073486
2002,Czechia,CZE,2490000.00953674
2002,Djibouti,DJI,2869999.88555908
2002,Dominica,DMA,29999.9993294477
2002,Dominican Republic,DOM,15710000.038147
2002,Ecuador,ECU,65029998.7792969
2002,"Egypt, Arab Rep.",EGY,845849975.585938
2002,El Salvador,SLV,62009998.3215332
2002,Equatorial Guinea,GNQ,79999.9982118607
2002,Eritrea,ERI,44939998.626709
2002,Estonia,EST,-7719999.79019165
2002,Eswatini,SWZ,-180000.007152557
2002,Ethiopia,ETH,156429992.675781
2002,Fiji,FJI,100000.001490116
2002,Gabon,GAB,2259999.99046326
2002,"Gambia, The",GMB,2809999.94277954
2002,Georgia,GEO,133309997.558594
2002,Ghana,GHA,68870002.746582
2002,Grenada,GRD,19999.9995529652
2002,Guatemala,GTM,64730003.3569336
2002,Guinea,GIN,47650001.5258789
2002,Guinea-Bissau,GNB,3750000.0
2002,Guyana,GUY,11510000.2288818
2002,Haiti,HTI,69879997.253418
2002,Honduras,HND,97250000.0
2002,Hungary,HUN,1879999.99523163
2002,India,IND,-3789999.96185303
2002,Indonesia,IDN,225750000.0
2002,"Iran, Islamic Rep.",IRN,230000.004172325
2002,Iraq,IRQ,39999.9991059303
2002,Jamaica,JAM,-10989999.7711182
2002,Jordan,JOR,286809997.558594
2002,Kazakhstan,KAZ,74010002.1362305
2002,Kenya,KEN,102430000.305176
2002,Kiribati,KIR,980000.019073486
2002,"Korea, Dem. People's Rep.",PRK,131169998.168945
2002,Kyrgyz Republic,KGZ,51659999.8474121
2002,Lao PDR,LAO,8529999.73297119
2002,Latvia,LVA,810000.002384186
2002,Lebanon,LBN,36180000.3051758
2002,Lesotho,LSO,5989999.77111816
2002,Liberia,LBR,15079999.9237061
2002,Lithuania,LTU,-1509999.99046326
2002,Madagascar,MDG,41669998.1689453
2002,Malawi,MWI,61150001.5258789
2002,Malaysia,MYS,1100000.02384186
2002,Maldives,MDV,-90000.0035762787
2002,Mali,MLI,49229999.5422363
2002,Malta,MLT,-170000.001788139
2002,Marshall Islands,MHL,49470001.2207031
2002,Mauritania,MRT,5500000.0
2002,Mauritius,MUS,150000.005960464
2002,Mexico,MEX,83970001.2207031
2002,"Micronesia, Fed. Sts.",FSM,98930000.3051758
2002,Moldova,MDA,56909999.8474121
2002,Mongolia,MNG,20430000.3051758
2002,Morocco,MAR,-13319999.6948242
2002,Mozambique,MOZ,159679992.675781
2002,Myanmar,MMR,4820000.17166138
2002,Namibia,NAM,17030000.6866455
2002,Nepal,NPL,32599998.4741211
2002,Nicaragua,NIC,66720001.2207031
2002,Niger,NER,16270000.4577637
2002,Nigeria,NGA,76080001.8310547
2002,North Macedonia,MKD,50520000.4577637
2002,Oman,OMN,-4869999.88555908
2002,Pakistan,PAK,208979995.727539
2002,Palau,PLW,13930000.3051758
2002,Panama,PAN,5989999.77111816
2002,Papua New Guinea,PNG,180000.007152557
2002,Paraguay,PRY,11239999.7711182
2002,Peru,PER,143619995.117188
2002,Philippines,PHL,78620002.746582
2002,Poland,POL,3119999.88555908
2002,Romania,ROU,54689998.626709
2002,Russian Federation,RUS,858780029.296875
2002,Rwanda,RWA,46369998.9318848
2002,Samoa,WSM,1419999.95708466
2002,Sao Tome and Principe,STP,70000.0002980232
2002,Senegal,SEN,37069999.6948242
2002,Serbia,SRB,495369995.117188
2002,Seychelles,SYC,19999.9995529652
2002,Sierra Leone,SLE,70120002.746582
2002,Slovak Republic,SVK,4849999.90463257
2002,Slovenia,SVN,300000.011920929
2002,Solomon Islands,SLB,59999.9986588955
2002,"Somalia, Fed. Rep.",SOM,35369998.9318848
2002,South Africa,ZAF,89440002.4414063
2002,Sri Lanka,LKA,-11020000.4577637
2002,St. Kitts and Nevis,KNA,-389999.985694885
2002,St. Lucia,LCA,239999.994635582
2002,St. Vincent and the Grenadines,VCT,9999.99977648258
2002,Sudan,SDN,119580001.831055
2002,Suriname,SUR,-1019999.98092651
2002,Tajikistan,TJK,75879997.253418
2002,Tanzania,TZA,85379997.253418
2002,Thailand,THA,36439998.626709
2002,Timor-Leste,TLS,27450000.7629395
2002,Togo,TGO,6650000.09536743
2002,Tonga,TON,1149999.97615814
2002,Trinidad and Tobago,TTO,610000.014305115
2002,Tunisia,TUN,-20760000.2288818
2002,Turkiye,TUR,144529998.779297
2002,Turkmenistan,TKM,12140000.3433228
2002,Turks and Caicos Islands,TCA,9999.99977648258
2002,Uganda,UGA,109349998.474121
2002,Uruguay,URY,-1740000.00953674
2002,Uzbekistan,UZB,74269996.6430664
2002,Vanuatu,VUT,1059999.94277954
2002,"Venezuela, RB",VEN,10930000.3051758
2002,Viet Nam,VNM,14649999.6185303
2002,West Bank and Gaza,PSE,138100006.103516
2002,"Yemen, Rep.",YEM,24079999.9237061
2002,Zambia,ZMB,48290000.9155273
2002,Zimbabwe,ZWE,47040000.9155273
2003,Afghanistan,AFG,485790008.544922
2003,Albania,ALB,39990001.6784668
2003,Algeria,DZA,3220000.02861023
2003,Angola,AGO,152910003.662109
2003,Antigua and Barbuda,ATG,-170000.001788139
2003,Argentina,ARG,10369999.8855591
2003,Armenia,ARM,74190002.4414063
2003,Azerbaijan,AZE,49270000.4577637
2003,Bahrain,BHR,59999.9986588955
2003,Bangladesh,BGD,56610000.6103516
2003,Barbados,BRB,730000.019073486
2003,Belize,BLZ,1000000.0
2003,Benin,BEN,32470001.2207031
2003,Bhutan,BTN,1220000.02861023
2003,Bolivia,BOL,248320007.324219
2003,Bosnia and Herzegovina,BIH,68739997.8637695
2003,Botswana,BWA,13279999.7329712
2003,Brazil,BRA,-56080001.8310547
2003,Bulgaria,BGR,44619998.9318848
2003,Burkina Faso,BFA,14130000.1144409
2003,Burundi,BDI,49020000.4577637
2003,Cabo Verde,CPV,5650000.09536743
2003,Cambodia,KHM,51220001.2207031
2003,Cameroon,CMR,16870000.8392334
2003,Central African Republic,CAF,319999.992847443
2003,Chad,TCD,7969999.79019165
2003,Chile,CHL,-3019999.98092651
2003,China,CHN,25629999.1607666
2003,Colombia,COL,670849975.585938
2003,Comoros,COM,19999.9995529652
2003,"Congo, Dem. Rep.",COD,1415449951.17188
2003,"Congo, Rep.",COG,4750000.0
2003,Costa Rica,CRI,-21020000.4577637
2003,Cote d'Ivoire,CIV,62590000.1525879
2003,Croatia,HRV,45970001.2207031
2003,Cuba,CUB,10170000.0762939
2003,Czechia,CZE,1570000.05245209
2003,Djibouti,DJI,4119999.88555908
2003,Dominican Republic,DOM,-6260000.22888184
2003,Ecuador,ECU,72589996.3378906
2003,"Egypt, Arab Rep.",EGY,441760009.765625
2003,El Salvador,SLV,72919998.1689453
2003,Equatorial Guinea,GNQ,230000.004172325
2003,Eritrea,ERI,91739997.8637695
2003,Estonia,EST,639999.985694885
2003,Eswatini,SWZ,980000.019073486
2003,Ethiopia,ETH,567799987.792969
2003,Fiji,FJI,930000.007152557
2003,Gabon,GAB,3480000.01907349
2003,"Gambia, The",GMB,3779999.97138977
2003,Georgia,GEO,74949996.9482422
2003,Ghana,GHA,83930000.3051758
2003,Grenada,GRD,9999.99977648258
2003,Guatemala,GTM,67940002.4414063
2003,Guinea,GIN,44369998.9318848
2003,Guinea-Bissau,GNB,2369999.88555908
2003,Guyana,GUY,8390000.34332275
2003,Haiti,HTI,94739997.8637695
2003,Honduras,HND,70110000.6103516
2003,Hungary,HUN,1490000.00953674
2003,India,IND,35979999.5422363
2003,Indonesia,IDN,210880004.882813
2003,"Iran, Islamic Rep.",IRN,529999.971389771
2003,Iraq,IRQ,1549329956.05469
2003,Jamaica,JAM,1179999.94754791
2003,Jordan,JOR,948440002.441406
2003,Kazakhstan,KAZ,47810001.373291
2003,Kenya,KEN,111220001.220703
2003,Kiribati,KIR,870000.004768372
2003,"Korea, Dem. People's Rep.",PRK,42900001.5258789
2003,Kyrgyz Republic,KGZ,40060001.373291
2003,Lao PDR,LAO,6800000.19073486
2003,Latvia,LVA,1450000.04768372
2003,Lebanon,LBN,29600000.3814697
2003,Lesotho,LSO,2660000.08583069
2003,Liberia,LBR,30209999.0844727
2003,Lithuania,LTU,-1580000.04291534
2003,Madagascar,MDG,43180000.3051758
2003,Malawi,MWI,59509998.3215332
2003,Malaysia,MYS,2579999.92370605
2003,Maldives,MDV,-90000.0035762787
2003,Mali,MLI,56020000.4577637
2003,Marshall Islands,MHL,47220001.2207031
2003,Mauritania,MRT,27719999.3133545
2003,Mauritius,MUS,159999.996423721
2003,Mexico,MEX,57490001.6784668
2003,"Micronesia, Fed. Sts.",FSM,99860000.6103516
2003,Moldova,MDA,41700000.7629395
2003,Mongolia,MNG,16079999.9237061
2003,Morocco,MAR,-9789999.96185303
2003,Mozambique,MOZ,135399993.896484
2003,Myanmar,MMR,5559999.94277954
2003,Namibia,NAM,29200000.7629395
2003,Nepal,NPL,37799999.2370605
2003,Nicaragua,NIC,69629997.253418
2003,Niger,NER,16129999.1607666
2003,Nigeria,NGA,98720001.2207031
2003,North Macedonia,MKD,69839996.3378906
2003,Oman,OMN,-5639999.8664856
2003,Pakistan,PAK,102279998.779297
2003,Palau,PLW,14000000.0
2003,Panama,PAN,10489999.7711182
2003,Paraguay,PRY,12170000.0762939
2003,Peru,PER,204360000.610352
2003,Philippines,PHL,55290000.9155273
2003,Poland,POL,860000.014305115
2003,Qatar,QAT,50000.0007450581
2003,Romania,ROU,40930000.3051758
2003,Russian Federation,RUS,643799987.792969
2003,Rwanda,RWA,52580001.8310547
2003,Samoa,WSM,1210000.03814697
2003,Sao Tome and Principe,STP,29999.9993294477
2003,Saudi Arabia,SAU,119999.997317791
2003,Senegal,SEN,48110000.6103516
2003,Serbia,SRB,209710006.713867
2003,Seychelles,SYC,39999.9991059303
2003,Sierra Leone,SLE,58790000.9155273
2003,Slovak Republic,SVK,3900000.09536743
2003,Solomon Islands,SLB,70000.0002980232
2003,"Somalia, Fed. Rep.",SOM,33750000.0
2003,South Africa,ZAF,106180000.305176
2003,Sri Lanka,LKA,-8550000.19073486
2003,St. Kitts and Nevis,KNA,-620000.004768372
2003,St. Vincent and the Grenadines,VCT,-119999.997317791
2003,Sudan,SDN,175410003.662109
2003,Suriname,SUR,569999.992847443
2003,Syrian Arab Republic,SYR,50000.0007450581
2003,Tajikistan,TJK,47099998.4741211
2003,Tanzania,TZA,75160003.6621094
2003,Thailand,THA,27100000.3814697
2003,Timor-Leste,TLS,22719999.3133545
2003,Togo,TGO,5500000.0
2003,Tonga,TON,980000.019073486
2003,Trinidad and Tobago,TTO,200000.002980232
2003,Tunisia,TUN,-17200000.7629395
2003,Turkiye,TUR,-43389999.3896484
2003,Turkmenistan,TKM,6510000.22888184
2003,Uganda,UGA,174020004.272461
2003,Uruguay,URY,-1899999.97615814
2003,Uzbekistan,UZB,68360000.6103516
2003,Vanuatu,VUT,1210000.03814697
2003,"Venezuela, RB",VEN,12000000.0
2003,Viet Nam,VNM,33729999.5422363
2003,West Bank and Gaza,PSE,194100006.103516
2003,"Yemen, Rep.",YEM,22700000.7629395
2003,Zambia,ZMB,63599998.4741211
2003,Zimbabwe,ZWE,34959999.0844727
2004,Afghanistan,AFG,778289978.027344
2004,Albania,ALB,40310001.373291
2004,Algeria,DZA,3789999.96185303
2004,Angola,AGO,121290000.915527
2004,Antigua and Barbuda,ATG,-180000.007152557
2004,Argentina,ARG,1820000.05245209
2004,Armenia,ARM,73139999.3896484
2004,Azerbaijan,AZE,47580001.8310547
2004,Bangladesh,BGD,62849998.4741211
2004,Barbados,BRB,930000.007152557
2004,Belize,BLZ,1080000.04291534
2004,Benin,BEN,27940000.5340576
2004,Bolivia,BOL,137559997.558594
2004,Bosnia and Herzegovina,BIH,61919998.1689453
2004,Botswana,BWA,21139999.3896484
2004,Brazil,BRA,-57459999.0844727
2004,Bulgaria,BGR,38880001.0681152
2004,Burkina Faso,BFA,17629999.1607666
2004,Burundi,BDI,43790000.9155273
2004,Cabo Verde,CPV,6690000.05722046
2004,Cambodia,KHM,48139999.3896484
2004,Cameroon,CMR,17200000.7629395
2004,Cayman Islands,CYM,239999.994635582
2004,Central African Republic,CAF,11949999.8092651
2004,Chad,TCD,47439998.626709
2004,Chile,CHL,-1740000.00953674
2004,China,CHN,21489999.7711182
2004,Colombia,COL,375559997.558594
2004,"Congo, Dem. Rep.",COD,189630004.882813
2004,"Congo, Rep.",COG,349999.994039536
2004,Costa Rica,CRI,-15050000.1907349
2004,Cote d'Ivoire,CIV,31750000.0
2004,Croatia,HRV,45900001.5258789
2004,Cuba,CUB,10550000.1907349
2004,Czechia,CZE,660000.026226044
2004,Djibouti,DJI,6150000.09536743
2004,Dominican Republic,DOM,-4099999.90463257
2004,Ecuador,ECU,74480003.3569336
2004,"Egypt, Arab Rep.",EGY,704469970.703125
2004,El Salvador,SLV,114760002.13623
2004,Equatorial Guinea,GNQ,29999.9993294477
2004,Eritrea,ERI,95010002.1362305
2004,Estonia,EST,2859999.89509583
2004,Eswatini,SWZ,1230000.01907349
2004,Ethiopia,ETH,402299987.792969
2004,Fiji,FJI,1620000.00476837
2004,Gabon,GAB,2880000.11444092
2004,"Gambia, The",GMB,3220000.02861023
2004,Georgia,GEO,92260002.1362305
2004,Ghana,GHA,80410003.6621094
2004,Grenada,GRD,370000.004768372
2004,Guatemala,GTM,53540000.9155273
2004,Guinea,GIN,47650001.5258789
2004,Guinea-Bissau,GNB,109999.999403954
2004,Guyana,GUY,19709999.0844727
2004,Haiti,HTI,91230003.3569336
2004,Honduras,HND,112080001.831055
2004,Hungary,HUN,1509999.99046326
2004,India,IND,50509998.3215332
2004,Indonesia,IDN,68870002.746582
2004,"Iran, Islamic Rep.",IRN,4750000.0
2004,Iraq,IRQ,3021989990.23438
2004,Jamaica,JAM,11640000.3433228
2004,Jordan,JOR,373970001.220703
2004,Kazakhstan,KAZ,56389999.3896484
2004,Kenya,KEN,140869995.117188
2004,Kiribati,KIR,1320000.05245209
2004,"Korea, Dem. People's Rep.",PRK,55709999.0844727
2004,Kyrgyz Republic,KGZ,39900001.5258789
2004,Lao PDR,LAO,3519999.98092651
2004,Latvia,LVA,2769999.98092651
2004,Lebanon,LBN,28829999.9237061
2004,Lesotho,LSO,3970000.02861023
2004,Liberia,LBR,102510002.13623
2004,Lithuania,LTU,1580000.04291534
2004,Madagascar,MDG,40680000.3051758
2004,Malawi,MWI,56750000.0
2004,Malaysia,MYS,1100000.02384186
2004,Maldives,MDV,-90000.0035762787
2004,Mali,MLI,45500000.0
2004,Marshall Islands,MHL,42590000.1525879
2004,Mauritania,MRT,11010000.2288818
2004,Mauritius,MUS,250000.0
2004,Mexico,MEX,42770000.4577637
2004,"Micronesia, Fed. Sts.",FSM,77550003.0517578
2004,Moldova,MDA,32759998.3215332
2004,Mongolia,MNG,25899999.6185303
2004,Morocco,MAR,-10329999.9237061
2004,Mozambique,MOZ,109959999.084473
2004,Myanmar,MMR,5679999.82833862
2004,Namibia,NAM,34319999.6948242
2004,Nepal,NPL,35369998.9318848
2004,Nicaragua,NIC,69650001.5258789
2004,Niger,NER,19319999.6948242
2004,Nigeria,NGA,120150001.525879
2004,North Macedonia,MKD,53080001.8310547
2004,Oman,OMN,-4989999.77111816
2004,Pakistan,PAK,76910003.6621094
2004,Palau,PLW,14140000.3433228
2004,Panama,PAN,9329999.92370605
2004,Papua New Guinea,PNG,109999.999403954
2004,Paraguay,PRY,14829999.9237061
2004,Peru,PER,177910003.662109
2004,Philippines,PHL,79449996.9482422
2004,Poland,POL,-819999.992847443
2004,Romania,ROU,38000000.0
2004,Russian Federation,RUS,716419982.910156
2004,Rwanda,RWA,50319999.6948242
2004,Samoa,WSM,1289999.96185303
2004,Sao Tome and Principe,STP,879999.995231628
2004,Saudi Arabia,SAU,90000.0035762787
2004,Senegal,SEN,49790000.9155273
2004,Serbia,SRB,181229995.727539
2004,Sierra Leone,SLE,30059999.4659424
2004,Slovak Republic,SVK,1090000.0333786
2004,Solomon Islands,SLB,29999.9993294477
2004,"Somalia, Fed. Rep.",SOM,31920000.0762939
2004,South Africa,ZAF,94660003.6621094
2004,Sri Lanka,LKA,-3369999.88555908
2004,St. Kitts and Nevis,KNA,-670000.016689301
2004,St. Vincent and the Grenadines,VCT,-119999.997317791
2004,Sudan,SDN,377609985.351563
2004,Suriname,SUR,1309999.94277954
2004,Syrian Arab Republic,SYR,29999.9993294477
2004,Tajikistan,TJK,47500000.0
2004,Tanzania,TZA,89489997.8637695
2004,Thailand,THA,10109999.6566772
2004,Timor-Leste,TLS,27190000.5340576
2004,Togo,TGO,3549999.95231628
2004,Tonga,TON,1090000.0333786
2004,Trinidad and Tobago,TTO,1789999.96185303
2004,Tunisia,TUN,-15670000.0762939
2004,Turkiye,TUR,-29680000.3051758
2004,Turkmenistan,TKM,6539999.96185303
2004,Uganda,UGA,207710006.713867
2004,Uruguay,URY,-1639999.98569489
2004,Uzbekistan,UZB,61240001.6784668
2004,Vanuatu,VUT,1779999.97138977
2004,"Venezuela, RB",VEN,9000000.0
2004,Viet Nam,VNM,30489999.7711182
2004,West Bank and Gaza,PSE,273859985.351563
2004,"Yemen, Rep.",YEM,43290000.9155273
2004,Zambia,ZMB,81769996.6430664
2004,Zimbabwe,ZWE,30440000.5340576
2005,Afghanistan,AFG,1318300048.82813
2005,Albania,ALB,36029998.7792969
2005,Algeria,DZA,1049999.95231628
2005,Angola,AGO,67239997.8637695
2005,Antigua and Barbuda,ATG,-170000.001788139
2005,Argentina,ARG,1360000.01430511
2005,Armenia,ARM,53259998.3215332
2005,Azerbaijan,AZE,42799999.2370605
2005,Bangladesh,BGD,49150001.5258789
2005,Barbados,BRB,1460000.03814697
2005,Belarus,BLR,1809999.94277954
2005,Belize,BLZ,939999.997615814
2005,Benin,BEN,24409999.8474121
2005,Bolivia,BOL,139610000.610352
2005,Bosnia and Herzegovina,BIH,49459999.0844727
2005,Botswana,BWA,17959999.0844727
2005,Brazil,BRA,-25930000.3051758
2005,Burkina Faso,BFA,20110000.6103516
2005,Burundi,BDI,54790000.9155273
2005,Cabo Verde,CPV,12149999.6185303
2005,Cambodia,KHM,70360000.6103516
2005,Cameroon,CMR,13750000.0
2005,Central African Republic,CAF,17469999.3133545
2005,Chad,TCD,60849998.4741211
2005,Chile,CHL,-119999.997317791
2005,China,CHN,23170000.0762939
2005,Colombia,COL,448940002.441406
2005,Comoros,COM,29999.9993294477
2005,"Congo, Dem. Rep.",COD,143639999.389648
2005,"Congo, Rep.",COG,15069999.6948242
2005,Costa Rica,CRI,-12010000.2288818
2005,Cote d'Ivoire,CIV,23770000.4577637
2005,Croatia,HRV,22889999.3896484
2005,Cuba,CUB,9840000.15258789
2005,Djibouti,DJI,7570000.17166138
2005,Dominican Republic,DOM,18920000.0762939
2005,Ecuador,ECU,71330001.8310547
2005,"Egypt, Arab Rep.",EGY,401760009.765625
2005,El Salvador,SLV,47020000.4577637
2005,Equatorial Guinea,GNQ,189999.997615814
2005,Eritrea,ERI,141500000.0
2005,Eswatini,SWZ,1679999.94754791
2005,Ethiopia,ETH,608609985.351563
2005,Fiji,FJI,939999.997615814
2005,Gabon,GAB,1789999.96185303
2005,"Gambia, The",GMB,1990000.00953674
2005,Georgia,GEO,72050003.0517578
2005,Ghana,GHA,66900001.5258789
2005,Grenada,GRD,7110000.1335144
2005,Guatemala,GTM,38360000.6103516
2005,Guinea,GIN,43599998.4741211
2005,Guinea-Bissau,GNB,1379999.99523163
2005,Guyana,GUY,17600000.3814697
2005,Haiti,HTI,140600006.103516
2005,Honduras,HND,88379997.253418
2005,India,IND,57130001.0681152
2005,Indonesia,IDN,155639999.389648
2005,"Iran, Islamic Rep.",IRN,3789999.96185303
2005,Iraq,IRQ,11227790039.0625
2005,Jamaica,JAM,17770000.4577637
2005,Jordan,JOR,353329986.572266
2005,Kazakhstan,KAZ,51580001.8310547
2005,Kenya,KEN,153259994.506836
2005,Kiribati,KIR,839999.973773956
2005,"Korea, Dem. People's Rep.",PRK,7909999.84741211
2005,Kyrgyz Republic,KGZ,40759998.3215332
2005,Lao PDR,LAO,7360000.1335144
2005,Lebanon,LBN,38299999.2370605
2005,Lesotho,LSO,2720000.02861023
2005,Liberia,LBR,86349998.4741211
2005,Libya,LBY,129999.995231628
2005,Madagascar,MDG,80599998.4741211
2005,Malawi,MWI,56340000.1525879
2005,Malaysia,MYS,1179999.94754791
2005,Maldives,MDV,1090000.0333786
2005,Mali,MLI,56849998.4741211
2005,Marshall Islands,MHL,44409999.8474121
2005,Mauritania,MRT,20020000.4577637
2005,Mauritius,MUS,680000.007152557
2005,Mexico,MEX,128399993.896484
2005,"Micronesia, Fed. Sts.",FSM,94080001.8310547
2005,Moldova,MDA,30090000.1525879
2005,Mongolia,MNG,18530000.6866455
2005,Morocco,MAR,-14909999.8474121
2005,Mozambique,MOZ,85360000.6103516
2005,Myanmar,MMR,4110000.1335144
2005,Namibia,NAM,28870000.8392334
2005,Nepal,NPL,52049999.2370605
2005,Nicaragua,NIC,102610000.610352
2005,Niger,NER,29200000.7629395
2005,Nigeria,NGA,98959999.0844727
2005,North Macedonia,MKD,43659999.8474121
2005,Oman,OMN,-1440000.05722046
2005,Pakistan,PAK,323070007.324219
2005,Palau,PLW,13100000.3814697
2005,Panama,PAN,7500000.0
2005,Papua New Guinea,PNG,29999.9993294477
2005,Paraguay,PRY,9149999.61853027
2005,Peru,PER,155190002.441406
2005,Philippines,PHL,96760002.1362305
2005,Rwanda,RWA,57130001.0681152
2005,Samoa,WSM,839999.973773956
2005,Sao Tome and Principe,STP,140000.000596046
2005,Saudi Arabia,SAU,419999.986886978
2005,Senegal,SEN,44729999.5422363
2005,Serbia,SRB,185710006.713867
2005,Seychelles,SYC,9999.99977648258
2005,Sierra Leone,SLE,21850000.3814697
2005,Solomon Islands,SLB,19999.9995529652
2005,"Somalia, Fed. Rep.",SOM,36950000.7629395
2005,South Africa,ZAF,116779998.779297
2005,Sri Lanka,LKA,59139999.3896484
2005,St. Kitts and Nevis,KNA,-699999.988079071
2005,St. Vincent and the Grenadines,VCT,-100000.001490116
2005,Sudan,SDN,759039978.027344
2005,Suriname,SUR,860000.014305115
2005,Syrian Arab Republic,SYR,360000.014305115
2005,Tajikistan,TJK,56430000.3051758
2005,Tanzania,TZA,93690002.4414063
2005,Thailand,THA,20719999.3133545
2005,Timor-Leste,TLS,19899999.6185303
2005,Togo,TGO,2980000.01907349
2005,Tonga,TON,740000.009536743
2005,Trinidad and Tobago,TTO,519999.980926514
2005,Tunisia,TUN,-15140000.3433228
2005,Turkiye,TUR,-14500000.0
2005,Turkmenistan,TKM,9609999.65667725
2005,Uganda,UGA,228820007.324219
2005,Ukraine,UKR,99430000.3051758
2005,Uruguay,URY,-1539999.96185303
2005,Uzbekistan,UZB,34970001.2207031
2005,Vanuatu,VUT,1519999.98092651
2005,"Venezuela, RB",VEN,8960000.03814697
2005,Viet Nam,VNM,28139999.3896484
2005,West Bank and Gaza,PSE,180559997.558594
2005,"Yemen, Rep.",YEM,15859999.6566772
2005,Zambia,ZMB,110790000.915527
2005,Zimbabwe,ZWE,41650001.5258789
2006,Afghanistan,AFG,1403709960.9375
2006,Albania,ALB,40580001.8310547
2006,Algeria,DZA,759999.990463257
2006,Angola,AGO,32849998.4741211
2006,Antigua and Barbuda,ATG,-189999.997615814
2006,Argentina,ARG,1970000.02861023
2006,Armenia,ARM,64879997.253418
2006,Azerbaijan,AZE,56540000.9155273
2006,Bangladesh,BGD,41770000.4577637
2006,Barbados,BRB,2380000.11444092
2006,Belarus,BLR,4360000.1335144
2006,Belize,BLZ,1029999.97138977
2006,Benin,BEN,20270000.4577637
2006,Bhutan,BTN,79999.9982118607
2006,Bolivia,BOL,193089996.337891
2006,Bosnia and Herzegovina,BIH,66040000.9155273
2006,Botswana,BWA,24750000.0
2006,Brazil,BRA,-67860000.6103516
2006,Burkina Faso,BFA,21899999.6185303
2006,Burundi,BDI,46580001.8310547
2006,Cabo Verde,CPV,7090000.15258789
2006,Cambodia,KHM,57869998.9318848
2006,Cameroon,CMR,13550000.1907349
2006,Central African Republic,CAF,20950000.7629395
2006,Chad,TCD,37159999.8474121
2006,Chile,CHL,-310000.002384186
2006,China,CHN,18870000.8392334
2006,Colombia,COL,719750000.0
2006,Comoros,COM,9999.99977648258
2006,"Congo, Dem. Rep.",COD,838469970.703125
2006,"Congo, Rep.",COG,8979999.54223633
2006,Costa Rica,CRI,-9600000.38146973
2006,Cote d'Ivoire,CIV,30920000.0762939
2006,Croatia,HRV,30940000.5340576
2006,Cuba,CUB,13949999.8092651
2006,Djibouti,DJI,10199999.8092651
2006,Dominica,DMA,59999.9986588955
2006,Dominican Republic,DOM,30260000.2288818
2006,Ecuador,ECU,70139999.3896484
2006,"Egypt, Arab Rep.",EGY,195600006.103516
2006,El Salvador,SLV,24540000.9155273
2006,Equatorial Guinea,GNQ,59999.9986588955
2006,Eritrea,ERI,6559999.94277954
2006,Eswatini,SWZ,1850000.02384186
2006,Ethiopia,ETH,315779998.779297
2006,Fiji,FJI,1340000.0333786
2006,Gabon,GAB,1129999.99523163
2006,"Gambia, The",GMB,4650000.09536743
2006,Georgia,GEO,103239997.86377
2006,Ghana,GHA,68419998.1689453
2006,Grenada,GRD,1750000.0
2006,Guatemala,GTM,67250000.0
2006,Guinea,GIN,34849998.4741211
2006,Guinea-Bissau,GNB,5539999.96185303
2006,Guyana,GUY,23549999.2370605
2006,Haiti,HTI,190710006.713867
2006,Honduras,HND,84099998.4741211
2006,India,IND,96839996.3378906
2006,Indonesia,IDN,190100006.103516
2006,"Iran, Islamic Rep.",IRN,2299999.95231628
2006,Iraq,IRQ,4781819824.21875
2006,Jamaica,JAM,9380000.11444092
2006,Jordan,JOR,329500000.0
2006,Kazakhstan,KAZ,51500000.0
2006,Kenya,KEN,282380004.882813
2006,Kiribati,KIR,769999.980926514
2006,"Korea, Dem. People's Rep.",PRK,400000.005960464
2006,Kyrgyz Republic,KGZ,50319999.6948242
2006,Lao PDR,LAO,4269999.98092651
2006,Lebanon,LBN,91370002.746582
2006,Lesotho,LSO,3230000.01907349
2006,Liberia,LBR,88389999.3896484
2006,Libya,LBY,25110000.6103516
2006,Madagascar,MDG,61130001.0681152
2006,Malawi,MWI,64019996.6430664
2006,Malaysia,MYS,3150000.09536743
2006,Maldives,MDV,370000.004768372
2006,Mali,MLI,65000000.0
2006,Marshall Islands,MHL,51000000.0
2006,Mauritania,MRT,12180000.3051758
2006,Mauritius,MUS,370000.004768372
2006,Mexico,MEX,153520004.272461
2006,"Micronesia, Fed. Sts.",FSM,98580001.8310547
2006,Moldova,MDA,23889999.3896484
2006,Mongolia,MNG,12420000.0762939
2006,Montenegro,MNE,22270000.4577637
2006,Morocco,MAR,-6530000.20980835
2006,Mozambique,MOZ,108849998.474121
2006,Myanmar,MMR,10939999.5803833
2006,Namibia,NAM,50560001.373291
2006,Nepal,NPL,61529998.7792969
2006,Nicaragua,NIC,67529998.7792969
2006,Niger,NER,30559999.4659424
2006,Nigeria,NGA,787239990.234375
2006,North Macedonia,MKD,39150001.5258789
2006,Oman,OMN,-17120000.8392334
2006,Pakistan,PAK,477720001.220703
2006,Palau,PLW,27000000.0
2006,Panama,PAN,18729999.5422363
2006,Papua New Guinea,PNG,180000.007152557
2006,Paraguay,PRY,17629999.1607666
2006,Peru,PER,187259994.506836
2006,Philippines,PHL,97819999.6948242
2006,Rwanda,RWA,77589996.3378906
2006,Samoa,WSM,750000.0
2006,Sao Tome and Principe,STP,460000.00834465
2006,Saudi Arabia,SAU,680000.007152557
2006,Senegal,SEN,37720001.2207031
2006,Serbia,SRB,147000000.0
2006,Seychelles,SYC,109999.999403954
2006,Sierra Leone,SLE,21030000.6866455
2006,Solomon Islands,SLB,9999.99977648258
2006,"Somalia, Fed. Rep.",SOM,95220001.2207031
2006,South Africa,ZAF,140500000.0
2006,Sri Lanka,LKA,29180000.3051758
2006,St. Kitts and Nevis,KNA,-730000.019073486
2006,St. Lucia,LCA,50000.0007450581
2006,St. Vincent and the Grenadines,VCT,-70000.0002980232
2006,Sudan,SDN,738780029.296875
2006,Suriname,SUR,1169999.95708466
2006,Syrian Arab Republic,SYR,639999.985694885
2006,Tajikistan,TJK,43610000.6103516
2006,Tanzania,TZA,121580001.831055
2006,Thailand,THA,24969999.3133545
2006,Timor-Leste,TLS,20639999.3896484
2006,Togo,TGO,2039999.96185303
2006,Tonga,TON,899999.976158142
2006,Trinidad and Tobago,TTO,180000.007152557
2006,Tunisia,TUN,-12750000.0
2006,Turkiye,TUR,-20120000.8392334
2006,Turkmenistan,TKM,3109999.89509583
2006,Uganda,UGA,246220001.220703
2006,Ukraine,UKR,130240005.493164
2006,Uruguay,URY,400000.005960464
2006,Uzbekistan,UZB,49150001.5258789
2006,Vanuatu,VUT,3230000.01907349
2006,"Venezuela, RB",VEN,9779999.73297119
2006,Viet Nam,VNM,45229999.5422363
2006,West Bank and Gaza,PSE,205529998.779297
2006,"Yemen, Rep.",YEM,31790000.9155273
2006,Zambia,ZMB,309910003.662109
2006,Zimbabwe,ZWE,36389999.3896484
2007,Afghanistan,AFG,1514280029.29688
2007,Albania,ALB,32119998.9318848
2007,Algeria,DZA,1690000.05722046
2007,Angola,AGO,39630001.0681152
2007,Antigua and Barbuda,ATG,-189999.997615814
2007,Argentina,ARG,7820000.17166138
2007,Armenia,ARM,79919998.1689453
2007,Azerbaijan,AZE,48979999.5422363
2007,Bangladesh,BGD,49139999.3896484
2007,Barbados,BRB,529999.971389771
2007,Belarus,BLR,8119999.88555908
2007,Belize,BLZ,2759999.99046326
2007,Benin,BEN,25329999.9237061
2007,Bolivia,BOL,122389999.389648
2007,Bosnia and Herzegovina,BIH,31610000.6103516
2007,Botswana,BWA,44840000.1525879
2007,Brazil,BRA,3849999.90463257
2007,Burkina Faso,BFA,21809999.4659424
2007,Burundi,BDI,25879999.1607666
2007,Cabo Verde,CPV,7099999.90463257
2007,Cambodia,KHM,87220001.2207031
2007,Cameroon,CMR,30649999.6185303
2007,Central African Republic,CAF,18379999.1607666
2007,Chad,TCD,59590000.1525879
2007,Chile,CHL,-1059999.94277954
2007,China,CHN,40799999.2370605
2007,Colombia,COL,403500000.0
2007,Comoros,COM,29999.9993294477
2007,"Congo, Dem. Rep.",COD,132440002.441406
2007,"Congo, Rep.",COG,9600000.38146973
2007,Costa Rica,CRI,-2890000.10490417
2007,Cote d'Ivoire,CIV,37029998.7792969
2007,Croatia,HRV,21139999.3896484
2007,Cuba,CUB,12390000.3433228
2007,Djibouti,DJI,10210000.038147
2007,Dominica,DMA,29999.9993294477
2007,Dominican Republic,DOM,4519999.98092651
2007,Ecuador,ECU,42659999.8474121
2007,"Egypt, Arab Rep.",EGY,462410003.662109
2007,El Salvador,SLV,39040000.9155273
2007,Equatorial Guinea,GNQ,29999.9993294477
2007,Eritrea,ERI,1610000.01430511
2007,Eswatini,SWZ,3480000.01907349
2007,Ethiopia,ETH,371730010.986328
2007,Fiji,FJI,1210000.03814697
2007,Gabon,GAB,1049999.95231628
2007,"Gambia, The",GMB,1659999.9666214
2007,Georgia,GEO,86779998.7792969
2007,Ghana,GHA,70660003.6621094
2007,Grenada,GRD,129999.995231628
2007,Guatemala,GTM,45709999.0844727
2007,Guinea,GIN,24739999.7711182
2007,Guinea-Bissau,GNB,6300000.19073486
2007,Guyana,GUY,21139999.3896484
2007,Haiti,HTI,202240005.493164
2007,Honduras,HND,71099998.4741211
2007,India,IND,84870002.746582
2007,Indonesia,IDN,117339996.337891
2007,"Iran, Islamic Rep.",IRN,2190000.05722046
2007,Iraq,IRQ,3749340087.89063
2007,Jamaica,JAM,-5539999.96185303
2007,Jordan,JOR,259510009.765625
2007,Kazakhstan,KAZ,77650001.5258789
2007,Kenya,KEN,325220001.220703
2007,Kiribati,KIR,709999.978542328
2007,"Korea, Dem. People's Rep.",PRK,32509998.3215332
2007,Kyrgyz Republic,KGZ,39819999.6948242
2007,Lao PDR,LAO,1399999.97615814
2007,Lebanon,LBN,127139999.389648
2007,Lesotho,LSO,19450000.7629395
2007,Liberia,LBR,102730003.356934
2007,Libya,LBY,4030000.20980835
2007,Madagascar,MDG,66900001.5258789
2007,Malawi,MWI,78980003.3569336
2007,Malaysia,MYS,2279999.97138977
2007,Maldives,MDV,-79999.9982118607
2007,Mali,MLI,54000000.0
2007,Marshall Islands,MHL,48130001.0681152
2007,Mauritania,MRT,10220000.2670288
2007,Mauritius,MUS,270000.010728836
2007,Mexico,MEX,83610000.6103516
2007,"Micronesia, Fed. Sts.",FSM,99580001.8310547
2007,Moldova,MDA,18940000.5340576
2007,Mongolia,MNG,12699999.8092651
2007,Montenegro,MNE,11689999.5803833
2007,Morocco,MAR,5489999.77111816
2007,Mozambique,MOZ,153380004.882813
2007,Myanmar,MMR,15350000.3814697
2007,Namibia,NAM,58830001.8310547
2007,Nepal,NPL,54029998.7792969
2007,Nicaragua,NIC,76529998.7792969
2007,Niger,NER,41279998.7792969
2007,Nigeria,NGA,240589996.337891
2007,North Macedonia,MKD,31250000.0
2007,Oman,OMN,7269999.98092651
2007,Pakistan,PAK,433570007.324219
2007,Palau,PLW,14100000.3814697
2007,Panama,PAN,7280000.20980835
2007,Papua New Guinea,PNG,779999.971389771
2007,Paraguay,PRY,24899999.6185303
2007,Peru,PER,94080001.8310547
2007,Philippines,PHL,84790000.9155273
2007,Rwanda,RWA,90760002.1362305
2007,Samoa,WSM,1019999.98092651
2007,Sao Tome and Principe,STP,230000.004172325
2007,Saudi Arabia,SAU,150000.005960464
2007,Senegal,SEN,39240001.6784668
2007,Serbia,SRB,105120002.746582
2007,Seychelles,SYC,140000.000596046
2007,Sierra Leone,SLE,20909999.8474121
2007,Solomon Islands,SLB,310000.002384186
2007,"Somalia, Fed. Rep.",SOM,58700000.7629395
2007,South Africa,ZAF,227080001.831055
2007,Sri Lanka,LKA,33479999.5422363
2007,St. Kitts and Nevis,KNA,-769999.980926514
2007,St. Lucia,LCA,19999.9995529652
2007,St. Vincent and the Grenadines,VCT,-129999.995231628
2007,Sudan,SDN,710450012.207031
2007,Suriname,SUR,-8800000.19073486
2007,Syrian Arab Republic,SYR,2450000.04768372
2007,Tajikistan,TJK,34889999.3896484
2007,Tanzania,TZA,166889999.389648
2007,Thailand,THA,44529998.7792969
2007,Timor-Leste,TLS,25059999.4659424
2007,Togo,TGO,7440000.05722046
2007,Tonga,TON,769999.980926514
2007,Trinidad and Tobago,TTO,270000.010728836
2007,Tunisia,TUN,-10869999.8855591
2007,Turkiye,TUR,-11819999.6948242
2007,Turkmenistan,TKM,140000.000596046
2007,Uganda,UGA,301570007.324219
2007,Ukraine,UKR,91089996.3378906
2007,Uruguay,URY,519999.980926514
2007,Uzbekistan,UZB,19100000.3814697
2007,Vanuatu,VUT,2329999.92370605
2007,"Venezuela, RB",VEN,10119999.8855591
2007,Viet Nam,VNM,40580001.8310547
2007,West Bank and Gaza,PSE,212259994.506836
2007,"Yemen, Rep.",YEM,19940000.5340576
2007,Zambia,ZMB,165289993.286133
2007,Zimbabwe,ZWE,139089996.337891
2008,Afghanistan,AFG,2111580078.125
2008,Albania,ALB,35889999.3896484
2008,Algeria,DZA,9109999.65667725
2008,Angola,AGO,42680000.3051758
2008,Antigua and Barbuda,ATG,-200000.002980232
2008,Argentina,ARG,7170000.07629395
2008,Armenia,ARM,93790000.9155273
2008,Azerbaijan,AZE,41950000.7629395
2008,Bangladesh,BGD,93190002.4414063
2008,Barbados,BRB,389999.985694885
2008,Belarus,BLR,8920000.07629395
2008,Belize,BLZ,1779999.97138977
2008,Benin,BEN,34560001.373291
2008,Bhutan,BTN,239999.994635582
2008,Bolivia,BOL,123819999.694824
2008,Bosnia and Herzegovina,BIH,26440000.5340576
2008,Botswana,BWA,231889999.389648
2008,Brazil,BRA,12329999.9237061
2008,Burkina Faso,BFA,19409999.8474121
2008,Burundi,BDI,30239999.7711182
2008,Cabo Verde,CPV,23799999.2370605
2008,Cambodia,KHM,69779998.7792969
2008,Cameroon,CMR,16090000.1525879
2008,Central African Republic,CAF,34159999.8474121
2008,Chad,TCD,80709999.0844727
2008,Chile,CHL,949999.988079071
2008,China,CHN,65220001.2207031
2008,Colombia,COL,636090026.855469
2008,Comoros,COM,39999.9991059303
2008,"Congo, Dem. Rep.",COD,196630004.882813
2008,"Congo, Rep.",COG,259999.990463257
2008,Costa Rica,CRI,-119999.997317791
2008,Cote d'Ivoire,CIV,88819999.6948242
2008,Croatia,HRV,7389999.8664856
2008,Cuba,CUB,11989999.7711182
2008,Djibouti,DJI,8539999.96185303
2008,Dominica,DMA,29999.9993294477
2008,Dominican Republic,DOM,24780000.6866455
2008,Ecuador,ECU,46360000.6103516
2008,"Egypt, Arab Rep.",EGY,470779998.779297
2008,El Salvador,SLV,42369998.9318848
2008,Equatorial Guinea,GNQ,9999.99977648258
2008,Eritrea,ERI,3410000.08583069
2008,Eswatini,SWZ,8680000.30517578
2008,Ethiopia,ETH,811369995.117188
2008,Fiji,FJI,1269999.98092651
2008,Gabon,GAB,479999.989271164
2008,"Gambia, The",GMB,12039999.961853
2008,Georgia,GEO,402100006.103516
2008,Ghana,GHA,79529998.7792969
2008,Grenada,GRD,50000.0007450581
2008,Guatemala,GTM,70349998.4741211
2008,Guinea,GIN,43310001.373291
2008,Guinea-Bissau,GNB,670000.016689301
2008,Guyana,GUY,25569999.6948242
2008,Haiti,HTI,259089996.337891
2008,Honduras,HND,96330001.8310547
2008,India,IND,52060001.373291
2008,Indonesia,IDN,115120002.746582
2008,"Iran, Islamic Rep.",IRN,2700000.04768372
2008,Iraq,IRQ,2741989990.23438
2008,Jamaica,JAM,-889999.985694885
2008,Jordan,JOR,384049987.792969
2008,Kazakhstan,KAZ,157570007.324219
2008,Kenya,KEN,439429992.675781
2008,Kiribati,KIR,469999.998807907
2008,"Korea, Dem. People's Rep.",PRK,141039993.286133
2008,Kyrgyz Republic,KGZ,63630001.0681152
2008,Lao PDR,LAO,3150000.09536743
2008,Lebanon,LBN,209580001.831055
2008,Lesotho,LSO,13649999.6185303
2008,Liberia,LBR,275989990.234375
2008,Libya,LBY,14260000.2288818
2008,Madagascar,MDG,83849998.4741211
2008,Malawi,MWI,87720001.2207031
2008,Malaysia,MYS,5570000.17166138
2008,Maldives,MDV,-39999.9991059303
2008,Mali,MLI,53270000.4577637
2008,Marshall Islands,MHL,47259998.3215332
2008,Mauritania,MRT,25639999.3896484
2008,Mauritius,MUS,180000.007152557
2008,Mexico,MEX,102529998.779297
2008,"Micronesia, Fed. Sts.",FSM,79839996.3378906
2008,Moldova,MDA,35869998.9318848
2008,Mongolia,MNG,35380001.0681152
2008,Montenegro,MNE,9119999.88555908
2008,Morocco,MAR,5679999.82833862
2008,Mozambique,MOZ,226660003.662109
2008,Myanmar,MMR,71589996.3378906
2008,Namibia,NAM,70949996.9482422
2008,Nepal,NPL,77650001.5258789
2008,Nicaragua,NIC,103529998.779297
2008,Niger,NER,45860000.6103516
2008,Nigeria,NGA,363890014.648438
2008,North Macedonia,MKD,32080001.8310547
2008,Oman,OMN,1429999.94754791
2008,Pakistan,PAK,350630004.882813
2008,Palau,PLW,27290000.9155273
2008,Panama,PAN,13659999.8474121
2008,Papua New Guinea,PNG,1960000.03814697
2008,Paraguay,PRY,29670000.0762939
2008,Peru,PER,94000000.0
2008,Philippines,PHL,71260002.1362305
2008,Rwanda,RWA,117379997.253418
2008,Samoa,WSM,829999.983310699
2008,Sao Tome and Principe,STP,209999.993443489
2008,Senegal,SEN,71629997.253418
2008,Serbia,SRB,94470001.2207031
2008,Seychelles,SYC,9999.99977648258
2008,Sierra Leone,SLE,15789999.961853
2008,Solomon Islands,SLB,19999.9995529652
2008,"Somalia, Fed. Rep.",SOM,242699996.948242
2008,South Africa,ZAF,378660003.662109
2008,Sri Lanka,LKA,51790000.9155273
2008,St. Kitts and Nevis,KNA,-810000.002384186
2008,St. Lucia,LCA,19999.9995529652
2008,St. Vincent and the Grenadines,VCT,-140000.000596046
2008,Sudan,SDN,848159973.144531
2008,Suriname,SUR,-100000.001490116
2008,Syrian Arab Republic,SYR,16180000.3051758
2008,Tajikistan,TJK,59919998.1689453
2008,Tanzania,TZA,246949996.948242
2008,Thailand,THA,39560001.373291
2008,Timor-Leste,TLS,32740001.6784668
2008,Togo,TGO,3000000.0
2008,Tonga,TON,829999.983310699
2008,Trinidad and Tobago,TTO,319999.992847443
2008,Tunisia,TUN,-8069999.69482422
2008,Turkiye,TUR,-5440000.05722046
2008,Turkmenistan,TKM,-3359999.89509583
2008,Uganda,UGA,352880004.882813
2008,Ukraine,UKR,98919998.1689453
2008,Uruguay,URY,970000.028610229
2008,Uzbekistan,UZB,17959999.0844727
2008,Vanuatu,VUT,25879999.1607666
2008,"Venezuela, RB",VEN,9550000.19073486
2008,Viet Nam,VNM,62630001.0681152
2008,West Bank and Gaza,PSE,490600006.103516
2008,"Yemen, Rep.",YEM,25479999.5422363
2008,Zambia,ZMB,226490005.493164
2008,Zimbabwe,ZWE,222899993.896484
2009,Afghanistan,AFG,2979929931.64063
2009,Albania,ALB,33000000.0
2009,Algeria,DZA,8079999.92370605
2009,Angola,AGO,41500000.0
2009,Antigua and Barbuda,ATG,-180000.007152557
2009,Argentina,ARG,2619999.88555908
2009,Armenia,ARM,78449996.9482422
2009,Azerbaijan,AZE,40430000.3051758
2009,Bangladesh,BGD,63819999.6948242
2009,Barbados,BRB,330000.013113022
2009,Belarus,BLR,12159999.8474121
2009,Belize,BLZ,2869999.88555908
2009,Benin,BEN,58900001.5258789
2009,Bhutan,BTN,9999.99977648258
2009,Bolivia,BOL,101550003.051758
2009,Bosnia and Herzegovina,BIH,31069999.6948242
2009,Botswana,BWA,214399993.896484
2009,Brazil,BRA,8140000.34332275
2009,Burkina Faso,BFA,51119998.9318848
2009,Burundi,BDI,47549999.2370605
2009,Cabo Verde,CPV,36409999.8474121
2009,Cambodia,KHM,68559997.5585938
2009,Cameroon,CMR,31420000.0762939
2009,Central African Republic,CAF,30520000.4577637
2009,Chad,TCD,169630004.882813
2009,Chile,CHL,1840000.0333786
2009,China,CHN,52880001.0681152
2009,Colombia,COL,652340026.855469
2009,Comoros,COM,379999.995231628
2009,"Congo, Dem. Rep.",COD,238690002.441406
2009,"Congo, Rep.",COG,9270000.45776367
2009,Costa Rica,CRI,-550000.011920929
2009,Cote d'Ivoire,CIV,230660003.662109
2009,Croatia,HRV,3700000.04768372
2009,Cuba,CUB,20010000.2288818
2009,Djibouti,DJI,6349999.90463257
2009,Dominican Republic,DOM,14119999.8855591
2009,Ecuador,ECU,52069999.6948242
2009,"Egypt, Arab Rep.",EGY,185070007.324219
2009,El Salvador,SLV,82080001.8310547
2009,Equatorial Guinea,GNQ,170000.001788139
2009,Eritrea,ERI,3619999.88555908
2009,Eswatini,SWZ,15569999.6948242
2009,Ethiopia,ETH,726039978.027344
2009,Fiji,FJI,1940000.05722046
2009,Gabon,GAB,1159999.9666214
2009,"Gambia, The",GMB,4949999.80926514
2009,Georgia,GEO,279119995.117188
2009,Ghana,GHA,150539993.286133
2009,Grenada,GRD,79999.9982118607
2009,Guatemala,GTM,83889999.3896484
2009,Guinea,GIN,34860000.6103516
2009,Guinea-Bissau,GNB,1139999.98569489
2009,Guyana,GUY,26079999.9237061
2009,Haiti,HTI,319559997.558594
2009,Honduras,HND,128759994.506836
2009,India,IND,48119998.9318848
2009,Indonesia,IDN,121290000.915527
2009,"Iran, Islamic Rep.",IRN,730000.019073486
2009,Iraq,IRQ,2346310058.59375
2009,Jamaica,JAM,-2049999.95231628
2009,Jordan,JOR,394609985.351563
2009,Kazakhstan,KAZ,97309997.5585938
2009,Kenya,KEN,590210021.972656
2009,Kiribati,KIR,19999.9995529652
2009,"Korea, Dem. People's Rep.",PRK,13489999.7711182
2009,Kosovo,XKX,207440002.441406
2009,Kyrgyz Republic,KGZ,52479999.5422363
2009,Lao PDR,LAO,7440000.05722046
2009,Lebanon,LBN,136860000.610352
2009,Lesotho,LSO,24649999.6185303
2009,Liberia,LBR,96930000.3051758
2009,Libya,LBY,5650000.09536743
2009,Madagascar,MDG,76580001.8310547
2009,Malawi,MWI,111410003.662109
2009,Malaysia,MYS,16260000.2288818
2009,Maldives,MDV,-50000.0007450581
2009,Mali,MLI,111250000.0
2009,Marshall Islands,MHL,49090000.1525879
2009,Mauritania,MRT,10159999.8474121
2009,Mauritius,MUS,129999.995231628
2009,Mexico,MEX,129429992.675781
2009,"Micronesia, Fed. Sts.",FSM,107559997.558594
2009,Moldova,MDA,32169998.1689453
2009,Mongolia,MNG,34930000.3051758
2009,Montenegro,MNE,7380000.11444092
2009,Morocco,MAR,31600000.3814697
2009,Mozambique,MOZ,255610000.610352
2009,Myanmar,MMR,35220001.2207031
2009,Namibia,NAM,90279998.7792969
2009,Nepal,NPL,73500000.0
2009,Nicaragua,NIC,89339996.3378906
2009,Niger,NER,37049999.2370605
2009,Nigeria,NGA,354029998.779297
2009,North Macedonia,MKD,29889999.3896484
2009,Oman,OMN,5250000.0
2009,Pakistan,PAK,613039978.027344
2009,Palau,PLW,26760000.2288818
2009,Panama,PAN,16659999.8474121
2009,Papua New Guinea,PNG,2759999.99046326
2009,Paraguay,PRY,26520000.4577637
2009,Peru,PER,104389999.389648
2009,Philippines,PHL,89500000.0
2009,Rwanda,RWA,145899993.896484
2009,Samoa,WSM,1480000.01907349
2009,Sao Tome and Principe,STP,400000.005960464
2009,Senegal,SEN,67669998.1689453
2009,Serbia,SRB,46500000.0
2009,Seychelles,SYC,9999.99977648258
2009,Sierra Leone,SLE,17000000.0
2009,Solomon Islands,SLB,59999.9986588955
2009,"Somalia, Fed. Rep.",SOM,194910003.662109
2009,South Africa,ZAF,523739990.234375
2009,Sri Lanka,LKA,32310001.373291
2009,St. Kitts and Nevis,KNA,-850000.023841858
2009,St. Vincent and the Grenadines,VCT,-59999.9986588955
2009,Sudan,SDN,954640014.648438
2009,Suriname,SUR,639999.985694885
2009,Syrian Arab Republic,SYR,18620000.8392334
2009,Tajikistan,TJK,40540000.9155273
2009,Tanzania,TZA,283649993.896484
2009,Thailand,THA,23600000.3814697
2009,Timor-Leste,TLS,29069999.6948242
2009,Togo,TGO,3779999.97138977
2009,Tonga,TON,1210000.03814697
2009,Trinidad and Tobago,TTO,479999.989271164
2009,Tunisia,TUN,-5260000.22888184
2009,Turkiye,TUR,-6539999.96185303
2009,Turkmenistan,TKM,10829999.9237061
2009,Tuvalu,TUV,9999.99977648258
2009,Uganda,UGA,366880004.882813
2009,Ukraine,UKR,103010002.13623
2009,Uruguay,URY,959999.978542328
2009,Uzbekistan,UZB,9850000.38146973
2009,Vanuatu,VUT,22760000.2288818
2009,"Venezuela, RB",VEN,11720000.2670288
2009,Viet Nam,VNM,78139999.3896484
2009,West Bank and Gaza,PSE,844309997.558594
2009,"Yemen, Rep.",YEM,26239999.7711182
2009,Zambia,ZMB,231860000.610352
2009,Zimbabwe,ZWE,249740005.493164
2010,Afghanistan,AFG,2938840087.89063
2010,Albania,ALB,28399999.6185303
2010,Algeria,DZA,8619999.88555908
2010,Angola,AGO,53529998.7792969
2010,Antigua and Barbuda,ATG,109999.999403954
2010,Argentina,ARG,3769999.98092651
2010,Armenia,ARM,91000000.0
2010,Azerbaijan,AZE,36959999.0844727
2010,Bangladesh,BGD,113690002.441406
2010,Barbados,BRB,109999.999403954
2010,Belarus,BLR,27770000.4577637
2010,Belize,BLZ,2549999.95231628
2010,Benin,BEN,100260002.13623
2010,Bhutan,BTN,109999.999403954
2010,Bolivia,BOL,60330001.8310547
2010,Bosnia and Herzegovina,BIH,23860000.6103516
2010,Botswana,BWA,74300003.0517578
2010,Brazil,BRA,20709999.0844727
2010,Burkina Faso,BFA,44049999.2370605
2010,Burundi,BDI,43029998.7792969
2010,Cabo Verde,CPV,36729999.5422363
2010,Cambodia,KHM,84099998.4741211
2010,Cameroon,CMR,18379999.1607666
2010,Central African Republic,CAF,20440000.5340576
2010,Chad,TCD,139210006.713867
2010,Chile,CHL,13109999.6566772
2010,China,CHN,85720001.2207031
2010,Colombia,COL,197600006.103516
2010,Comoros,COM,400000.005960464
2010,"Congo, Dem. Rep.",COD,272459991.455078
2010,"Congo, Rep.",COG,25020000.4577637
2010,Costa Rica,CRI,-389999.985694885
2010,Cote d'Ivoire,CIV,75930000.3051758
2010,Croatia,HRV,-29999.9993294477
2010,Cuba,CUB,16379999.1607666
2010,Djibouti,DJI,12039999.961853
2010,Dominica,DMA,70000.0002980232
2010,Dominican Republic,DOM,35419998.1689453
2010,Ecuador,ECU,23139999.3896484
2010,"Egypt, Arab Rep.",EGY,49389999.3896484
2010,El Salvador,SLV,148160003.662109
2010,Equatorial Guinea,GNQ,129999.995231628
2010,Eritrea,ERI,949999.988079071
2010,Eswatini,SWZ,23250000.0
2010,Ethiopia,ETH,802630004.882813
2010,Fiji,FJI,1809999.94277954
2010,Gabon,GAB,1450000.04768372
2010,"Gambia, The",GMB,6260000.22888184
2010,Georgia,GEO,204419998.168945
2010,Ghana,GHA,205710006.713867
2010,Grenada,GRD,19999.9995529652
2010,Guatemala,GTM,100500000.0
2010,Guinea,GIN,21829999.9237061
2010,Guinea-Bissau,GNB,6519999.98092651
2010,Guyana,GUY,21639999.3896484
2010,Haiti,HTI,1077900024.41406
2010,Honduras,HND,100839996.337891
2010,India,IND,62799999.2370605
2010,Indonesia,IDN,177360000.610352
2010,"Iran, Islamic Rep.",IRN,1559999.94277954
2010,Iraq,IRQ,1609609985.35156
2010,Jamaica,JAM,-3799999.95231628
2010,Jordan,JOR,368399993.896484
2010,Kazakhstan,KAZ,70519996.6430664
2010,Kenya,KEN,562000000.0
2010,"Korea, Dem. People's Rep.",PRK,5429999.82833862
2010,Kosovo,XKX,8630000.11444092
2010,Kyrgyz Republic,KGZ,57290000.9155273
2010,Lao PDR,LAO,12819999.6948242
2010,Lebanon,LBN,83800003.0517578
2010,Lesotho,LSO,57229999.5422363
2010,Liberia,LBR,127150001.525879
2010,Libya,LBY,6599999.90463257
2010,Madagascar,MDG,79089996.3378906
2010,Malawi,MWI,118129997.253418
2010,Malaysia,MYS,18540000.9155273
2010,Maldives,MDV,860000.014305115
2010,Mali,MLI,198210006.713867
2010,Marshall Islands,MHL,9689999.5803833
2010,Mauritania,MRT,7429999.82833862
2010,Mauritius,MUS,469999.998807907
2010,Mexico,MEX,205029998.779297
2010,"Micronesia, Fed. Sts.",FSM,45310001.373291
2010,Moldova,MDA,20409999.8474121
2010,Mongolia,MNG,45540000.9155273
2010,Montenegro,MNE,6050000.19073486
2010,Morocco,MAR,45169998.1689453
2010,Mozambique,MOZ,267489990.234375
2010,Myanmar,MMR,30989999.7711182
2010,Namibia,NAM,117139999.389648
2010,Nepal,NPL,51290000.9155273
2010,Nicaragua,NIC,49360000.6103516
2010,Niger,NER,96830001.8310547
2010,Nigeria,NGA,441739990.234375
2010,North Macedonia,MKD,19479999.5422363
2010,Oman,OMN,3019999.98092651
2010,Pakistan,PAK,1200449951.17188
2010,Palau,PLW,17170000.0762939
2010,Panama,PAN,8979999.54223633
2010,Papua New Guinea,PNG,2279999.97138977
2010,Paraguay,PRY,27350000.3814697
2010,Peru,PER,87029998.7792969
2010,Philippines,PHL,113449996.948242
2010,Rwanda,RWA,139779998.779297
2010,Samoa,WSM,1480000.01907349
2010,Sao Tome and Principe,STP,19999.9995529652
2010,Senegal,SEN,102050003.051758
2010,Serbia,SRB,57919998.1689453
2010,Seychelles,SYC,9999.99977648258
2010,Sierra Leone,SLE,21090000.1525879
2010,Solomon Islands,SLB,230000.004172325
2010,"Somalia, Fed. Rep.",SOM,67529998.7792969
2010,South Africa,ZAF,525669982.910156
2010,Sri Lanka,LKA,28909999.8474121
2010,St. Kitts and Nevis,KNA,-889999.985694885
2010,St. Vincent and the Grenadines,VCT,180000.007152557
2010,Sudan,SDN,695859985.351563
2010,Suriname,SUR,150000.005960464
2010,Syrian Arab Republic,SYR,6809999.94277954
2010,Tajikistan,TJK,42549999.2370605
2010,Tanzania,TZA,455730010.986328
2010,Thailand,THA,46450000.7629395
2010,Timor-Leste,TLS,27139999.3896484
2010,Togo,TGO,3980000.01907349
2010,Tonga,TON,1169999.95708466
2010,Trinidad and Tobago,TTO,1309999.94277954
2010,Tunisia,TUN,-3230000.01907349
2010,Turkiye,TUR,6289999.96185303
2010,Turkmenistan,TKM,9470000.26702881
2010,Uganda,UGA,342679992.675781
2010,Ukraine,UKR,165130004.882813
2010,Uruguay,URY,1129999.99523163
2010,Uzbekistan,UZB,14670000.0762939
2010,Vanuatu,VUT,19129999.1607666
2010,"Venezuela, RB",VEN,8390000.34332275
2010,Viet Nam,VNM,92059997.5585938
2010,West Bank and Gaza,PSE,714609985.351563
2010,"Yemen, Rep.",YEM,47700000.7629395
2010,Zambia,ZMB,228199996.948242
2010,Zimbabwe,ZWE,155279998.779297
2011,Afghanistan,AFG,3054949951.17188
2011,Albania,ALB,24469999.3133545
2011,Algeria,DZA,9170000.07629395
2011,Angola,AGO,64940002.4414063
2011,Antigua and Barbuda,ATG,200000.002980232
2011,Argentina,ARG,9590000.15258789
2011,Armenia,ARM,106470001.220703
2011,Azerbaijan,AZE,30030000.6866455
2011,Bangladesh,BGD,109010002.13623
2011,Belarus,BLR,11600000.3814697
2011,Belize,BLZ,2230000.01907349
2011,Benin,BEN,188529998.779297
2011,Bhutan,BTN,2660000.08583069
2011,Bolivia,BOL,59069999.6948242
2011,Bosnia and Herzegovina,BIH,38009998.3215332
2011,Botswana,BWA,76639999.3896484
2011,Brazil,BRA,29790000.9155273
2011,Burkina Faso,BFA,50779998.7792969
2011,Burundi,BDI,47409999.8474121
2011,Cabo Verde,CPV,8819999.69482422
2011,Cambodia,KHM,72739997.8637695
2011,Cameroon,CMR,19319999.6948242
2011,Central African Republic,CAF,11909999.8474121
2011,Chad,TCD,111279998.779297
2011,Chile,CHL,3700000.04768372
2011,China,CHN,48979999.5422363
2011,Colombia,COL,495739990.234375
2011,Comoros,COM,419999.986886978
2011,"Congo, Dem. Rep.",COD,1283660034.17969
2011,"Congo, Rep.",COG,2950000.04768372
2011,Costa Rica,CRI,5369999.88555908
2011,Cote d'Ivoire,CIV,73540000.9155273
2011,Cuba,CUB,12720000.2670288
2011,Djibouti,DJI,15310000.4196167
2011,Dominican Republic,DOM,27790000.9155273
2011,Ecuador,ECU,31079999.9237061
2011,"Egypt, Arab Rep.",EGY,-98330001.8310547
2011,El Salvador,SLV,162440002.441406
2011,Equatorial Guinea,GNQ,50000.0007450581
2011,Eritrea,ERI,79999.9982118607
2011,Eswatini,SWZ,45250000.0
2011,Ethiopia,ETH,659280029.296875
2011,Fiji,FJI,1860000.01430511
2011,Gabon,GAB,1279999.97138977
2011,"Gambia, The",GMB,2539999.96185303
2011,Georgia,GEO,164699996.948242
2011,Ghana,GHA,303899993.896484
2011,Grenada,GRD,19999.9995529652
2011,Guatemala,GTM,93080001.8310547
2011,Guinea,GIN,16239999.7711182
2011,Guinea-Bissau,GNB,1730000.01907349
2011,Guyana,GUY,17920000.0762939
2011,Haiti,HTI,599820007.324219
2011,Honduras,HND,46360000.6103516
2011,India,IND,82819999.6948242
2011,Indonesia,IDN,154490005.493164
2011,"Iran, Islamic Rep.",IRN,1309999.94277954
2011,Iraq,IRQ,1274790039.0625
2011,Jamaica,JAM,-490000.009536743
2011,Jordan,JOR,441670013.427734
2011,Kazakhstan,KAZ,21579999.9237061
2011,Kenya,KEN,712090026.855469
2011,"Korea, Dem. People's Rep.",PRK,2049999.95231628
2011,Kosovo,XKX,18290000.9155273
2011,Kyrgyz Republic,KGZ,64019996.6430664
2011,Lao PDR,LAO,11930000.3051758
2011,Lebanon,LBN,89069999.6948242
2011,Lesotho,LSO,98040000.9155273
2011,Liberia,LBR,149270004.272461
2011,Libya,LBY,288950012.207031
2011,Madagascar,MDG,63959999.0844727
2011,Malawi,MWI,151619995.117188
2011,Malaysia,MYS,10359999.6566772
2011,Mali,MLI,260540008.544922
2011,Marshall Islands,MHL,75180000.3051758
2011,Mauritania,MRT,9960000.03814697
2011,Mauritius,MUS,59999.9986588955
2011,Mexico,MEX,372109985.351563
2011,"Micronesia, Fed. Sts.",FSM,97989997.8637695
2011,Moldova,MDA,27649999.6185303
2011,Mongolia,MNG,57569999.6948242
2011,Montenegro,MNE,6449999.80926514
2011,Morocco,MAR,132100006.103516
2011,Mozambique,MOZ,377519989.013672
2011,Myanmar,MMR,30790000.9155273
2011,Namibia,NAM,114430000.305176
2011,Nepal,NPL,63799999.2370605
2011,Nicaragua,NIC,59590000.1525879
2011,Niger,NER,87559997.5585938
2011,Nigeria,NGA,404700012.207031
2011,North Macedonia,MKD,19159999.8474121
2011,Pakistan,PAK,1262130004.88281
2011,Palau,PLW,18350000.3814697
2011,Panama,PAN,13779999.7329712
2011,Papua New Guinea,PNG,3539999.96185303
2011,Paraguay,PRY,31520000.4577637
2011,Peru,PER,94629997.253418
2011,Philippines,PHL,113430000.305176
2011,Rwanda,RWA,177660003.662109
2011,Samoa,WSM,1100000.02384186
2011,Sao Tome and Principe,STP,610000.014305115
2011,Senegal,SEN,114150001.525879
2011,Serbia,SRB,42159999.8474121
2011,Seychelles,SYC,19999.9995529652
2011,Sierra Leone,SLE,19870000.8392334
2011,Solomon Islands,SLB,250000.0
2011,"Somalia, Fed. Rep.",SOM,124800003.051758
2011,South Africa,ZAF,555960021.972656
2011,South Sudan,SSD,56340000.1525879
2011,Sri Lanka,LKA,23250000.0
2011,St. Kitts and Nevis,KNA,-389999.985694885
2011,St. Vincent and the Grenadines,VCT,-180000.007152557
2011,Sudan,SDN,657859985.351563
2011,Suriname,SUR,340000.003576279
2011,Syrian Arab Republic,SYR,16049999.2370605
2011,Tajikistan,TJK,34250000.0
2011,Tanzania,TZA,532250000.0
2011,Thailand,THA,16049999.2370605
2011,Timor-Leste,TLS,36150001.5258789
2011,Togo,TGO,3640000.10490417
2011,Tonga,TON,1210000.03814697
2011,Tunisia,TUN,4760000.22888184
2011,Turkiye,TUR,11420000.0762939
2011,Turkmenistan,TKM,10140000.3433228
2011,Tuvalu,TUV,50000.0007450581
2011,Uganda,UGA,392029998.779297
2011,Ukraine,UKR,104269996.643066
2011,Uruguay,URY,1419999.95708466
2011,Uzbekistan,UZB,6260000.22888184
2011,Vanuatu,VUT,3000000.0
2011,"Venezuela, RB",VEN,8229999.54223633
2011,Viet Nam,VNM,88290000.9155273
2011,West Bank and Gaza,PSE,617539978.027344
2011,"Yemen, Rep.",YEM,73970001.2207031
2011,Zambia,ZMB,275119995.117188
2011,Zimbabwe,ZWE,186839996.337891
2012,Afghanistan,AFG,2714090087.89063
2012,Albania,ALB,20360000.6103516
2012,Algeria,DZA,10739999.7711182
2012,Angola,AGO,77290000.9155273
2012,Antigua and Barbuda,ATG,159999.996423721
2012,Argentina,ARG,9689999.5803833
2012,Armenia,ARM,35950000.7629395
2012,Azerbaijan,AZE,31649999.6185303
2012,Bangladesh,BGD,187820007.324219
2012,Belarus,BLR,11670000.0762939
2012,Belize,BLZ,1830000.04291534
2012,Benin,BEN,41659999.8474121
2012,Bhutan,BTN,300000.011920929
2012,Bolivia,BOL,50880001.0681152
2012,Bosnia and Herzegovina,BIH,38360000.6103516
2012,Botswana,BWA,49189998.626709
2012,Brazil,BRA,22540000.9155273
2012,Burkina Faso,BFA,119449996.948242
2012,Burundi,BDI,41909999.8474121
2012,Cabo Verde,CPV,3240000.00953674
2012,Cambodia,KHM,86389999.3896484
2012,Cameroon,CMR,26719999.3133545
2012,Central African Republic,CAF,15399999.6185303
2012,Chad,TCD,112470001.220703
2012,Chile,CHL,1669999.95708466
2012,China,CHN,49380001.0681152
2012,Colombia,COL,323470001.220703
2012,Comoros,COM,219999.998807907
2012,"Congo, Dem. Rep.",COD,279459991.455078
2012,"Congo, Rep.",COG,12729999.5422363
2012,Costa Rica,CRI,5679999.82833862
2012,Cote d'Ivoire,CIV,139309997.558594
2012,Cuba,CUB,12670000.0762939
2012,Djibouti,DJI,8720000.26702881
2012,Dominican Republic,DOM,49459999.0844727
2012,Ecuador,ECU,25590000.1525879
2012,"Egypt, Arab Rep.",EGY,-14850000.3814697
2012,El Salvador,SLV,150850006.103516
2012,Equatorial Guinea,GNQ,379999.995231628
2012,Eritrea,ERI,170000.001788139
2012,Eswatini,SWZ,43610000.6103516
2012,Ethiopia,ETH,693400024.414063
2012,Fiji,FJI,1710000.03814697
2012,Gabon,GAB,2119999.88555908
2012,"Gambia, The",GMB,2250000.0
2012,Georgia,GEO,137059997.558594
2012,Ghana,GHA,211250000.0
2012,Guatemala,GTM,95489997.8637695
2012,Guinea,GIN,19930000.3051758
2012,Guinea-Bissau,GNB,11939999.5803833
2012,Guyana,GUY,17040000.9155273
2012,Haiti,HTI,424089996.337891
2012,Honduras,HND,52650001.5258789
2012,India,IND,57700000.7629395
2012,Indonesia,IDN,127970001.220703
2012,"Iran, Islamic Rep.",IRN,949999.988079071
2012,Iraq,IRQ,582690002.441406
2012,Jamaica,JAM,2089999.91416931
2012,Jordan,JOR,546960021.972656
2012,Kazakhstan,KAZ,22309999.4659424
2012,Kenya,KEN,818260009.765625
2012,"Korea, Dem. People's Rep.",PRK,2359999.89509583
2012,Kosovo,XKX,98610000.6103516
2012,Kyrgyz Republic,KGZ,56020000.4577637
2012,Lao PDR,LAO,8550000.19073486
2012,Lebanon,LBN,323549987.792969
2012,Lesotho,LSO,123550003.051758
2012,Liberia,LBR,175050003.051758
2012,Libya,LBY,38540000.9155273
2012,Madagascar,MDG,48970001.2207031
2012,Malawi,MWI,179830001.831055
2012,Malaysia,MYS,6219999.79019165
2012,Maldives,MDV,430000.007152557
2012,Mali,MLI,342269989.013672
2012,Marshall Islands,MHL,67629997.253418
2012,Mauritania,MRT,19840000.1525879
2012,Mauritius,MUS,379999.995231628
2012,Mexico,MEX,210940002.441406
2012,"Micronesia, Fed. Sts.",FSM,126529998.779297
2012,Moldova,MDA,38549999.2370605
2012,Mongolia,MNG,112430000.305176
2012,Montenegro,MNE,7880000.11444092
2012,Morocco,MAR,152320007.324219
2012,Mozambique,MOZ,412559997.558594
2012,Myanmar,MMR,33220001.2207031
2012,Namibia,NAM,138839996.337891
2012,Nepal,NPL,64860000.6103516
2012,Nicaragua,NIC,43880001.0681152
2012,Niger,NER,100330001.831055
2012,Nigeria,NGA,414950012.207031
2012,North Macedonia,MKD,16610000.6103516
2012,Pakistan,PAK,621349975.585938
2012,Palau,PLW,610000.014305115
2012,Panama,PAN,16200000.7629395
2012,Papua New Guinea,PNG,3660000.08583069
2012,Paraguay,PRY,25649999.6185303
2012,Peru,PER,101889999.389648
2012,Philippines,PHL,121730003.356934
2012,Rwanda,RWA,159410003.662109
2012,Samoa,WSM,730000.019073486
2012,Sao Tome and Principe,STP,189999.997615814
2012,Senegal,SEN,123040000.915527
2012,Serbia,SRB,41509998.3215332
2012,Seychelles,SYC,29999.9993294477
2012,Sierra Leone,SLE,19719999.3133545
2012,Solomon Islands,SLB,469999.998807907
2012,"Somalia, Fed. Rep.",SOM,211110000.610352
2012,South Africa,ZAF,504059997.558594
2012,South Sudan,SSD,382019989.013672
2012,Sri Lanka,LKA,5030000.20980835
2012,St. Kitts and Nevis,KNA,-1029999.97138977
2012,St. Lucia,LCA,9999.99977648258
2012,St. Vincent and the Grenadines,VCT,-119999.997317791
2012,Sudan,SDN,454329986.572266
2012,Suriname,SUR,59999.9986588955
2012,Syrian Arab Republic,SYR,150820007.324219
2012,Tajikistan,TJK,34470001.2207031
2012,Tanzania,TZA,561780029.296875
2012,Thailand,THA,53220001.2207031
2012,Timor-Leste,TLS,20959999.0844727
2012,Togo,TGO,3380000.11444092
2012,Tonga,TON,1000000.0
2012,Tunisia,TUN,107580001.831055
2012,Turkiye,TUR,14079999.9237061
2012,Turkmenistan,TKM,10699999.8092651
2012,Uganda,UGA,380820007.324219
2012,Ukraine,UKR,148869995.117188
2012,Uruguay,URY,370000.004768372
2012,Uzbekistan,UZB,8930000.30517578
2012,Vanuatu,VUT,2210000.03814697
2012,"Venezuela, RB",VEN,8590000.15258789
2012,Viet Nam,VNM,81980003.3569336
2012,West Bank and Gaza,PSE,282149993.896484
2012,"Yemen, Rep.",YEM,156880004.882813
2012,Zambia,ZMB,302769989.013672
2012,Zimbabwe,ZWE,172350006.103516
2013,Afghanistan,AFG,1694069946.28906
2013,Albania,ALB,21889999.3896484
2013,Algeria,DZA,12510000.2288818
2013,Angola,AGO,61139999.3896484
2013,Antigua and Barbuda,ATG,119999.997317791
2013,Argentina,ARG,3730000.01907349
2013,Armenia,ARM,40479999.5422363
2013,Azerbaijan,AZE,33130001.0681152
2013,Bangladesh,BGD,155899993.896484
2013,Belarus,BLR,14609999.6566772
2013,Belize,BLZ,11670000.0762939
2013,Benin,BEN,23620000.8392334
2013,Bhutan,BTN,569999.992847443
2013,Bolivia,BOL,26629999.1607666
2013,Bosnia and Herzegovina,BIH,38830001.8310547
2013,Botswana,BWA,74330001.8310547
2013,Brazil,BRA,22579999.9237061
2013,Burkina Faso,BFA,153399993.896484
2013,Burundi,BDI,36009998.3215332
2013,Cabo Verde,CPV,5139999.8664856
2013,Cambodia,KHM,75550003.0517578
2013,Cameroon,CMR,36479999.5422363
2013,Central African Republic,CAF,31840000.1525879
2013,Chad,TCD,110879997.253418
2013,Chile,CHL,1509999.99046326
2013,China,CHN,42459999.0844727
2013,Colombia,COL,293480010.986328
2013,Comoros,COM,289999.99165535
2013,"Congo, Dem. Rep.",COD,317839996.337891
2013,"Congo, Rep.",COG,10970000.2670288
2013,Costa Rica,CRI,5949999.80926514
2013,Cote d'Ivoire,CIV,257029998.779297
2013,Cuba,CUB,10310000.4196167
2013,Djibouti,DJI,9229999.54223633
2013,Dominican Republic,DOM,36430000.3051758
2013,Ecuador,ECU,24940000.5340576
2013,"Egypt, Arab Rep.",EGY,58459999.0844727
2013,El Salvador,SLV,51090000.1525879
2013,Equatorial Guinea,GNQ,230000.004172325
2013,Eritrea,ERI,189999.997615814
2013,Eswatini,SWZ,38110000.6103516
2013,Ethiopia,ETH,678780029.296875
2013,Fiji,FJI,1919999.95708466
2013,Gabon,GAB,5900000.09536743
2013,"Gambia, The",GMB,2819999.9332428
2013,Georgia,GEO,175360000.610352
2013,Ghana,GHA,113680000.305176
2013,Grenada,GRD,500000.0
2013,Guatemala,GTM,102669998.168945
2013,Guinea,GIN,27110000.6103516
2013,Guinea-Bissau,GNB,8119999.88555908
2013,Guyana,GUY,9720000.26702881
2013,Haiti,HTI,400480010.986328
2013,Honduras,HND,90910003.6621094
2013,India,IND,71940002.4414063
2013,Indonesia,IDN,149610000.610352
2013,"Iran, Islamic Rep.",IRN,589999.973773956
2013,Iraq,IRQ,483820007.324219
2013,Jamaica,JAM,1340000.0333786
2013,Jordan,JOR,527179992.675781
2013,Kazakhstan,KAZ,29459999.0844727
2013,Kenya,KEN,893630004.882813
2013,"Korea, Dem. People's Rep.",PRK,1870000.00476837
2013,Kosovo,XKX,75639999.3896484
2013,Kyrgyz Republic,KGZ,65069999.6948242
2013,Lao PDR,LAO,9340000.15258789
2013,Lebanon,LBN,99639999.3896484
2013,Lesotho,LSO,169830001.831055
2013,Liberia,LBR,157929992.675781
2013,Libya,LBY,12350000.3814697
2013,Madagascar,MDG,55759998.3215332
2013,Malawi,MWI,200190002.441406
2013,Malaysia,MYS,5349999.90463257
2013,Maldives,MDV,9999.99977648258
2013,Mali,MLI,158460006.713867
2013,Marshall Islands,MHL,70569999.6948242
2013,Mauritania,MRT,25250000.0
2013,Mauritius,MUS,379999.995231628
2013,Mexico,MEX,217809997.558594
2013,"Micronesia, Fed. Sts.",FSM,114080001.831055
2013,Moldova,MDA,85169998.1689453
2013,Mongolia,MNG,86510002.1362305
2013,Montenegro,MNE,6420000.07629395
2013,Morocco,MAR,260179992.675781
2013,Mozambique,MOZ,541169982.910156
2013,Myanmar,MMR,80660003.6621094
2013,Namibia,NAM,160979995.727539
2013,Nepal,NPL,71550003.0517578
2013,Nicaragua,NIC,39259998.3215332
2013,Niger,NER,78330001.8310547
2013,Nigeria,NGA,544099975.585938
2013,North Macedonia,MKD,21270000.4577637
2013,Pakistan,PAK,609849975.585938
2013,Palau,PLW,13750000.0
2013,Panama,PAN,12430000.3051758
2013,Papua New Guinea,PNG,7250000.0
2013,Paraguay,PRY,11800000.1907349
2013,Peru,PER,105260002.13623
2013,Philippines,PHL,153080001.831055
2013,Rwanda,RWA,155889999.389648
2013,Samoa,WSM,1299999.95231628
2013,Sao Tome and Principe,STP,-289999.99165535
2013,Senegal,SEN,203179992.675781
2013,Serbia,SRB,32290000.9155273
2013,Seychelles,SYC,230000.004172325
2013,Sierra Leone,SLE,15449999.8092651
2013,Solomon Islands,SLB,1059999.94277954
2013,"Somalia, Fed. Rep.",SOM,245130004.882813
2013,South Africa,ZAF,476799987.792969
2013,South Sudan,SSD,410119995.117188
2013,Sri Lanka,LKA,30979999.5422363
2013,St. Lucia,LCA,9999.99977648258
2013,St. Vincent and the Grenadines,VCT,-79999.9982118607
2013,Sudan,SDN,713880004.882813
2013,Suriname,SUR,-79999.9982118607
2013,Syrian Arab Republic,SYR,765719970.703125
2013,Tajikistan,TJK,36889999.3896484
2013,Tanzania,TZA,734880004.882813
2013,Thailand,THA,56540000.9155273
2013,Timor-Leste,TLS,19739999.7711182
2013,Togo,TGO,4090000.15258789
2013,Tonga,TON,1269999.98092651
2013,Tunisia,TUN,16840000.1525879
2013,Turkiye,TUR,16069999.6948242
2013,Turkmenistan,TKM,7920000.07629395
2013,Uganda,UGA,459079986.572266
2013,Ukraine,UKR,119620002.746582
2013,Uruguay,URY,289999.99165535
2013,Uzbekistan,UZB,24659999.8474121
2013,Vanuatu,VUT,2670000.07629395
2013,"Venezuela, RB",VEN,6590000.15258789
2013,Viet Nam,VNM,105480003.356934
2013,West Bank and Gaza,PSE,958669982.910156
2013,"Yemen, Rep.",YEM,226970001.220703
2013,Zambia,ZMB,312820007.324219
2013,Zimbabwe,ZWE,169000000.0
2014,Afghanistan,AFG,1928079956.05469
2014,Albania,ALB,17750000.0
2014,Algeria,DZA,430000.007152557
2014,Angola,AGO,58709999.0844727
2014,Argentina,ARG,1110000.01430511
2014,Armenia,ARM,30479999.5422363
2014,Azerbaijan,AZE,15300000.1907349
2014,Bangladesh,BGD,234660003.662109
2014,Belarus,BLR,10880000.1144409
2014,Belize,BLZ,2569999.9332428
2014,Benin,BEN,39169998.1689453
2014,Bhutan,BTN,319999.992847443
2014,Bolivia,BOL,34750000.0
2014,Bosnia and Herzegovina,BIH,47400001.5258789
2014,Botswana,BWA,56909999.8474121
2014,Brazil,BRA,16969999.3133545
2014,Burkina Faso,BFA,213490005.493164
2014,Burundi,BDI,40290000.9155273
2014,Cabo Verde,CPV,6579999.92370605
2014,Cambodia,KHM,79959999.0844727
2014,Cameroon,CMR,40650001.5258789
2014,Central African Republic,CAF,62049999.2370605
2014,Chad,TCD,49990001.6784668
2014,Chile,CHL,2779999.97138977
2014,China,CHN,32139999.3896484
2014,Colombia,COL,322160003.662109
2014,Comoros,COM,330000.013113022
2014,"Congo, Dem. Rep.",COD,385059997.558594
2014,"Congo, Rep.",COG,1679999.94754791
2014,Costa Rica,CRI,9069999.69482422
2014,Cote d'Ivoire,CIV,112319999.694824
2014,Cuba,CUB,15260000.2288818
2014,Djibouti,DJI,8149999.61853027
2014,Dominican Republic,DOM,26569999.6948242
2014,Ecuador,ECU,32220001.2207031
2014,"Egypt, Arab Rep.",EGY,-173179992.675781
2014,El Salvador,SLV,45369998.9318848
2014,Equatorial Guinea,GNQ,180000.007152557
2014,Eritrea,ERI,150000.005960464
2014,Eswatini,SWZ,43669998.1689453
2014,Ethiopia,ETH,664840026.855469
2014,Fiji,FJI,2029999.97138977
2014,Gabon,GAB,6940000.05722046
2014,"Gambia, The",GMB,2000000.0
2014,Georgia,GEO,150169998.168945
2014,Ghana,GHA,139160003.662109
2014,Guatemala,GTM,126040000.915527
2014,Guinea,GIN,41500000.0
2014,Guinea-Bissau,GNB,2750000.0
2014,Guyana,GUY,9489999.77111816
2014,Haiti,HTI,312440002.441406
2014,Honduras,HND,80449996.9482422
2014,India,IND,78169998.1689453
2014,Indonesia,IDN,152690002.441406
2014,"Iran, Islamic Rep.",IRN,1039999.96185303
2014,Iraq,IRQ,356589996.337891
2014,Jamaica,JAM,10270000.4577637
2014,Jordan,JOR,1183449951.17188
2014,Kazakhstan,KAZ,30469999.3133545
2014,Kenya,KEN,807369995.117188
2014,"Korea, Dem. People's Rep.",PRK,2059999.94277954
2014,Kosovo,XKX,65440002.4414063
2014,Kyrgyz Republic,KGZ,49310001.373291
2014,Lao PDR,LAO,18420000.0762939
2014,Lebanon,LBN,121120002.746582
2014,Lesotho,LSO,38250000.0
2014,Liberia,LBR,209309997.558594
2014,Libya,LBY,20670000.0762939
2014,Madagascar,MDG,64230003.3569336
2014,Malawi,MWI,181960006.713867
2014,Malaysia,MYS,4639999.8664856
2014,Maldives,MDV,449999.988079071
2014,Mali,MLI,155289993.286133
2014,Marshall Islands,MHL,47409999.8474121
2014,Mauritania,MRT,14539999.961853
2014,Mauritius,MUS,150000.005960464
2014,Mexico,MEX,229100006.103516
2014,"Micronesia, Fed. Sts.",FSM,104339996.337891
2014,Moldova,MDA,123330001.831055
2014,Mongolia,MNG,11720000.2670288
2014,Montenegro,MNE,3650000.09536743
2014,Morocco,MAR,9159999.84741211
2014,Mozambique,MOZ,395380004.882813
2014,Myanmar,MMR,84589996.3378906
2014,Namibia,NAM,149399993.896484
2014,Nepal,NPL,75470001.2207031
2014,Nicaragua,NIC,25680000.3051758
2014,Niger,NER,79290000.9155273
2014,Nigeria,NGA,485589996.337891
2014,North Macedonia,MKD,22600000.3814697
2014,Pakistan,PAK,695960021.972656
2014,Palau,PLW,12529999.7329712
2014,Panama,PAN,3990000.00953674
2014,Papua New Guinea,PNG,6980000.01907349
2014,Paraguay,PRY,13739999.7711182
2014,Peru,PER,118680000.305176
2014,Philippines,PHL,253460006.713867
2014,Rwanda,RWA,157460006.713867
2014,Samoa,WSM,839999.973773956
2014,Sao Tome and Principe,STP,180000.007152557
2014,Senegal,SEN,271410003.662109
2014,Serbia,SRB,32860000.6103516
2014,Seychelles,SYC,70000.0002980232
2014,Sierra Leone,SLE,14970000.2670288
2014,Solomon Islands,SLB,1500000.0
2014,"Somalia, Fed. Rep.",SOM,203210006.713867
2014,South Africa,ZAF,515020019.53125
2014,South Sudan,SSD,796070007.324219
2014,Sri Lanka,LKA,7940000.05722046
2014,St. Lucia,LCA,19999.9995529652
2014,Sudan,SDN,255669998.168945
2014,Suriname,SUR,-720000.028610229
2014,Syrian Arab Republic,SYR,644270019.53125
2014,Tajikistan,TJK,41130001.0681152
2014,Tanzania,TZA,509010009.765625
2014,Thailand,THA,56979999.5422363
2014,Timor-Leste,TLS,27149999.6185303
2014,Togo,TGO,3269999.98092651
2014,Tonga,TON,1129999.99523163
2014,Tunisia,TUN,18370000.8392334
2014,Turkiye,TUR,73819999.6948242
2014,Turkmenistan,TKM,8819999.69482422
2014,Uganda,UGA,470070007.324219
2014,Ukraine,UKR,158970001.220703
2014,Uruguay,URY,140000.000596046
2014,Uzbekistan,UZB,21090000.1525879
2014,Vanuatu,VUT,3029999.97138977
2014,"Venezuela, RB",VEN,5570000.17166138
2014,Viet Nam,VNM,93559997.5585938
2014,West Bank and Gaza,PSE,544190002.441406
2014,"Yemen, Rep.",YEM,161410003.662109
2014,Zambia,ZMB,321059997.558594
2014,Zimbabwe,ZWE,177500000.0
2015,Afghanistan,AFG,1631469238.28125
2015,Albania,ALB,16276315.6890869
2015,Algeria,DZA,4875916.95785522
2015,Angola,AGO,60912094.1162109
2015,Antigua and Barbuda,ATG,-591198.980808258
2015,Argentina,ARG,-4315053.93981934
2015,Armenia,ARM,24983774.1851807
2015,Azerbaijan,AZE,13400041.5802002
2015,Bangladesh,BGD,211617355.34668
2015,Belarus,BLR,10616424.5605469
2015,Belize,BLZ,1830500.96035004
2015,Benin,BEN,35616279.6020508
2015,Bhutan,BTN,1001003.9806366
2015,Bolivia,BOL,2162297.96409607
2015,Bosnia and Herzegovina,BIH,33467960.357666
2015,Botswana,BWA,50277908.3251953
2015,Brazil,BRA,14634789.4668579
2015,Burkina Faso,BFA,58600883.4838867
2015,Burundi,BDI,41969520.5688477
2015,Cabo Verde,CPV,11761274.3377686
2015,Cambodia,KHM,86047279.3579102
2015,Cameroon,CMR,81301689.1479492
2015,Central African Republic,CAF,68072311.4013672
2015,Chad,TCD,78961135.8642578
2015,Chile,CHL,1539451.00307465
2015,China,CHN,33415340.423584
2015,Colombia,COL,381490936.279297
2015,Comoros,COM,1060343.02711487
2015,"Congo, Dem. Rep.",COD,769228027.34375
2015,"Congo, Rep.",COG,2541806.93626404
2015,Costa Rica,CRI,8517141.34216309
2015,Cote d'Ivoire,CIV,69290832.5195313
2015,Cuba,CUB,7895974.15924072
2015,Djibouti,DJI,5653204.91790771
2015,Dominica,DMA,16497.9994297028
2015,Dominican Republic,DOM,20598367.69104
2015,Ecuador,ECU,14668293.9529419
2015,"Egypt, Arab Rep.",EGY,-154496948.242188
2015,El Salvador,SLV,47465724.9450684
2015,Equatorial Guinea,GNQ,189774.006605148
2015,Eritrea,ERI,80229.9976348877
2015,Eswatini,SWZ,35709568.0236816
2015,Ethiopia,ETH,746427490.234375
2015,Fiji,FJI,1841642.02213287
2015,Gabon,GAB,8635178.565979
2015,"Gambia, The",GMB,2328237.05673218
2015,Georgia,GEO,90649833.6791992
2015,Ghana,GHA,184977157.592773
2015,Grenada,GRD,4927.99980565906
2015,Guatemala,GTM,123495941.162109
2015,Guinea,GIN,76721069.3359375
2015,Guinea-Bissau,GNB,3399895.90644836
2015,Guyana,GUY,6445797.92022705
2015,Haiti,HTI,398958099.365234
2015,Honduras,HND,110377380.371094
2015,India,IND,60454208.3740234
2015,Indonesia,IDN,130528030.395508
2015,"Iran, Islamic Rep.",IRN,674799.978733063
2015,Iraq,IRQ,346030578.613281
2015,Jamaica,JAM,13911216.7358398
2015,Jordan,JOR,809685791.015625
2015,Kazakhstan,KAZ,18666004.1809082
2015,Kenya,KEN,711729614.257813
2015,Kiribati,KIR,50000.0007450581
2015,"Korea, Dem. People's Rep.",PRK,2003874.06349182
2015,Kosovo,XKX,45685680.3894043
2015,Kyrgyz Republic,KGZ,49542118.0725098
2015,Lao PDR,LAO,25330526.3519287
2015,Lebanon,LBN,303495056.152344
2015,Lesotho,LSO,26523021.697998
2015,Liberia,LBR,514062316.894531
2015,Libya,LBY,20760103.225708
2015,Madagascar,MDG,152072708.129883
2015,Malawi,MWI,248633544.921875
2015,Malaysia,MYS,4544661.99874878
2015,Maldives,MDV,76485.9989285469
2015,Mali,MLI,162433868.408203
2015,Marshall Islands,MHL,45861576.0803223
2015,Mauritania,MRT,24045270.9197998
2015,Mauritius,MUS,156862.005591393
2015,Mexico,MEX,254040603.637695
2015,"Micronesia, Fed. Sts.",FSM,60372325.8972168
2015,Moldova,MDA,88795494.0795898
2015,Mongolia,MNG,9002092.3614502
2015,Montenegro,MNE,1772186.99455261
2015,Morocco,MAR,15023481.3690186
2015,Mozambique,MOZ,301557525.634766
2015,Myanmar,MMR,113558631.896973
2015,Namibia,NAM,62212017.0593262
2015,Nepal,NPL,161384689.331055
2015,Nicaragua,NIC,40939895.6298828
2015,Niger,NER,111901924.133301
2015,Nigeria,NGA,490637847.900391
2015,North Macedonia,MKD,19542993.5455322
2015,Pakistan,PAK,746095825.195313
2015,Palau,PLW,2660434.96131897
2015,Panama,PAN,6847832.20291138
2015,Papua New Guinea,PNG,8038813.59100342
2015,Paraguay,PRY,16394540.7867432
2015,Peru,PER,134592758.178711
2015,Philippines,PHL,250252670.288086
2015,Rwanda,RWA,198038818.359375
2015,Samoa,WSM,857876.002788544
2015,Sao Tome and Principe,STP,160246.998071671
2015,Senegal,SEN,267960632.324219
2015,Serbia,SRB,21845748.9013672
2015,Seychelles,SYC,31688.9993846416
2015,Sierra Leone,SLE,112772987.365723
2015,Solomon Islands,SLB,897204.995155334
2015,"Somalia, Fed. Rep.",SOM,203498809.814453
2015,South Africa,ZAF,336046691.894531
2015,South Sudan,SSD,595101196.289063
2015,Sri Lanka,LKA,-7083490.84854126
2015,St. Lucia,LCA,17517.0004367828
2015,Sudan,SDN,271903350.830078
2015,Suriname,SUR,-395036.995410919
2015,Syrian Arab Republic,SYR,710849792.480469
2015,Tajikistan,TJK,27877700.8056641
2015,Tanzania,TZA,452548034.667969
2015,Thailand,THA,43387390.1367188
2015,Timor-Leste,TLS,17763450.6225586
2015,Togo,TGO,3042582.98873901
2015,Tonga,TON,1609774.94716644
2015,Tunisia,TUN,20485343.9331055
2015,Turkiye,TUR,48004806.5185547
2015,Turkmenistan,TKM,5219742.77496338
2015,Tuvalu,TUV,49777.9995203018
2015,Uganda,UGA,409866943.359375
2015,Ukraine,UKR,244440933.227539
2015,Uruguay,URY,539346.992969513
2015,Uzbekistan,UZB,7367208.95767212
2015,Vanuatu,VUT,4931873.79837036
2015,"Venezuela, RB",VEN,7940882.20596313
2015,Viet Nam,VNM,80096305.847168
2015,West Bank and Gaza,PSE,256708892.822266
2015,"Yemen, Rep.",YEM,196677276.611328
2015,Zambia,ZMB,266803863.525391
2015,Zimbabwe,ZWE,154040542.602539
2016,Afghanistan,AFG,1375758544.92188
2016,Albania,ALB,17475353.2409668
2016,Algeria,DZA,3856225.96740723
2016,Angola,AGO,52318267.8222656
2016,Antigua and Barbuda,ATG,-242285.996675491
2016,Argentina,ARG,-780044.01922226
2016,Armenia,ARM,24751102.4475098
2016,Azerbaijan,AZE,11462808.6090088
2016,Bangladesh,BGD,244191909.790039
2016,Belarus,BLR,8737148.28491211
2016,Belize,BLZ,1814049.95918274
2016,Benin,BEN,58136928.5583496
2016,Bhutan,BTN,204706.996679306
2016,Bolivia,BOL,2259680.0327301
2016,Bosnia and Herzegovina,BIH,42729057.3120117
2016,Botswana,BWA,67283920.2880859
2016,Brazil,BRA,19029771.8048096
2016,Burkina Faso,BFA,62513156.8908691
2016,Burundi,BDI,388554077.148438
2016,Cabo Verde,CPV,18930744.1711426
2016,Cambodia,KHM,87055976.8676758
2016,Cameroon,CMR,78821311.9506836
2016,Central African Republic,CAF,79264884.9487305
2016,Chad,TCD,75243171.6918945
2016,Chile,CHL,1420479.05921936
2016,China,CHN,46086158.7524414
2016,Colombia,COL,293425415.039063
2016,Comoros,COM,1031309.00859833
2016,"Congo, Dem. Rep.",COD,337183990.478516
2016,"Congo, Rep.",COG,4007446.76589966
2016,Costa Rica,CRI,8513154.02984619
2016,Cote d'Ivoire,CIV,145879776.000977
2016,Cuba,CUB,9917925.83465576
2016,Djibouti,DJI,6747498.98910522
2016,Dominica,DMA,149391.993880272
2016,Dominican Republic,DOM,45611091.6137695
2016,Ecuador,ECU,18120653.1524658
2016,"Egypt, Arab Rep.",EGY,-129937042.236328
2016,El Salvador,SLV,60431751.2512207
2016,Equatorial Guinea,GNQ,2044903.03993225
2016,Eritrea,ERI,136488.005518913
2016,Eswatini,SWZ,56069221.496582
2016,Ethiopia,ETH,874894714.355469
2016,Fiji,FJI,3522921.08535767
2016,Gabon,GAB,3211270.09391785
2016,"Gambia, The",GMB,2417994.9760437
2016,Georgia,GEO,80885223.3886719
2016,Ghana,GHA,227147827.148438
2016,Grenada,GRD,497042.000293732
2016,Guatemala,GTM,133415069.580078
2016,Guinea,GIN,125431365.966797
2016,Guinea-Bissau,GNB,8690336.22741699
2016,Guyana,GUY,7685367.10739136
2016,Haiti,HTI,424702636.71875
2016,Honduras,HND,107291992.1875
2016,India,IND,91074348.449707
2016,Indonesia,IDN,216570983.886719
2016,"Iran, Islamic Rep.",IRN,3315562.96348572
2016,Iraq,IRQ,415112030.029297
2016,Jamaica,JAM,14102461.8148804
2016,Jordan,JOR,873982116.699219
2016,Kazakhstan,KAZ,13534259.7961426
2016,Kenya,KEN,805718261.71875
2016,"Korea, Dem. People's Rep.",PRK,2142160.89248657
2016,Kosovo,XKX,63119102.4780273
2016,Kyrgyz Republic,KGZ,45025886.5356445
2016,Lao PDR,LAO,32471572.8759766
2016,Lebanon,LBN,138770919.799805
2016,Lesotho,LSO,46806884.765625
2016,Liberia,LBR,399556091.308594
2016,Libya,LBY,20113906.8603516
2016,Madagascar,MDG,116175155.639648
2016,Malawi,MWI,370221130.371094
2016,Malaysia,MYS,4566884.04083252
2016,Maldives,MDV,1367663.97953033
2016,Mali,MLI,208311691.28418
2016,Marshall Islands,MHL,6900140.7623291
2016,Mauritania,MRT,12118795.3948975
2016,Mauritius,MUS,59025.0007808208
2016,Mexico,MEX,135482208.251953
2016,"Micronesia, Fed. Sts.",FSM,29537191.3909912
2016,Moldova,MDA,26852066.0400391
2016,Mongolia,MNG,7040233.13522339
2016,Montenegro,MNE,2858618.02101135
2016,Morocco,MAR,29129310.6079102
2016,Mozambique,MOZ,389409484.863281
2016,Myanmar,MMR,131333908.081055
2016,Namibia,NAM,57612037.6586914
2016,Nepal,NPL,159494567.871094
2016,Nicaragua,NIC,43180744.1711426
2016,Niger,NER,106039176.940918
2016,Nigeria,NGA,529580261.230469
2016,North Macedonia,MKD,21409065.246582
2016,Pakistan,PAK,605307006.835938
2016,Palau,PLW,887611.985206604
2016,Panama,PAN,7819281.10122681
2016,Papua New Guinea,PNG,11877030.3726196
2016,Paraguay,PRY,12731201.171875
2016,Peru,PER,111639846.801758
2016,Philippines,PHL,240059295.654297
2016,Rwanda,RWA,176753005.981445
2016,Samoa,WSM,1410115.95726013
2016,Sao Tome and Principe,STP,52891.9994831085
2016,Senegal,SEN,125026199.34082
2016,Serbia,SRB,16479722.9766846
2016,Sierra Leone,SLE,127961326.599121
2016,Solomon Islands,SLB,884218.990802765
2016,"Somalia, Fed. Rep.",SOM,214454803.466797
2016,South Africa,ZAF,489865051.269531
2016,South Sudan,SSD,543536071.777344
2016,Sri Lanka,LKA,3232402.08625793
2016,St. Lucia,LCA,37999.9987781048
2016,Sudan,SDN,227578079.223633
2016,Suriname,SUR,-94263.0022764206
2016,Syrian Arab Republic,SYR,637279602.050781
2016,Tajikistan,TJK,30104183.1970215
2016,Tanzania,TZA,500010253.90625
2016,Thailand,THA,53310119.6289063
2016,Timor-Leste,TLS,19858892.4407959
2016,Togo,TGO,4974111.08016968
2016,Tonga,TON,1354313.96961212
2016,Tunisia,TUN,30713470.4589844
2016,Turkiye,TUR,48734443.6645508
2016,Turkmenistan,TKM,4290651.79824829
2016,Uganda,UGA,538707031.25
2016,Ukraine,UKR,171368469.238281
2016,Uruguay,URY,486124.008893967
2016,Uzbekistan,UZB,6762667.17910767
2016,Vanuatu,VUT,3459218.97888184
2016,"Venezuela, RB",VEN,9860185.62316895
2016,Viet Nam,VNM,103829513.549805
2016,West Bank and Gaza,PSE,650373474.121094
2016,"Yemen, Rep.",YEM,299437194.824219
2016,Zambia,ZMB,367970581.054688
2016,Zimbabwe,ZWE,216199508.666992
2017,Afghanistan,AFG,1215113769.53125
2017,Albania,ALB,21455049.5147705
2017,Algeria,DZA,13874759.6740723
2017,Angola,AGO,56503421.7834473
2017,Antigua and Barbuda,ATG,9010.00015437603
2017,Argentina,ARG,1321449.99504089
2017,Armenia,ARM,25217210.7696533
2017,Azerbaijan,AZE,14091730.1177979
2017,Bangladesh,BGD,274246551.513672
2017,Belarus,BLR,4796090.1260376
2017,Belize,BLZ,3378750.08583069
2017,Benin,BEN,120440460.205078
2017,Bhutan,BTN,292789.995670319
2017,Bolivia,BOL,2333440.06538391
2017,Bosnia and Herzegovina,BIH,56050399.7802734
2017,Botswana,BWA,55383209.2285156
2017,Brazil,BRA,21114080.4290771
2017,Burkina Faso,BFA,70530792.2363281
2017,Burundi,BDI,64041458.1298828
2017,Cabo Verde,CPV,24878200.5310059
2017,Cambodia,KHM,91130897.5219727
2017,Cameroon,CMR,84700332.6416016
2017,Central African Republic,CAF,61460731.5063477
2017,Chad,TCD,35130268.0969238
2017,Chile,CHL,1245569.94438171
2017,China,CHN,38867099.7619629
2017,Colombia,COL,304529663.085938
2017,Comoros,COM,1433789.9684906
2017,"Congo, Dem. Rep.",COD,442082916.259766
2017,"Congo, Rep.",COG,2431200.02746582
2017,Costa Rica,CRI,9535300.25482178
2017,Cote d'Ivoire,CIV,153437957.763672
2017,Cuba,CUB,9437700.27160645
2017,Djibouti,DJI,11614939.6896362
2017,Dominica,DMA,508629.977703094
2017,Dominican Republic,DOM,60142848.9685059
2017,Ecuador,ECU,16621730.8044434
2017,"Egypt, Arab Rep.",EGY,-177114089.96582
2017,El Salvador,SLV,75668388.3666992
2017,Equatorial Guinea,GNQ,2060019.96994019
2017,Eritrea,ERI,129710.003733635
2017,Eswatini,SWZ,69295089.7216797
2017,Ethiopia,ETH,1026682373.04688
2017,Fiji,FJI,2492520.09391785
2017,Gabon,GAB,4847919.94094849
2017,"Gambia, The",GMB,18688770.2941895
2017,Georgia,GEO,93770477.2949219
2017,Ghana,GHA,231909683.227539
2017,Grenada,GRD,-39200.0004649162
2017,Guatemala,GTM,209684661.865234
2017,Guinea,GIN,74041259.765625
2017,Guinea-Bissau,GNB,10341090.2023315
2017,Guyana,GUY,6008170.12786865
2017,Haiti,HTI,416786895.751953
2017,Honduras,HND,120310256.958008
2017,India,IND,109887222.290039
2017,Indonesia,IDN,356514068.603516
2017,"Iran, Islamic Rep.",IRN,476999.998092651
2017,Iraq,IRQ,412057128.90625
2017,Jamaica,JAM,23485660.5529785
2017,Jordan,JOR,894962463.378906
2017,Kazakhstan,KAZ,19915660.8581543
2017,Kenya,KEN,855409667.96875
2017,Kosovo,XKX,50030628.2043457
2017,Kyrgyz Republic,KGZ,52356849.6704102
2017,Lao PDR,LAO,44596069.3359375
2017,Lebanon,LBN,203062103.271484
2017,Lesotho,LSO,73198417.6635742
2017,Liberia,LBR,286128540.039063
2017,Libya,LBY,44636539.4592285
2017,Madagascar,MDG,89361297.6074219
2017,Malawi,MWI,446897796.630859
2017,Malaysia,MYS,3648619.89021301
2017,Maldives,MDV,79369.9994683266
2017,Mali,MLI,218721954.345703
2017,Marshall Islands,MHL,56534370.4223633
2017,Mauritania,MRT,10375260.3530884
2017,Mauritius,MUS,10999.9999403954
2017,Mexico,MEX,185842880.249023
2017,"Micronesia, Fed. Sts.",FSM,69732910.15625
2017,Moldova,MDA,27428800.5828857
2017,Mongolia,MNG,13500929.8324585
2017,Montenegro,MNE,1855000.01907349
2017,Morocco,MAR,39401088.7145996
2017,Mozambique,MOZ,503531433.105469
2017,Myanmar,MMR,139518753.051758
2017,Namibia,NAM,58431781.7687988
2017,Nepal,NPL,186968856.811523
2017,Nicaragua,NIC,50999141.6931152
2017,Niger,NER,76497001.6479492
2017,Nigeria,NGA,726782287.597656
2017,North Macedonia,MKD,24666660.3088379
2017,Pakistan,PAK,492241607.666016
2017,Palau,PLW,2915240.04936218
2017,Panama,PAN,17443710.3271484
2017,Papua New Guinea,PNG,10805190.0863647
2017,Paraguay,PRY,22304349.899292
2017,Peru,PER,100771697.998047
2017,Philippines,PHL,138990737.915039
2017,Rwanda,RWA,176831375.12207
2017,Samoa,WSM,1240389.94312286
2017,Sao Tome and Principe,STP,49559.9992573261
2017,Senegal,SEN,157293334.960938
2017,Serbia,SRB,16864799.4995117
2017,Sierra Leone,SLE,74523323.059082
2017,Solomon Islands,SLB,666190.028190613
2017,"Somalia, Fed. Rep.",SOM,332044006.347656
2017,South Africa,ZAF,596045654.296875
2017,South Sudan,SSD,886036193.847656
2017,Sri Lanka,LKA,5464710.2355957
2017,St. Lucia,LCA,25159.9997282028
2017,St. Vincent and the Grenadines,VCT,63199.9969482422
2017,Sudan,SDN,111168838.500977
2017,Syrian Arab Republic,SYR,627377197.265625
2017,Tajikistan,TJK,35336048.1262207
2017,Tanzania,TZA,597019592.285156
2017,Thailand,THA,51938518.5241699
2017,Timor-Leste,TLS,22859889.9841309
2017,Togo,TGO,5026909.82818604
2017,Tonga,TON,1472959.99526978
2017,Tunisia,TUN,29404220.5810547
2017,Turkiye,TUR,41422981.262207
2017,Turkmenistan,TKM,2927309.9899292
2017,Uganda,UGA,639981567.382813
2017,Ukraine,UKR,231810897.827148
2017,Uruguay,URY,57739.9991452694
2017,Uzbekistan,UZB,8025799.75128174
2017,Vanuatu,VUT,3646430.01556396
2017,"Venezuela, RB",VEN,12313790.3213501
2017,Viet Nam,VNM,116161399.841309
2017,West Bank and Gaza,PSE,332639770.507813
2017,"Yemen, Rep.",YEM,439419342.041016
2017,Zambia,ZMB,495148773.193359
2017,Zimbabwe,ZWE,227523895.263672
2018,Afghanistan,AFG,914368591.308594
2018,Albania,ALB,21120609.2834473
2018,Algeria,DZA,2523699.99885559
2018,Angola,AGO,50564968.1091309
2018,Antigua and Barbuda,ATG,-76669.9984669685
2018,Argentina,ARG,4214079.85687256
2018,Armenia,ARM,26120460.5102539
2018,Azerbaijan,AZE,12727040.2908325
2018,Bangladesh,BGD,324138122.558594
2018,Belarus,BLR,5413990.02075195
2018,Belize,BLZ,2797889.94789124
2018,Benin,BEN,57106281.2805176
2018,Bhutan,BTN,674979.984760284
2018,Bolivia,BOL,856570.00541687
2018,Bosnia and Herzegovina,BIH,49633460.9985352
2018,Botswana,BWA,54516750.3356934
2018,Brazil,BRA,24282480.2398682
2018,Burkina Faso,BFA,61965938.5681152
2018,Burundi,BDI,50023590.0878906
2018,Cabo Verde,CPV,3905319.92912292
2018,Cambodia,KHM,101924583.435059
2018,Cameroon,CMR,109703559.875488
2018,Central African Republic,CAF,56230358.1237793
2018,Chad,TCD,93385177.6123047
2018,China,CHN,31325439.453125
2018,Colombia,COL,339214324.951172
2018,Comoros,COM,1258440.0177002
2018,"Congo, Dem. Rep.",COD,464977447.509766
2018,"Congo, Rep.",COG,9192819.59533691
2018,Costa Rica,CRI,10296079.6356201
2018,Cote d'Ivoire,CIV,184267562.866211
2018,Cuba,CUB,10415619.8501587
2018,Djibouti,DJI,9616649.62768555
2018,Dominica,DMA,4763949.87106323
2018,Dominican Republic,DOM,58599170.6848145
2018,Ecuador,ECU,17309579.8492432
2018,"Egypt, Arab Rep.",EGY,-68158859.2529297
2018,El Salvador,SLV,130233245.849609
2018,Equatorial Guinea,GNQ,1169070.00541687
2018,Eritrea,ERI,751999.974250793
2018,Eswatini,SWZ,59549598.6938477
2018,Ethiopia,ETH,821315856.933594
2018,Fiji,FJI,2293200.01602173
2018,Gabon,GAB,-1316319.94247437
2018,"Gambia, The",GMB,2598030.09033203
2018,Georgia,GEO,98253860.4736328
2018,Ghana,GHA,217979736.328125
2018,Grenada,GRD,1320.00003941357
2018,Guatemala,GTM,199711212.158203
2018,Guinea,GIN,78575897.2167969
2018,Guinea-Bissau,GNB,3447139.97840881
2018,Guyana,GUY,5152530.19332886
2018,Haiti,HTI,334046081.542969
2018,Honduras,HND,161375762.939453
2018,India,IND,117840927.124023
2018,Indonesia,IDN,215130935.668945
2018,"Iran, Islamic Rep.",IRN,5476409.91210938
2018,Iraq,IRQ,555464660.644531
2018,Jamaica,JAM,27567829.1320801
2018,Jordan,JOR,1134971557.61719
2018,Kazakhstan,KAZ,18705230.7128906
2018,Kenya,KEN,829231445.3125
2018,"Korea, Dem. People's Rep.",PRK,3105999.94659424
2018,Kosovo,XKX,48488349.9145508
2018,Kyrgyz Republic,KGZ,46986240.3869629
2018,Lao PDR,LAO,55316761.0168457
2018,Lebanon,LBN,180713912.963867
2018,Lesotho,LSO,85888671.875
2018,Liberia,LBR,229594757.080078
2018,Libya,LBY,65594978.3325195
2018,Madagascar,MDG,97846328.7353516
2018,Malawi,MWI,442083892.822266
2018,Malaysia,MYS,5149849.8916626
2018,Maldives,MDV,-35199.9998092651
2018,Mali,MLI,214426254.272461
2018,Marshall Islands,MHL,42129409.7900391
2018,Mauritania,MRT,13078980.4458618
2018,Mauritius,MUS,249630.004167557
2018,Mexico,MEX,232664154.052734
2018,"Micronesia, Fed. Sts.",FSM,55401329.0405273
2018,Moldova,MDA,34094699.8596191
2018,Mongolia,MNG,13577070.2362061
2018,Montenegro,MNE,2289410.11428833
2018,Morocco,MAR,49018459.3200684
2018,Mozambique,MOZ,519638122.558594
2018,Myanmar,MMR,143720626.831055
2018,Namibia,NAM,66301818.8476563
2018,Nepal,NPL,173404663.085938
2018,Nicaragua,NIC,44566699.9816895
2018,Niger,NER,158981063.842773
2018,Nigeria,NGA,841760681.152344
2018,North Macedonia,MKD,26684429.1687012
2018,Pakistan,PAK,464346008.300781
2018,Palau,PLW,66399002.0751953
2018,Panama,PAN,9743820.19042969
2018,Papua New Guinea,PNG,8747670.17364502
2018,Paraguay,PRY,18280750.2746582
2018,Peru,PER,84114189.1479492
2018,Philippines,PHL,104924827.575684
2018,Rwanda,RWA,168722869.873047
2018,Samoa,WSM,1831320.04737854
2018,Sao Tome and Principe,STP,-24749.9998658895
2018,Senegal,SEN,178320053.100586
2018,Serbia,SRB,24681060.7910156
2018,Sierra Leone,SLE,57992660.5224609
2018,Solomon Islands,SLB,1602210.04486084
2018,"Somalia, Fed. Rep.",SOM,382138275.146484
2018,South Africa,ZAF,575649841.308594
2018,South Sudan,SSD,678649658.203125
2018,Sri Lanka,LKA,36971080.7800293
2018,St. Lucia,LCA,-49989.9983406067
2018,St. Vincent and the Grenadines,VCT,14969.9999019504
2018,Sudan,SDN,227092529.296875
2018,Syrian Arab Republic,SYR,694530029.296875
2018,Tajikistan,TJK,35383861.541748
2018,Tanzania,TZA,658672363.28125
2018,Thailand,THA,40015731.8115234
2018,Timor-Leste,TLS,22628700.2563477
2018,Togo,TGO,3954750.06103516
2018,Tonga,TON,1603189.94522095
2018,Tunisia,TUN,45169818.8781738
2018,Turkiye,TUR,58169170.3796387
2018,Turkmenistan,TKM,3023080.11054993
2018,Uganda,UGA,611409729.003906
2018,Ukraine,UKR,190858627.319336
2018,Uzbekistan,UZB,8627059.93652344
2018,Vanuatu,VUT,3621170.04394531
2018,"Venezuela, RB",VEN,15135330.2001953
2018,Viet Nam,VNM,113255142.211914
2018,West Bank and Gaza,PSE,269647491.455078
2018,"Yemen, Rep.",YEM,598674865.722656
2018,Zambia,ZMB,479139678.955078
2018,Zimbabwe,ZWE,202534973.144531
2019,Afghanistan,AFG,1428208007.8125
2019,Albania,ALB,17039571.762085
2019,Algeria,DZA,2045744.89593506
2019,Angola,AGO,44775005.3405762
2019,Argentina,ARG,1096153.97453308
2019,Armenia,ARM,26072788.2385254
2019,Azerbaijan,AZE,12837994.5755005
2019,Bangladesh,BGD,404869995.117188
2019,Belarus,BLR,4233922.95837402
2019,Belize,BLZ,2652750.96893311
2019,Benin,BEN,99919654.8461914
2019,Bhutan,BTN,804609.000682831
2019,Bolivia,BOL,1368630.05161285
2019,Bosnia and Herzegovina,BIH,45703212.7380371
2019,Botswana,BWA,44608402.2521973
2019,Brazil,BRA,38966083.5266113
2019,Burkina Faso,BFA,100841308.59375
2019,Burundi,BDI,62707454.6813965
2019,Cabo Verde,CPV,1047335.98232269
2019,Cambodia,KHM,89132591.2475586
2019,Cameroon,CMR,88858856.2011719
2019,Central African Republic,CAF,103968803.405762
2019,Chad,TCD,65407440.1855469
2019,China,CHN,35124298.0957031
2019,Colombia,COL,433249969.482422
2019,Comoros,COM,1618988.03710938
2019,"Congo, Dem. Rep.",COD,646160339.355469
2019,"Congo, Rep.",COG,7469379.90188599
2019,Costa Rica,CRI,11087310.7910156
2019,Cote d'Ivoire,CIV,72775810.2416992
2019,Cuba,CUB,13628878.5934448
2019,Djibouti,DJI,24878290.1763916
2019,Dominica,DMA,3749907.01675415
2019,Dominican Republic,DOM,50895301.8188477
2019,Ecuador,ECU,29935638.4277344
2019,"Egypt, Arab Rep.",EGY,-73760246.2768555
2019,El Salvador,SLV,185541641.235352
2019,Equatorial Guinea,GNQ,338847.011327744
2019,Eritrea,ERI,55773.9995419979
2019,Eswatini,SWZ,43630214.6911621
2019,Ethiopia,ETH,865980712.890625
2019,Fiji,FJI,2828072.07107544
2019,Gabon,GAB,-7311546.80252075
2019,"Gambia, The",GMB,5561570.1675415
2019,Georgia,GEO,93017791.7480469
2019,Ghana,GHA,197770172.119141
2019,Grenada,GRD,4999.99988824129
2019,Guatemala,GTM,183478485.107422
2019,Guinea,GIN,60546131.1340332
2019,Guinea-Bissau,GNB,750850.975513458
2019,Guyana,GUY,3727183.1035614
2019,Haiti,HTI,224513412.475586
2019,Honduras,HND,126280746.459961
2019,India,IND,72198707.5805664
2019,Indonesia,IDN,102760162.353516
2019,"Iran, Islamic Rep.",IRN,1386000.0371933
2019,Iraq,IRQ,597150512.695313
2019,Jamaica,JAM,16946847.9156494
2019,Jordan,JOR,1106405029.29688
2019,Kazakhstan,KAZ,15862992.2866821
2019,Kenya,KEN,685357849.121094
2019,"Korea, Dem. People's Rep.",PRK,3444143.05686951
2019,Kosovo,XKX,38910350.7995605
2019,Kyrgyz Republic,KGZ,47927753.4484863
2019,Lao PDR,LAO,54066177.3681641
2019,Lebanon,LBN,238706344.604492
2019,Lesotho,LSO,54845771.7895508
2019,Liberia,LBR,182504470.825195
2019,Libya,LBY,63741954.8034668
2019,Madagascar,MDG,106046394.348145
2019,Malawi,MWI,262725799.560547
2019,Malaysia,MYS,10019462.5854492
2019,Maldives,MDV,1241332.05413818
2019,Mali,MLI,222185348.510742
2019,Marshall Islands,MHL,42084930.4199219
2019,Mauritania,MRT,17910074.2340088
2019,Mauritius,MUS,55890.9997344017
2019,Mexico,MEX,157945922.851563
2019,"Micronesia, Fed. Sts.",FSM,57778568.2678223
2019,Moldova,MDA,35019645.690918
2019,Mongolia,MNG,15865511.8942261
2019,Montenegro,MNE,1698017.95482635
2019,Morocco,MAR,54727340.6982422
2019,Mozambique,MOZ,352067718.505859
2019,Myanmar,MMR,148059204.101563
2019,Namibia,NAM,33283924.1027832
2019,Nepal,NPL,150693771.362305
2019,Nicaragua,NIC,30922393.7988281
2019,Niger,NER,158835876.464844
2019,Nigeria,NGA,651180541.992188
2019,North Macedonia,MKD,22262088.7756348
2019,Pakistan,PAK,318152282.714844
2019,Palau,PLW,1359341.02535248
2019,Panama,PAN,10144047.7371216
2019,Papua New Guinea,PNG,6828725.81481934
2019,Paraguay,PRY,16187686.920166
2019,Peru,PER,108331298.828125
2019,Philippines,PHL,128276321.411133
2019,Rwanda,RWA,184919128.417969
2019,Samoa,WSM,1233734.01165009
2019,Sao Tome and Principe,STP,19362.9991263151
2019,Senegal,SEN,175854660.03418
2019,Serbia,SRB,25530569.0765381
2019,Sierra Leone,SLE,57914779.6630859
2019,Solomon Islands,SLB,21376743.3166504
2019,"Somalia, Fed. Rep.",SOM,470013214.111328
2019,South Africa,ZAF,390481353.759766
2019,South Sudan,SSD,558419250.488281
2019,Sri Lanka,LKA,11909468.6508179
2019,St. Lucia,LCA,-49993.9993023872
2019,St. Vincent and the Grenadines,VCT,82390.0029063225
2019,Sudan,SDN,275796539.306641
2019,Suriname,SUR,90000.0035762787
2019,Syrian Arab Republic,SYR,573075012.207031
2019,Tajikistan,TJK,32322891.2353516
2019,Tanzania,TZA,464559326.171875
2019,Thailand,THA,45162200.9277344
2019,Timor-Leste,TLS,28021938.3239746
2019,Togo,TGO,3966217.99468994
2019,Tonga,TON,1278736.94896698
2019,Tunisia,TUN,125376060.48584
2019,Turkiye,TUR,64290748.5961914
2019,Turkmenistan,TKM,4410611.15264893
2019,Uganda,UGA,516499572.753906
2019,Ukraine,UKR,198099319.458008
2019,Uzbekistan,UZB,17214275.3601074
2019,Vanuatu,VUT,2391880.98907471
2019,"Venezuela, RB",VEN,43338401.7944336
2019,Viet Nam,VNM,96440750.1220703
2019,West Bank and Gaza,PSE,68682006.8359375
2019,"Yemen, Rep.",YEM,638053771.972656
2019,Zambia,ZMB,318409790.039063
2019,Zimbabwe,ZWE,257224548.339844
2020,Afghanistan,AFG,1009472412.10938
2020,Albania,ALB,15980832.0999146
2020,Algeria,DZA,4928430.08041382
2020,Angola,AGO,40817516.3269043
2020,Antigua and Barbuda,ATG,48916.0008728504
2020,Argentina,ARG,6024541.8548584
2020,Armenia,ARM,30667419.4335938
2020,Azerbaijan,AZE,12142462.7304077
2020,Bangladesh,BGD,309569946.289063
2020,Belarus,BLR,4570343.01757813
2020,Belize,BLZ,3504748.10600281
2020,Benin,BEN,97381774.9023438
2020,Bhutan,BTN,215813.994407654
2020,Bolivia,BOL,6872713.08898926
2020,Bosnia and Herzegovina,BIH,47448863.9831543
2020,Botswana,BWA,53715686.7980957
2020,Brazil,BRA,48938541.4123535
2020,Burkina Faso,BFA,121353553.771973
2020,Burundi,BDI,62338302.6123047
2020,Cabo Verde,CPV,472800.999879837
2020,Cambodia,KHM,113784492.492676
2020,Cameroon,CMR,201084152.22168
2020,Central African Republic,CAF,130245895.385742
2020,Chad,TCD,88144027.7099609
2020,China,CHN,21824890.1367188
2020,Colombia,COL,558759277.34375
2020,Comoros,COM,866701.006889343
2020,"Congo, Dem. Rep.",COD,778094116.210938
2020,"Congo, Rep.",COG,16744941.7114258
2020,Costa Rica,CRI,24077045.4406738
2020,Cote d'Ivoire,CIV,195026885.986328
2020,Cuba,CUB,10007895.4696655
2020,Djibouti,DJI,20116786.9567871
2020,Dominica,DMA,286884.009838104
2020,Dominican Republic,DOM,53708160.4003906
2020,Ecuador,ECU,56976745.6054688
2020,"Egypt, Arab Rep.",EGY,-112596641.540527
2020,El Salvador,SLV,183276611.328125
2020,Equatorial Guinea,GNQ,68166.0026311874
2020,Eritrea,ERI,100000.001490116
2020,Eswatini,SWZ,62094860.0769043
2020,Ethiopia,ETH,794179626.464844
2020,Fiji,FJI,1932037.94956207
2020,Gabon,GAB,1076625.9431839
2020,"Gambia, The",GMB,2703732.01370239
2020,Georgia,GEO,69415176.3916016
2020,Ghana,GHA,205510437.011719
2020,Guatemala,GTM,149697891.235352
2020,Guinea,GIN,43219493.8659668
2020,Guinea-Bissau,GNB,4916618.82400513
2020,Guyana,GUY,2509546.99516296
2020,Haiti,HTI,269924163.818359
2020,Honduras,HND,85374504.0893555
2020,India,IND,68011726.3793945
2020,Indonesia,IDN,128342575.073242
2020,Iraq,IRQ,533805786.132813
2020,Jamaica,JAM,13372974.395752
2020,Jordan,JOR,1212795288.08594
2020,Kazakhstan,KAZ,14075244.9035645
2020,Kenya,KEN,679416931.152344
2020,Kiribati,KIR,217465.996742249
2020,Kosovo,XKX,39002716.0644531
2020,Kyrgyz Republic,KGZ,44842781.0668945
2020,Lao PDR,LAO,63321170.8068848
2020,Lebanon,LBN,246971405.029297
2020,Lesotho,LSO,77240776.0620117
2020,Liberia,LBR,178804183.959961
2020,Libya,LBY,65583564.7583008
2020,Madagascar,MDG,121569190.979004
2020,Malawi,MWI,319701141.357422
2020,Malaysia,MYS,9426484.10797119
2020,Maldives,MDV,1206109.04693604
2020,Mali,MLI,185337524.414063
2020,Marshall Islands,MHL,104496597.290039
2020,Mauritania,MRT,16000843.0480957
2020,Mauritius,MUS,716803.014278412
2020,Mexico,MEX,173994964.599609
2020,"Micronesia, Fed. Sts.",FSM,122467208.862305
2020,Moldova,MDA,31234779.3579102
2020,Mongolia,MNG,31488054.2755127
2020,Montenegro,MNE,2362253.90434265
2020,Morocco,MAR,72555618.2861328
2020,Mozambique,MOZ,483137298.583984
2020,Myanmar,MMR,176656402.587891
2020,Namibia,NAM,81878921.5087891
2020,Nepal,NPL,133175430.297852
2020,Nicaragua,NIC,30910263.0615234
2020,Niger,NER,211980926.513672
2020,Nigeria,NGA,926798645.019531
2020,North Macedonia,MKD,18529170.9899902
2020,Pakistan,PAK,301063049.316406
2020,Palau,PLW,2522102.11753845
2020,Panama,PAN,7250214.09988403
2020,Papua New Guinea,PNG,10812338.8290405
2020,Paraguay,PRY,26614938.7359619
2020,Peru,PER,140717254.638672
2020,Philippines,PHL,137921905.517578
2020,Rwanda,RWA,188990890.50293
2020,Samoa,WSM,918034.970760345
2020,Sao Tome and Principe,STP,91532.9977869987
2020,Senegal,SEN,162129394.53125
2020,Serbia,SRB,27949312.210083
2020,Sierra Leone,SLE,53280311.5844727
2020,Solomon Islands,SLB,870334.029197693
2020,"Somalia, Fed. Rep.",SOM,690421569.824219
2020,South Africa,ZAF,717225952.148438
2020,South Sudan,SSD,724757751.464844
2020,Sri Lanka,LKA,19317842.4835205
2020,St. Lucia,LCA,-56885.9986960888
2020,St. Vincent and the Grenadines,VCT,-205680.996179581
2020,Sudan,SDN,229777084.350586
2020,Suriname,SUR,194999.992847443
2020,Syrian Arab Republic,SYR,690142272.949219
2020,Tajikistan,TJK,31319236.7553711
2020,Tanzania,TZA,605547180.175781
2020,Thailand,THA,43667942.0471191
2020,Timor-Leste,TLS,37727146.1486816
2020,Togo,TGO,4489009.85717773
2020,Tonga,TON,669037.997722626
2020,Tunisia,TUN,93656440.7348633
2020,Turkiye,TUR,49649478.9123535
2020,Turkmenistan,TKM,3677258.96835327
2020,Uganda,UGA,642262756.347656
2020,Ukraine,UKR,236295043.945313
2020,Uzbekistan,UZB,20697191.2384033
2020,Vanuatu,VUT,1805650.94947815
2020,"Venezuela, RB",VEN,89783943.1762695
2020,Viet Nam,VNM,136242172.241211
2020,West Bank and Gaza,PSE,20289369.5831299
2020,"Yemen, Rep.",YEM,703777221.679688
2020,Zambia,ZMB,391790283.203125
2020,Zimbabwe,ZWE,282374633.789063
2021,Afghanistan,AFG,1480721801.75781
2021,Albania,ALB,12599329.9484253
2021,Algeria,DZA,2554280.04264832
2021,Angola,AGO,41712638.8549805
2021,Antigua and Barbuda,ATG,-42700.0001072884
2021,Argentina,ARG,5438459.87319946
2021,Armenia,ARM,37696979.5227051
2021,Azerbaijan,AZE,13250849.7238159
2021,Bangladesh,BGD,443829742.431641
2021,Belarus,BLR,8583029.74700928
2021,Belize,BLZ,5473519.80209351
2021,Benin,BEN,171229934.692383
2021,Bhutan,BTN,1224979.99668121
2021,Bolivia,BOL,8393870.35369873
2021,Bosnia and Herzegovina,BIH,61028869.6289063
2021,Botswana,BWA,54975021.3623047
2021,Brazil,BRA,46859699.2492676
2021,Burkina Faso,BFA,180884231.567383
2021,Burundi,BDI,61560779.5715332
2021,Cabo Verde,CPV,1556949.97310638
2021,Cambodia,KHM,108625801.086426
2021,Cameroon,CMR,141055496.21582
2021,Central African Republic,CAF,122111190.795898
2021,Chad,TCD,111736633.300781
2021,China,CHN,14058520.3170776
2021,Colombia,COL,673175109.863281
2021,Comoros,COM,765349.984169006
2021,"Congo, Dem. Rep.",COD,898854614.257813
2021,"Congo, Rep.",COG,19955619.8120117
2021,Costa Rica,CRI,32484409.3322754
2021,Cote d'Ivoire,CIV,188171356.201172
2021,Cuba,CUB,8005880.35583496
2021,Djibouti,DJI,21629209.5184326
2021,Dominica,DMA,1197970.03269196
2021,Dominican Republic,DOM,72133377.0751953
2021,Ecuador,ECU,70766609.1918945
2021,"Egypt, Arab Rep.",EGY,46795619.9645996
2021,El Salvador,SLV,92104019.1650391
2021,Equatorial Guinea,GNQ,273860.00752449
2021,Eswatini,SWZ,59234569.5495605
2021,Ethiopia,ETH,1324626586.91406
2021,Fiji,FJI,2580300.09269714
2021,Gabon,GAB,2428289.89028931
2021,"Gambia, The",GMB,2772789.95513916
2021,Georgia,GEO,70729713.4399414
2021,Ghana,GHA,240641616.821289
2021,Guatemala,GTM,252409805.297852
2021,Guinea,GIN,43284000.3967285
2021,Guinea-Bissau,GNB,6213379.85992432
2021,Guyana,GUY,5891180.03845215
2021,Haiti,HTI,258227355.957031
2021,Honduras,HND,174671905.517578
2021,India,IND,132343399.047852
2021,Indonesia,IDN,108918952.941895
2021,Iraq,IRQ,461333679.199219
2021,Jamaica,JAM,24482690.8111572
2021,Jordan,JOR,1267981933.59375
2021,Kazakhstan,KAZ,15332070.350647
2021,Kenya,KEN,701439453.125
2021,Kiribati,KIR,221379.995346069
2021,"Korea, Dem. People's Rep.",PRK,7699.99995827675
2021,Kosovo,XKX,55262031.5551758
2021,Kyrgyz Republic,KGZ,47853420.2575684
2021,Lao PDR,LAO,69308273.3154297
2021,Lebanon,LBN,270818817.138672
2021,Lesotho,LSO,83351211.5478516
2021,Liberia,LBR,144494827.270508
2021,Libya,LBY,78209297.1801758
2021,Madagascar,MDG,153455261.230469
2021,Malawi,MWI,285391693.115234
2021,Malaysia,MYS,16357370.3765869
2021,Maldives,MDV,5773119.92645264
2021,Mali,MLI,222072006.225586
2021,Marshall Islands,MHL,88239021.3012695
2021,Mauritania,MRT,20575849.5330811
2021,Mauritius,MUS,960500.001907349
2021,Mexico,MEX,152591339.111328
2021,"Micronesia, Fed. Sts.",FSM,110489257.8125
2021,Moldova,MDA,41081451.4160156
2021,Mongolia,MNG,39257289.8864746
2021,Montenegro,MNE,5235079.76531982
2021,Morocco,MAR,183908782.958984
2021,Mozambique,MOZ,573855529.785156
2021,Myanmar,MMR,156128555.297852
2021,Namibia,NAM,82550880.4321289
2021,Nepal,NPL,160097381.591797
2021,Nicaragua,NIC,40296459.197998
2021,Niger,NER,261399230.957031
2021,Nigeria,NGA,912513916.015625
2021,North Macedonia,MKD,16188159.942627
2021,Pakistan,PAK,236580566.40625
2021,Palau,PLW,4412330.15060425
2021,Panama,PAN,35596199.0356445
2021,Papua New Guinea,PNG,13846389.7705078
2021,Paraguay,PRY,21585899.3530273
2021,Peru,PER,170237274.169922
2021,Philippines,PHL,159187896.728516
2021,Rwanda,RWA,151985275.268555
2021,Samoa,WSM,783969.99835968
2021,Sao Tome and Principe,STP,31690.0014877319
2021,Senegal,SEN,178511260.986328
2021,Serbia,SRB,35011360.168457
2021,Sierra Leone,SLE,52182460.7849121
2021,Solomon Islands,SLB,1963080.0485611
2021,"Somalia, Fed. Rep.",SOM,469789184.570313
2021,South Africa,ZAF,697566894.53125
2021,South Sudan,SSD,799288024.902344
2021,Sri Lanka,LKA,54688339.2333984
2021,St. Lucia,LCA,32999.9998211861
2021,St. Vincent and the Grenadines,VCT,1325670.00389099
2021,Sudan,SDN,734117248.535156
2021,Suriname,SUR,234819.993376732
2021,Syrian Arab Republic,SYR,801621276.855469
2021,Tajikistan,TJK,47748149.8718262
2021,Tanzania,TZA,506863586.425781
2021,Thailand,THA,64510948.1811523
2021,Timor-Leste,TLS,29755369.1864014
2021,Togo,TGO,13725660.3240967
2021,Tonga,TON,1027629.97150421
2021,Tunisia,TUN,109372871.398926
2021,Turkiye,TUR,64177207.9467773
2021,Turkmenistan,TKM,4557559.96704102
2021,Tuvalu,TUV,150000.005960464
2021,Uganda,UGA,630775695.800781
2021,Ukraine,UKR,304717193.603516
2021,Uzbekistan,UZB,37924709.3200684
2021,Vanuatu,VUT,1578600.04901886
2021,"Venezuela, RB",VEN,104841438.293457
2021,Viet Nam,VNM,142811584.472656
2021,West Bank and Gaza,PSE,46143791.1987305
2021,"Yemen, Rep.",YEM,900572875.976563
2021,Zambia,ZMB,399980529.785156
2021,Zimbabwe,ZWE,343128234.863281
2022,Afghanistan,AFG,1296003173.82813
2022,Albania,ALB,12305983.543396
2022,Algeria,DZA,1875293.01643372
2022,Angola,AGO,60146911.6210938
2022,Argentina,ARG,2861679.07714844
2022,Armenia,ARM,32471935.2722168
2022,Azerbaijan,AZE,12147979.7363281
2022,Bangladesh,BGD,375629364.013672
2022,Belarus,BLR,15238411.9033813
2022,Belize,BLZ,5993118.76296997
2022,Benin,BEN,116161163.330078
2022,Bhutan,BTN,48289.9993658066
2022,Bolivia,BOL,5003960.13259888
2022,Bosnia and Herzegovina,BIH,46602420.8068848
2022,Botswana,BWA,51870655.0598145
2022,Brazil,BRA,45594097.1374512
2022,Burkina Faso,BFA,180892791.748047
2022,Burundi,BDI,57130802.154541
2022,Cabo Verde,CPV,2370434.04579163
2022,Cambodia,KHM,109194923.400879
2022,Cameroon,CMR,162000457.763672
2022,Central African Republic,CAF,144609207.15332
2022,Chad,TCD,66694992.0654297
2022,China,CHN,7247227.19192505
2022,Colombia,COL,568795898.4375
2022,Comoros,COM,984278.976917267
2022,"Congo, Dem. Rep.",COD,598397399.902344
2022,"Congo, Rep.",COG,12032168.3883667
2022,Costa Rica,CRI,37082042.6940918
2022,Cote d'Ivoire,CIV,185864059.448242
2022,Cuba,CUB,5385272.02606201
2022,Djibouti,DJI,20935176.8493652
2022,Dominica,DMA,36102.0006239414
2022,Dominican Republic,DOM,71128044.128418
2022,Ecuador,ECU,74729957.5805664
2022,"Egypt, Arab Rep.",EGY,123851417.541504
2022,El Salvador,SLV,96260116.5771484
2022,Equatorial Guinea,GNQ,521323.025226593
2022,Eswatini,SWZ,64419670.1049805
2022,Ethiopia,ETH,1437013427.73438
2022,Fiji,FJI,3087481.97555542
2022,Gabon,GAB,91387.003660202
2022,"Gambia, The",GMB,4574357.9864502
2022,Georgia,GEO,59609310.1501465
2022,Ghana,GHA,161283767.700195
2022,Guatemala,GTM,222335403.442383
2022,Guinea,GIN,37929885.8642578
2022,Guinea-Bissau,GNB,4376967.9069519
2022,Guyana,GUY,4757969.85626221
2022,Haiti,HTI,261167938.232422
2022,Honduras,HND,138821685.791016
2022,India,IND,194585723.876953
2022,Indonesia,IDN,105613639.831543
2022,Iraq,IRQ,282426361.083984
2022,Jamaica,JAM,33409019.4702148
2022,Jordan,JOR,323788665.771484
2022,Kazakhstan,KAZ,14262052.5360107
2022,Kenya,KEN,590766296.386719
2022,Kiribati,KIR,421539.99209404
2022,"Korea, Dem. People's Rep.",PRK,261.999986832961
2022,Kosovo,XKX,68727485.6567383
2022,Kyrgyz Republic,KGZ,43431953.4301758
2022,Lao PDR,LAO,90008132.9345703
2022,Lebanon,LBN,291931976.318359
2022,Lesotho,LSO,71902656.5551758
2022,Liberia,LBR,119713920.593262
2022,Libya,LBY,53199943.5424805
2022,Madagascar,MDG,175662841.796875
2022,Malawi,MWI,300277984.619141
2022,Malaysia,MYS,6123627.18582153
2022,Maldives,MDV,4385953.90319824
2022,Mali,MLI,182729415.893555
2022,Marshall Islands,MHL,87753547.668457
2022,Mauritania,MRT,23724260.3302002
2022,Mauritius,MUS,302076.995372772
2022,Mexico,MEX,166501083.374023
2022,"Micronesia, Fed. Sts.",FSM,113157745.361328
2022,Moldova,MDA,53326446.5332031
2022,Mongolia,MNG,51408924.1027832
2022,Montenegro,MNE,3473618.98422241
2022,Morocco,MAR,161175308.227539
2022,Mozambique,MOZ,527947814.941406
2022,Myanmar,MMR,161687377.929688
2022,Namibia,NAM,77365684.5092773
2022,Nepal,NPL,129034332.275391
2022,Nicaragua,NIC,31638370.513916
2022,Niger,NER,238591552.734375
2022,Nigeria,NGA,772351501.464844
2022,North Macedonia,MKD,17475782.3944092
2022,Pakistan,PAK,184345382.69043
2022,Palau,PLW,6479967.11730957
2022,Panama,PAN,36588211.0595703
2022,Papua New Guinea,PNG,18004549.0264893
2022,Paraguay,PRY,13871246.3378906
2022,Peru,PER,186616073.608398
2022,Philippines,PHL,147659667.96875
2022,Rwanda,RWA,170378799.438477
2022,Samoa,WSM,964339.017868042
2022,Sao Tome and Principe,STP,13264.9997249246
2022,Senegal,SEN,152850494.384766
2022,Serbia,SRB,19977155.6854248
2022,Sierra Leone,SLE,41905830.3833008
2022,Solomon Islands,SLB,3201942.92068481
2022,"Somalia, Fed. Rep.",SOM,519289306.640625
2022,South Africa,ZAF,527477783.203125
2022,South Sudan,SSD,949816162.109375
2022,Sri Lanka,LKA,9996960.63995361
2022,St. Lucia,LCA,411186.009645462
2022,St. Vincent and the Grenadines,VCT,3365937.94822693
2022,Sudan,SDN,578775817.871094
2022,Suriname,SUR,-28111.9998544455
2022,Syrian Arab Republic,SYR,649811218.261719
2022,Tajikistan,TJK,48701496.1242676
2022,Tanzania,TZA,429445892.333984
2022,Thailand,THA,62083267.2119141
2022,Timor-Leste,TLS,28885047.9125977
2022,Togo,TGO,14110552.7877808
2022,Tonga,TON,2368581.05659485
2022,Tunisia,TUN,72183250.4272461
2022,Turkiye,TUR,66785232.5439453
2022,Turkmenistan,TKM,3996902.94265747
2022,Tuvalu,TUV,79999.9982118607
2022,Uganda,UGA,615974975.585938
2022,Ukraine,UKR,9238051757.8125
2022,Uzbekistan,UZB,39960353.8513184
2022,Vanuatu,VUT,1470407.96279907
2022,"Venezuela, RB",VEN,123893096.923828
2022,Viet Nam,VNM,153420288.085938
2022,West Bank and Gaza,PSE,86708732.6049805
2022,"Yemen, Rep.",YEM,982536254.882813
2022,Zambia,ZMB,408518035.888672
2022,Zimbabwe,ZWE,289188232.421875
2023,Afghanistan,AFG,1178222778.32031
2023,Albania,ALB,20720226.2878418
2023,Algeria,DZA,3858448.02856445
2023,Angola,AGO,61073547.3632813
2023,Argentina,ARG,4376154.89959717
2023,Armenia,ARM,56633819.5800781
2023,Azerbaijan,AZE,20866413.1164551
2023,Bangladesh,BGD,449813873.291016
2023,Belarus,BLR,31573480.6060791
2023,Belize,BLZ,7367484.0927124
2023,Benin,BEN,151239959.716797
2023,Bhutan,BTN,450747.99656868
2023,Bolivia,BOL,2822731.97174072
2023,Bosnia and Herzegovina,BIH,51484737.3962402
2023,Botswana,BWA,54067481.9946289
2023,Brazil,BRA,57648426.0559082
2023,Burkina Faso,BFA,175223800.65918
2023,Burundi,BDI,87159477.2338867
2023,Cabo Verde,CPV,2077214.95628357
2023,Cambodia,KHM,120587898.254395
2023,Cameroon,CMR,161487350.463867
2023,Central African Republic,CAF,124425300.598145
2023,Chad,TCD,74240440.3686523
2023,China,CHN,10176299.0951538
2023,Colombia,COL,635392517.089844
2023,Comoros,COM,1262644.05250549
2023,"Congo, Dem. Rep.",COD,1222046630.85938
2023,"Congo, Rep.",COG,13425687.789917
2023,Costa Rica,CRI,44669826.5075684
2023,Cote d'Ivoire,CIV,278951812.744141
2023,Cuba,CUB,7741189.00299072
2023,Djibouti,DJI,24034357.0709229
2023,Dominica,DMA,247014.001011848
2023,Dominican Republic,DOM,81671928.4057617
2023,Ecuador,ECU,78461723.3276367
2023,"Egypt, Arab Rep.",EGY,217951599.121094
2023,El Salvador,SLV,154634429.931641
2023,Equatorial Guinea,GNQ,114587.999880314
2023,Eswatini,SWZ,61007148.7426758
2023,Ethiopia,ETH,1612168212.89063
2023,Fiji,FJI,6296987.05673218
2023,Gabon,GAB,2174318.07518005
2023,"Gambia, The",GMB,12401177.406311
2023,Georgia,GEO,104756874.084473
2023,Ghana,GHA,196889007.568359
2023,Grenada,GRD,49554.0015399456
2023,Guatemala,GTM,234156890.869141
2023,Guinea,GIN,48514328.0029297
2023,Guinea-Bissau,GNB,5326470.85189819
2023,Guyana,GUY,3335758.92448425
2023,Haiti,HTI,340343353.271484
2023,Honduras,HND,217314361.572266
2023,India,IND,180197463.989258
2023,Indonesia,IDN,162071258.544922
2023,Iraq,IRQ,303043090.820313
2023,Jamaica,JAM,44909908.2946777
2023,Jordan,JOR,1252230468.75
2023,Kazakhstan,KAZ,15798454.284668
2023,Kenya,KEN,821621093.75
2023,Kiribati,KIR,341504.991054535
2023,Kosovo,XKX,65095176.6967773
2023,Kyrgyz Republic,KGZ,60098545.0744629
2023,Lao PDR,LAO,113598564.147949
2023,Lebanon,LBN,400264434.814453
2023,Lesotho,LSO,84549110.4125977
2023,Liberia,LBR,159467849.731445
2023,Libya,LBY,62695278.1677246
2023,Madagascar,MDG,171580032.348633
2023,Malawi,MWI,431212493.896484
2023,Malaysia,MYS,8538983.34503174
2023,Maldives,MDV,1646265.02990723
2023,Mali,MLI,238960174.560547
2023,Marshall Islands,MHL,83003761.2915039
2023,Mauritania,MRT,32246482.8491211
2023,Mauritius,MUS,10967.9996967316
2023,Mexico,MEX,231432266.235352
2023,"Micronesia, Fed. Sts.",FSM,100033760.070801
2023,Moldova,MDA,180505462.646484
2023,Mongolia,MNG,75692649.8413086
2023,Montenegro,MNE,6369699.00131226
2023,Morocco,MAR,133856277.46582
2023,Mozambique,MOZ,637185363.769531
2023,Myanmar,MMR,236138198.852539
2023,Namibia,NAM,84465461.730957
2023,Nepal,NPL,139001434.326172
2023,Nicaragua,NIC,34097694.3969727
2023,Niger,NER,317759796.142578
2023,Nigeria,NGA,934484924.316406
2023,North Macedonia,MKD,24815887.4511719
2023,Pakistan,PAK,202717559.814453
2023,Palau,PLW,8051446.91467285
2023,Panama,PAN,48120483.3984375
2023,Papua New Guinea,PNG,36330654.1442871
2023,Paraguay,PRY,17924133.3007813
2023,Peru,PER,212378143.310547
2023,Philippines,PHL,210301132.202148
2023,Rwanda,RWA,178903884.887695
2023,Samoa,WSM,1167109.96627808
2023,Sao Tome and Principe,STP,21898.9998102188
2023,Senegal,SEN,249546630.859375
2023,Serbia,SRB,45038780.2124023
2023,Sierra Leone,SLE,62390251.159668
2023,Solomon Islands,SLB,5550516.12854004
2023,"Somalia, Fed. Rep.",SOM,981230468.75
2023,South Africa,ZAF,545797302.246094
2023,South Sudan,SSD,709884948.730469
2023,Sri Lanka,LKA,101450851.44043
2023,St. Lucia,LCA,271106.004714966
2023,St. Vincent and the Grenadines,VCT,117784.99931097
2023,Sudan,SDN,440089141.845703
2023,Suriname,SUR,204398.00620079
2023,Syrian Arab Republic,SYR,829628234.863281
2023,Tajikistan,TJK,73311126.7089844
2023,Tanzania,TZA,608727478.027344
2023,Thailand,THA,98658882.1411133
2023,Timor-Leste,TLS,42849327.0874023
2023,Togo,TGO,27817287.4450684
2023,Tonga,TON,3019332.88574219
2023,Tunisia,TUN,127867156.982422
2023,Turkiye,TUR,177162368.774414
2023,Turkmenistan,TKM,4557104.11071777
2023,Tuvalu,TUV,100000.001490116
2023,Uganda,UGA,683201110.839844
2023,Ukraine,UKR,11790043945.3125
2023,Uzbekistan,UZB,51812099.4567871
2023,Vanuatu,VUT,3491779.088974
2023,"Venezuela, RB",VEN,202132858.276367
2023,Viet Nam,VNM,211936141.967773
2023,West Bank and Gaza,PSE,146189758.300781
2023,"Yemen, Rep.",YEM,820322143.554688
2023,Zambia,ZMB,433694976.806641
2023,Zimbabwe,ZWE,316813690.185547
