year,country_iso,country,sector,obligated_usd,disbursed_usd,obligation_to_disbursement
2001,AFG,Afghanistan,Health,761889.92,599686.19,0.7871
2001,AFG,Afghanistan,Education,172750.99,142902.59,0.8272
2001,AFG,Afghanistan,Economic Development,306803.42,228735.15,0.7455
2001,AFG,Afghanistan,Governance,814573.6,678254.47,0.8326
2001,AFG,Afghanistan,Agriculture,522489.62,472036.14,0.9034
2001,AFG,Afghanistan,Peace and Security,319253.86,188951.44,0.5919
2001,EGY,Egypt,Health,64991.04,51459.2,0.7918
2001,EGY,Egypt,Humanitarian,738188.15,619199.7,0.8388
2001,EGY,Egypt,Education,50000.0,37767.84,0.7554
2001,EGY,Egypt,Economic Development,615570.85,391739.26,0.6364
2001,ETH,Ethiopia,Health,1830378.65,1323539.19,0.7231
2001,ETH,Ethiopia,Education,276194.19,222777.07,0.8066
2001,ETH,Ethiopia,Economic Development,581489.99,391338.87,0.673
2001,ETH,Ethiopia,Governance,2578315.75,1635535.62,0.6343
2001,ETH,Ethiopia,Agriculture,619865.09,460574.36,0.743
2001,ETH,Ethiopia,Peace and Security,1298342.06,877790.02,0.6761
2001,JOR,Jordan,Health,1048837.56,836286.58,0.7973
2001,JOR,Jordan,Humanitarian,500571.18,450548.95,0.9001
2001,JOR,Jordan,Education,248447.89,209783.59,0.8444
2001,JOR,Jordan,Economic Development,625532.57,423821.24,0.6775
2001,JOR,Jordan,Agriculture,1519023.8,1454353.86,0.9574
2001,KEN,Kenya,Health,1137039.98,660517.47,0.5809
2001,KEN,Kenya,Humanitarian,483168.16,469079.85,0.9708
2001,KEN,Kenya,Education,370906.23,287738.26,0.7758
2001,KEN,Kenya,Agriculture,381081.12,328610.33,0.8623
2001,KEN,Kenya,Peace and Security,430681.08,295581.57,0.6863
2001,NGA,Nigeria,Health,324448.34,311449.42,0.9599
2001,NGA,Nigeria,Education,1165473.71,908155.36,0.7792
2001,NGA,Nigeria,Economic Development,537019.94,477950.91,0.89
2001,NGA,Nigeria,Governance,805068.03,497061.48,0.6174
2001,NGA,Nigeria,Agriculture,380732.23,271084.65,0.712
2001,NGA,Nigeria,Peace and Security,7141762.27,5143448.75,0.7202
2001,PAK,Pakistan,Health,684343.0,601648.09,0.8792
2001,PAK,Pakistan,Humanitarian,426420.03,385609.74,0.9043
2001,PAK,Pakistan,Economic Development,493333.89,406622.77,0.8242
2001,PAK,Pakistan,Governance,728552.5,522405.09,0.717
2001,PAK,Pakistan,Agriculture,674453.36,560279.72,0.8307
2001,PAK,Pakistan,Peace and Security,471464.32,273576.81,0.5803
2001,SOM,Somalia,Education,1430593.28,873332.03,0.6105
2001,SOM,Somalia,Economic Development,204368.17,186686.02,0.9135
2001,SOM,Somalia,Agriculture,2272795.35,2256896.82,0.993
2001,SOM,Somalia,Peace and Security,394350.86,315802.46,0.8008
2001,SSD,South Sudan,Health,1911454.01,1442866.74,0.7549
2001,SSD,South Sudan,Humanitarian,217012.26,161646.19,0.7449
2001,SSD,South Sudan,Economic Development,452615.97,423608.08,0.9359
2001,SSD,South Sudan,Agriculture,371131.58,279377.57,0.7528
2001,SSD,South Sudan,Peace and Security,2887055.93,2237375.9,0.775
2001,SDN,Sudan,Health,110706.64,80060.66,0.7232
2001,SDN,Sudan,Education,160779.98,138347.82,0.8605
2001,SDN,Sudan,Economic Development,101505.88,80694.88,0.795
2001,SDN,Sudan,Governance,71312.55,64765.43,0.9082
2001,SDN,Sudan,Agriculture,586635.01,428080.84,0.7297
2001,UGA,Uganda,Health,458475.12,314976.4,0.687
2001,UGA,Uganda,Humanitarian,2510171.5,1905590.25,0.7591
2001,UGA,Uganda,Education,519769.64,398695.84,0.7671
2001,UGA,Uganda,Economic Development,1115256.5,874111.15,0.7838
2001,UKR,Ukraine,Humanitarian,282629.72,184886.12,0.6542
2001,UKR,Ukraine,Economic Development,459633.79,406787.88,0.885
2001,UKR,Ukraine,Governance,1405441.6,1307856.2,0.9306
2001,UKR,Ukraine,Agriculture,3085483.5,2068535.39,0.6704
2001,UKR,Ukraine,Peace and Security,953621.28,881941.66,0.9248
2001,COL,Colombia,Health,2979041.89,2033430.75,0.6826
2001,COL,Colombia,Humanitarian,1382525.45,965277.21,0.6982
2001,COL,Colombia,Education,1419317.38,883871.84,0.6227
2001,COL,Colombia,Economic Development,728100.14,600920.2,0.8253
2001,COL,Colombia,Governance,564849.71,404849.32,0.7167
2001,COL,Colombia,Agriculture,446121.64,313799.71,0.7034
2001,HTI,Haiti,Health,503526.48,437455.46,0.8688
2001,HTI,Haiti,Humanitarian,253528.72,177499.22,0.7001
2001,HTI,Haiti,Education,676521.23,491183.53,0.726
2001,HTI,Haiti,Governance,5547928.29,3622049.95,0.6529
2001,HTI,Haiti,Agriculture,487521.1,398946.52,0.8183
2001,HTI,Haiti,Peace and Security,318308.75,289401.12,0.9092
2001,IRQ,Iraq,Health,593155.89,465694.99,0.7851
2001,IRQ,Iraq,Humanitarian,527184.86,293088.49,0.556
2001,IRQ,Iraq,Education,56155.72,24137.27,0.4298
2001,IRQ,Iraq,Economic Development,2504485.36,2067839.33,0.8257
2001,IRQ,Iraq,Governance,183174.61,175055.14,0.9557
2001,IRQ,Iraq,Agriculture,571031.2,464582.18,0.8136
2001,YEM,Yemen,Humanitarian,692497.84,481186.14,0.6949
2001,YEM,Yemen,Education,246007.15,234017.12,0.9513
2001,YEM,Yemen,Economic Development,461268.64,377832.98,0.8191
2001,YEM,Yemen,Governance,3914770.99,3896171.18,0.9952
2001,YEM,Yemen,Agriculture,1312546.03,1135931.31,0.8654
2001,YEM,Yemen,Peace and Security,720685.21,585656.7,0.8126
2001,BGD,Bangladesh,Health,156622.52,123368.17,0.7877
2001,BGD,Bangladesh,Humanitarian,2118689.62,1822351.14,0.8601
2001,BGD,Bangladesh,Governance,345295.26,207864.08,0.602
2001,BGD,Bangladesh,Agriculture,1637992.92,1523369.07,0.93
2001,BGD,Bangladesh,Peace and Security,613337.65,518796.97,0.8459
2001,IND,India,Humanitarian,575186.23,575186.23,1.0
2001,IND,India,Education,505230.91,379162.14,0.7505
2001,IND,India,Governance,967712.58,801368.66,0.8281
2001,IND,India,Agriculture,150932.59,122553.73,0.812
2001,IND,India,Peace and Security,344063.72,272749.94,0.7927
2001,IDN,Indonesia,Humanitarian,86511.92,68496.0,0.7918
2001,IDN,Indonesia,Education,1494455.95,1087258.79,0.7275
2001,IDN,Indonesia,Agriculture,376760.24,281745.4,0.7478
2001,IDN,Indonesia,Peace and Security,539105.53,377786.85,0.7008
2001,PHL,Philippines,Health,5486732.49,4329177.67,0.789
2001,PHL,Philippines,Education,779923.97,522832.06,0.6704
2001,PHL,Philippines,Economic Development,2353978.33,1674492.21,0.7113
2001,PHL,Philippines,Agriculture,728123.11,645413.4,0.8864
2001,VNM,Vietnam,Health,273222.93,179674.75,0.6576
2001,VNM,Vietnam,Humanitarian,2960935.56,2768923.17,0.9352
2001,VNM,Vietnam,Education,202059.67,153464.21,0.7595
2001,VNM,Vietnam,Economic Development,426723.64,360894.89,0.8457
2001,VNM,Vietnam,Governance,383237.57,312407.27,0.8152
2001,VNM,Vietnam,Agriculture,490624.74,431957.06,0.8804
2001,VNM,Vietnam,Peace and Security,1067433.93,882444.71,0.8267
2001,GHA,Ghana,Humanitarian,57602.42,37494.33,0.6509
2001,GHA,Ghana,Education,1217329.79,976307.4,0.802
2001,GHA,Ghana,Economic Development,352550.52,260376.68,0.7386
2001,GHA,Ghana,Governance,7249116.17,6132981.78,0.846
2001,GHA,Ghana,Peace and Security,506607.38,404670.28,0.7988
2001,TZA,Tanzania,Health,617731.1,421224.89,0.6819
2001,TZA,Tanzania,Humanitarian,1834070.18,1742678.74,0.9502
2001,TZA,Tanzania,Education,976469.36,785229.45,0.8042
2001,TZA,Tanzania,Governance,121215.77,78394.64,0.6467
2001,TZA,Tanzania,Agriculture,433687.4,366886.96,0.846
2001,MOZ,Mozambique,Health,219311.95,184450.16,0.841
2001,MOZ,Mozambique,Humanitarian,350236.66,330448.82,0.9435
2001,MOZ,Mozambique,Education,133868.14,94819.92,0.7083
2001,MOZ,Mozambique,Economic Development,921175.8,545439.84,0.5921
2001,MOZ,Mozambique,Governance,1074892.36,1054685.63,0.9812
2001,MOZ,Mozambique,Agriculture,384591.82,263378.15,0.6848
2001,MOZ,Mozambique,Peace and Security,441629.97,441629.97,1.0
2001,MWI,Malawi,Health,652402.75,404122.86,0.6194
2001,MWI,Malawi,Humanitarian,1674990.66,1121893.23,0.6698
2001,MWI,Malawi,Education,796373.43,553261.24,0.6947
2001,MWI,Malawi,Governance,510452.45,385729.89,0.7557
2001,MWI,Malawi,Peace and Security,165889.44,110359.08,0.6653
2001,PER,Peru,Health,1491518.61,949314.9,0.6365
2001,PER,Peru,Humanitarian,255902.14,179833.32,0.7027
2001,PER,Peru,Education,297778.4,297717.71,0.9998
2001,PER,Peru,Economic Development,842793.54,668104.38,0.7927
2001,PER,Peru,Governance,1062171.86,851226.75,0.8014
2001,PER,Peru,Agriculture,511761.91,352963.23,0.6897
2001,PER,Peru,Peace and Security,573634.92,536357.57,0.935
2001,GTM,Guatemala,Health,516469.06,316788.98,0.6134
2001,GTM,Guatemala,Humanitarian,155794.73,93981.12,0.6032
2001,GTM,Guatemala,Economic Development,1927120.93,1227703.93,0.6371
2001,GTM,Guatemala,Governance,229861.88,157331.35,0.6845
2001,GTM,Guatemala,Agriculture,213528.89,156605.98,0.7334
2001,GTM,Guatemala,Peace and Security,226649.07,197622.95,0.8719
2001,SLV,El Salvador,Health,84131.2,56750.14,0.6745
2001,SLV,El Salvador,Humanitarian,4594558.4,3590964.03,0.7816
2001,SLV,El Salvador,Education,521410.58,437565.36,0.8392
2001,SLV,El Salvador,Economic Development,4849807.61,3372210.95,0.6953
2001,SLV,El Salvador,Agriculture,126135.73,88113.98,0.6986
2001,MEX,Mexico,Health,1388084.01,978102.48,0.7046
2001,MEX,Mexico,Humanitarian,359325.47,354630.83,0.9869
2001,MEX,Mexico,Education,990158.97,684110.11,0.6909
2001,MEX,Mexico,Economic Development,156433.69,122917.78,0.7858
2001,MEX,Mexico,Agriculture,2659676.45,2442831.54,0.9185
2001,PSE,West Bank and Gaza,Health,61213.42,47303.36,0.7728
2001,PSE,West Bank and Gaza,Humanitarian,490576.98,396751.66,0.8087
2001,PSE,West Bank and Gaza,Education,500711.33,408259.59,0.8154
2001,PSE,West Bank and Gaza,Governance,461603.98,336067.68,0.728
2001,LBN,Lebanon,Health,505120.52,350959.49,0.6948
2001,LBN,Lebanon,Economic Development,437844.44,320821.52,0.7327
2001,LBN,Lebanon,Governance,411322.39,310198.27,0.7541
2001,LBN,Lebanon,Agriculture,537618.0,352958.68,0.6565
2001,SYR,Syria,Health,265946.58,208682.31,0.7847
2001,SYR,Syria,Humanitarian,600329.27,503146.77,0.8381
2001,SYR,Syria,Governance,175778.44,138449.42,0.7876
2001,TUR,Turkey,Health,708516.34,593160.15,0.8372
2001,TUR,Turkey,Education,1019875.25,632575.38,0.6202
2001,TUR,Turkey,Economic Development,714610.62,610281.15,0.854
2001,TUR,Turkey,Agriculture,400961.6,359440.82,0.8964
2001,GEO,Georgia,Health,94705.91,83771.78,0.8845
2001,GEO,Georgia,Education,707122.9,447664.35,0.6331
2001,GEO,Georgia,Economic Development,456186.58,235436.82,0.5161
2001,GEO,Georgia,Governance,97149.13,64548.51,0.6644
2001,GEO,Georgia,Agriculture,2334900.54,1810712.0,0.7755
2001,GEO,Georgia,Peace and Security,4033573.07,4033573.07,1.0
2001,MDA,Moldova,Health,409319.3,273709.99,0.6687
2001,MDA,Moldova,Humanitarian,881307.69,764523.58,0.8675
2001,MDA,Moldova,Education,1696405.07,1233822.28,0.7273
2001,MDA,Moldova,Agriculture,1851649.91,1606570.06,0.8676
2001,KOS,Kosovo,Health,170589.53,106322.46,0.6233
2001,KOS,Kosovo,Humanitarian,507163.45,434643.72,0.857
2001,KOS,Kosovo,Governance,200016.69,109888.81,0.5494
2001,KOS,Kosovo,Peace and Security,837475.58,626336.6,0.7479
2001,LBR,Liberia,Humanitarian,50000.0,40252.78,0.8051
2001,LBR,Liberia,Economic Development,3820300.87,3652992.63,0.9562
2001,LBR,Liberia,Agriculture,1335728.17,1008849.79,0.7553
2001,LBR,Liberia,Peace and Security,1532138.23,1532138.23,1.0
2001,SLE,Sierra Leone,Health,511109.54,431283.24,0.8438
2001,SLE,Sierra Leone,Humanitarian,521852.21,519933.4,0.9963
2001,SLE,Sierra Leone,Education,436288.18,347381.45,0.7962
2001,SLE,Sierra Leone,Economic Development,1797755.38,1148526.01,0.6389
2001,SLE,Sierra Leone,Governance,796020.61,589816.85,0.741
2001,SLE,Sierra Leone,Agriculture,1783791.95,1568446.19,0.8793
2001,SLE,Sierra Leone,Peace and Security,312774.39,295094.08,0.9435
2001,COD,DR Congo,Economic Development,683760.3,503056.22,0.7357
2001,COD,DR Congo,Governance,728760.85,516868.86,0.7092
2001,COD,DR Congo,Agriculture,360782.53,335491.66,0.9299
2001,COD,DR Congo,Peace and Security,326097.25,314797.47,0.9653
2001,RWA,Rwanda,Health,5383557.53,4455360.94,0.8276
2001,RWA,Rwanda,Humanitarian,3151778.52,2537395.47,0.8051
2001,RWA,Rwanda,Governance,208246.54,129623.53,0.6225
2001,RWA,Rwanda,Agriculture,1161524.21,846745.13,0.729
2001,RWA,Rwanda,Peace and Security,689996.97,617062.16,0.8943
2001,ZMB,Zambia,Health,958881.76,683867.54,0.7132
2001,ZMB,Zambia,Humanitarian,166362.11,159010.91,0.9558
2001,ZMB,Zambia,Education,230913.02,179584.61,0.7777
2001,ZMB,Zambia,Economic Development,1209355.05,760108.26,0.6285
2001,ZMB,Zambia,Governance,349820.93,349820.93,1.0
2001,ZMB,Zambia,Agriculture,475361.37,430411.17,0.9054
2001,ZMB,Zambia,Peace and Security,412996.54,320497.87,0.776
2001,ZWE,Zimbabwe,Health,953888.27,859033.6,0.9006
2001,ZWE,Zimbabwe,Humanitarian,4939791.11,4939791.11,1.0
2001,ZWE,Zimbabwe,Education,1186992.45,684572.61,0.5767
2001,ZWE,Zimbabwe,Economic Development,432256.8,376957.62,0.8721
2001,ZWE,Zimbabwe,Governance,364949.57,225225.78,0.6171
2001,ZWE,Zimbabwe,Agriculture,230362.35,179769.42,0.7804
2001,ZWE,Zimbabwe,Peace and Security,364831.03,198051.26,0.5429
2001,MMR,Burma,Health,723132.69,689411.51,0.9534
2001,MMR,Burma,Humanitarian,554588.73,334809.46,0.6037
2001,MMR,Burma,Education,134869.09,102470.16,0.7598
2001,MMR,Burma,Governance,801184.72,511762.51,0.6388
2001,MMR,Burma,Agriculture,476434.33,372745.19,0.7824
2001,KHM,Cambodia,Health,267174.65,165132.43,0.6181
2001,KHM,Cambodia,Education,5270149.68,5157463.93,0.9786
2001,KHM,Cambodia,Economic Development,248214.32,246509.11,0.9931
2001,KHM,Cambodia,Governance,499215.51,391910.51,0.7851
2001,KHM,Cambodia,Agriculture,327585.01,265326.21,0.8099
2001,KHM,Cambodia,Peace and Security,351613.11,351613.11,1.0
2001,NPL,Nepal,Education,1219973.99,837326.39,0.6863
2001,NPL,Nepal,Governance,736977.97,615107.23,0.8346
2001,NPL,Nepal,Agriculture,247845.62,205694.39,0.8299
2001,NPL,Nepal,Peace and Security,2999194.96,1756858.68,0.5858
2001,LKA,Sri Lanka,Health,294039.53,264525.24,0.8996
2001,LKA,Sri Lanka,Humanitarian,2688444.68,1696720.61,0.6311
2001,LKA,Sri Lanka,Education,385666.45,285441.37,0.7401
2001,LKA,Sri Lanka,Economic Development,187557.26,107052.13,0.5708
2001,LKA,Sri Lanka,Agriculture,256208.49,221514.42,0.8646
2001,LKA,Sri Lanka,Peace and Security,3351552.96,2667975.01,0.796
2001,MAR,Morocco,Health,226497.37,160739.27,0.7097
2001,MAR,Morocco,Humanitarian,891510.3,662010.7,0.7426
2001,MAR,Morocco,Education,509097.76,296659.04,0.5827
2001,MAR,Morocco,Economic Development,475375.1,410163.36,0.8628
2001,MAR,Morocco,Peace and Security,2239208.15,1950345.67,0.871
2001,TUN,Tunisia,Health,865746.1,558582.39,0.6452
2001,TUN,Tunisia,Education,686031.44,450692.95,0.657
2001,TUN,Tunisia,Economic Development,609288.38,411051.47,0.6746
2001,TUN,Tunisia,Agriculture,487416.01,357668.28,0.7338
2001,TUN,Tunisia,Peace and Security,258499.2,229081.73,0.8862
2001,SEN,Senegal,Health,516962.05,484631.6,0.9375
2001,SEN,Senegal,Humanitarian,169602.09,129619.94,0.7643
2001,SEN,Senegal,Education,1331714.24,908532.85,0.6822
2001,SEN,Senegal,Peace and Security,312710.67,177603.14,0.5679
2001,MLI,Mali,Health,336048.51,281537.3,0.8378
2001,MLI,Mali,Humanitarian,70258.46,53701.75,0.7643
2001,MLI,Mali,Education,1024018.69,830018.61,0.8106
2001,MLI,Mali,Governance,277681.95,188737.7,0.6797
2001,MLI,Mali,Agriculture,2857898.39,2418986.94,0.8464
2001,MLI,Mali,Peace and Security,311378.11,290384.35,0.9326
2002,AFG,Afghanistan,Health,450880.91,450880.91,1.0
2002,AFG,Afghanistan,Humanitarian,303657.0,245908.04,0.8098
2002,AFG,Afghanistan,Economic Development,307889.72,188133.46,0.611
2002,AFG,Afghanistan,Peace and Security,2456366.19,2107568.21,0.858
2002,EGY,Egypt,Health,152317.01,140763.49,0.9241
2002,EGY,Egypt,Education,723307.03,606477.46,0.8385
2002,EGY,Egypt,Economic Development,186044.52,150076.11,0.8067
2002,EGY,Egypt,Governance,1271364.48,975798.49,0.7675
2002,EGY,Egypt,Agriculture,392538.66,327556.45,0.8345
2002,EGY,Egypt,Peace and Security,145388.87,118850.51,0.8175
2002,ETH,Ethiopia,Health,177713.67,140583.78,0.7911
2002,ETH,Ethiopia,Humanitarian,157890.2,132930.38,0.8419
2002,ETH,Ethiopia,Education,1992349.35,1992349.35,1.0
2002,ETH,Ethiopia,Economic Development,419971.54,381680.17,0.9088
2002,ETH,Ethiopia,Governance,607690.98,607690.98,1.0
2002,ETH,Ethiopia,Peace and Security,510771.5,505165.72,0.989
2002,JOR,Jordan,Health,249303.72,212720.11,0.8533
2002,JOR,Jordan,Humanitarian,563052.54,494678.03,0.8786
2002,JOR,Jordan,Economic Development,1521225.96,1375034.88,0.9039
2002,JOR,Jordan,Governance,584593.58,552064.16,0.9444
2002,JOR,Jordan,Agriculture,239782.09,191196.01,0.7974
2002,JOR,Jordan,Peace and Security,109624.94,105570.96,0.963
2002,KEN,Kenya,Health,152381.87,147994.41,0.9712
2002,KEN,Kenya,Education,357702.52,333280.85,0.9317
2002,KEN,Kenya,Economic Development,330656.89,287260.98,0.8688
2002,KEN,Kenya,Governance,257475.42,222099.41,0.8626
2002,NGA,Nigeria,Health,583669.19,480699.69,0.8236
2002,NGA,Nigeria,Humanitarian,331095.83,315733.14,0.9536
2002,NGA,Nigeria,Education,1495331.56,1441826.61,0.9642
2002,NGA,Nigeria,Economic Development,7359622.95,5306019.64,0.721
2002,NGA,Nigeria,Governance,374794.98,374794.98,1.0
2002,NGA,Nigeria,Agriculture,57105.58,40187.26,0.7037
2002,PAK,Pakistan,Health,1260537.59,1022921.42,0.8115
2002,PAK,Pakistan,Humanitarian,1145068.08,928255.68,0.8107
2002,PAK,Pakistan,Education,50000.0,44802.76,0.8961
2002,PAK,Pakistan,Economic Development,1627376.03,1289789.68,0.7926
2002,PAK,Pakistan,Governance,830669.67,590307.07,0.7106
2002,PAK,Pakistan,Peace and Security,524020.5,460938.29,0.8796
2002,SOM,Somalia,Humanitarian,1803128.0,1482451.27,0.8222
2002,SOM,Somalia,Economic Development,1825111.6,1421812.79,0.779
2002,SSD,South Sudan,Humanitarian,340962.89,298510.7,0.8755
2002,SSD,South Sudan,Economic Development,847742.29,652353.15,0.7695
2002,SSD,South Sudan,Governance,827939.99,827939.99,1.0
2002,SSD,South Sudan,Agriculture,252302.48,195316.83,0.7741
2002,SSD,South Sudan,Peace and Security,579747.77,478834.17,0.8259
2002,SDN,Sudan,Health,67524.93,53543.77,0.7929
2002,SDN,Sudan,Humanitarian,828682.61,607319.17,0.7329
2002,SDN,Sudan,Education,419912.08,358067.72,0.8527
2002,SDN,Sudan,Agriculture,51638.01,36352.03,0.704
2002,UGA,Uganda,Health,1142941.72,749088.37,0.6554
2002,UGA,Uganda,Education,504445.61,448075.48,0.8883
2002,UGA,Uganda,Economic Development,675975.63,564387.65,0.8349
2002,UGA,Uganda,Agriculture,407182.52,374543.11,0.9198
2002,UKR,Ukraine,Health,55251.24,43339.52,0.7844
2002,UKR,Ukraine,Humanitarian,361025.54,261721.58,0.7249
2002,UKR,Ukraine,Education,110534.39,92216.01,0.8343
2002,UKR,Ukraine,Economic Development,2016323.22,1385050.54,0.6869
2002,UKR,Ukraine,Governance,339273.9,319097.26,0.9405
2002,UKR,Ukraine,Agriculture,244319.94,226281.78,0.9262
2002,UKR,Ukraine,Peace and Security,351552.08,241118.46,0.6859
2002,COL,Colombia,Health,241871.37,133594.4,0.5523
2002,COL,Colombia,Education,939861.42,939861.42,1.0
2002,COL,Colombia,Economic Development,143802.33,132917.92,0.9243
2002,COL,Colombia,Governance,229048.72,161617.78,0.7056
2002,COL,Colombia,Peace and Security,2932439.39,1558170.28,0.5314
2002,HTI,Haiti,Health,396329.04,314189.67,0.7927
2002,HTI,Haiti,Humanitarian,738344.54,586516.21,0.7944
2002,HTI,Haiti,Governance,237572.45,198587.2,0.8359
2002,HTI,Haiti,Agriculture,189358.4,140709.6,0.7431
2002,HTI,Haiti,Peace and Security,807271.01,596064.84,0.7384
2002,IRQ,Iraq,Health,7690945.58,4956849.05,0.6445
2002,IRQ,Iraq,Humanitarian,9677784.91,8846151.9,0.9141
2002,IRQ,Iraq,Education,425378.5,321184.88,0.7551
2002,IRQ,Iraq,Governance,1272691.63,982799.92,0.7722
2002,IRQ,Iraq,Agriculture,135606.86,110390.65,0.814
2002,IRQ,Iraq,Peace and Security,438948.47,414814.15,0.945
2002,YEM,Yemen,Health,965531.58,832993.94,0.8627
2002,YEM,Yemen,Humanitarian,466760.96,365503.35,0.7831
2002,YEM,Yemen,Education,155301.59,152333.26,0.9809
2002,YEM,Yemen,Economic Development,228432.16,173905.97,0.7613
2002,YEM,Yemen,Governance,649681.47,476774.49,0.7339
2002,YEM,Yemen,Agriculture,219941.12,120373.2,0.5473
2002,YEM,Yemen,Peace and Security,53648.06,43734.75,0.8152
2002,BGD,Bangladesh,Health,1138160.33,750604.51,0.6595
2002,BGD,Bangladesh,Humanitarian,4178356.59,3585954.91,0.8582
2002,BGD,Bangladesh,Economic Development,1820227.31,1820227.31,1.0
2002,BGD,Bangladesh,Governance,634331.87,547150.93,0.8626
2002,BGD,Bangladesh,Agriculture,267104.9,185091.32,0.693
2002,BGD,Bangladesh,Peace and Security,181808.11,147741.73,0.8126
2002,IND,India,Health,7977956.99,5727167.9,0.7179
2002,IND,India,Humanitarian,447329.92,390285.18,0.8725
2002,IND,India,Education,307411.95,221778.59,0.7214
2002,IND,India,Economic Development,186253.67,164717.7,0.8844
2002,IND,India,Governance,168089.34,130314.27,0.7753
2002,IND,India,Peace and Security,273100.87,215735.27,0.7899
2002,IDN,Indonesia,Economic Development,366416.91,310100.02,0.8463
2002,IDN,Indonesia,Governance,213334.97,173371.05,0.8127
2002,IDN,Indonesia,Peace and Security,62356.99,50029.73,0.8023
2002,PHL,Philippines,Humanitarian,701531.43,629194.73,0.8969
2002,PHL,Philippines,Education,305322.84,284219.03,0.9309
2002,PHL,Philippines,Economic Development,1996954.07,1970538.67,0.9868
2002,PHL,Philippines,Agriculture,1395562.89,915513.09,0.656
2002,PHL,Philippines,Peace and Security,293565.82,227732.31,0.7757
2002,VNM,Vietnam,Health,277978.68,169850.05,0.611
2002,VNM,Vietnam,Humanitarian,527778.51,489047.15,0.9266
2002,VNM,Vietnam,Governance,207880.55,180499.11,0.8683
2002,VNM,Vietnam,Agriculture,370423.62,330679.44,0.8927
2002,VNM,Vietnam,Peace and Security,426958.57,348447.3,0.8161
2002,GHA,Ghana,Health,200791.43,129514.95,0.645
2002,GHA,Ghana,Economic Development,94070.46,84516.28,0.8984
2002,GHA,Ghana,Agriculture,248354.03,193595.61,0.7795
2002,GHA,Ghana,Peace and Security,1128010.11,1084994.59,0.9619
2002,TZA,Tanzania,Health,2112144.68,2077147.65,0.9834
2002,TZA,Tanzania,Humanitarian,92916.58,74731.35,0.8043
2002,TZA,Tanzania,Education,347807.62,323235.47,0.9294
2002,TZA,Tanzania,Economic Development,186351.68,185106.08,0.9933
2002,TZA,Tanzania,Governance,695330.01,647494.85,0.9312
2002,TZA,Tanzania,Agriculture,799859.35,419990.65,0.5251
2002,TZA,Tanzania,Peace and Security,319634.68,224350.27,0.7019
2002,MOZ,Mozambique,Humanitarian,309390.21,211567.24,0.6838
2002,MOZ,Mozambique,Education,321530.2,216082.51,0.672
2002,MOZ,Mozambique,Economic Development,881636.37,648350.09,0.7354
2002,MOZ,Mozambique,Governance,308532.56,218825.45,0.7092
2002,MOZ,Mozambique,Peace and Security,260685.71,224105.01,0.8597
2002,MWI,Malawi,Health,13909723.66,10223269.08,0.735
2002,MWI,Malawi,Humanitarian,508795.66,409472.93,0.8048
2002,MWI,Malawi,Education,1510708.27,1468471.7,0.972
2002,MWI,Malawi,Economic Development,270910.6,204668.21,0.7555
2002,MWI,Malawi,Governance,1053928.17,1041034.53,0.9878
2002,MWI,Malawi,Agriculture,1828841.94,1828841.94,1.0
2002,MWI,Malawi,Peace and Security,97890.77,66417.59,0.6785
2002,PER,Peru,Health,3369682.01,2420479.55,0.7183
2002,PER,Peru,Education,3884712.34,3653071.83,0.9404
2002,PER,Peru,Economic Development,429323.07,356432.65,0.8302
2002,PER,Peru,Agriculture,520464.76,520464.76,1.0
2002,PER,Peru,Peace and Security,727421.49,517317.19,0.7112
2002,GTM,Guatemala,Health,1419526.81,1154198.48,0.8131
2002,GTM,Guatemala,Humanitarian,86828.02,82733.1,0.9528
2002,GTM,Guatemala,Education,1105456.89,930677.27,0.8419
2002,GTM,Guatemala,Economic Development,226505.9,191728.41,0.8465
2002,GTM,Guatemala,Agriculture,726759.04,472740.7,0.6505
2002,SLV,El Salvador,Health,558417.01,443176.02,0.7936
2002,SLV,El Salvador,Education,12086760.34,10951252.34,0.9061
2002,SLV,El Salvador,Economic Development,1007921.04,707357.06,0.7018
2002,SLV,El Salvador,Governance,130644.98,103826.21,0.7947
2002,SLV,El Salvador,Peace and Security,871859.46,755396.59,0.8664
2002,MEX,Mexico,Health,122666.29,101491.35,0.8274
2002,MEX,Mexico,Humanitarian,120095.98,80234.49,0.6681
2002,MEX,Mexico,Education,64185.61,42253.63,0.6583
2002,MEX,Mexico,Economic Development,666368.69,579046.47,0.869
2002,MEX,Mexico,Governance,96552.36,71298.93,0.7384
2002,MEX,Mexico,Agriculture,421135.59,328805.93,0.7808
2002,MEX,Mexico,Peace and Security,366162.65,249450.73,0.6813
2002,PSE,West Bank and Gaza,Humanitarian,767602.92,503083.66,0.6554
2002,PSE,West Bank and Gaza,Economic Development,1049533.97,779607.85,0.7428
2002,PSE,West Bank and Gaza,Agriculture,69525.99,54407.73,0.7826
2002,PSE,West Bank and Gaza,Peace and Security,279557.41,157482.56,0.5633
2002,LBN,Lebanon,Health,1283250.84,1283250.84,1.0
2002,LBN,Lebanon,Humanitarian,10911409.55,7471518.3,0.6847
2002,LBN,Lebanon,Education,2234052.55,2095456.57,0.938
2002,LBN,Lebanon,Economic Development,142111.85,127216.69,0.8952
2002,LBN,Lebanon,Agriculture,13981330.04,12652715.6,0.905
2002,LBN,Lebanon,Peace and Security,189403.28,188664.67,0.9961
2002,SYR,Syria,Health,3229157.91,2639692.06,0.8175
2002,SYR,Syria,Education,50000.0,30787.93,0.6158
2002,SYR,Syria,Economic Development,172800.28,138286.26,0.8003
2002,SYR,Syria,Governance,4976991.28,4856125.98,0.9757
2002,SYR,Syria,Agriculture,2169992.92,1576357.56,0.7264
2002,SYR,Syria,Peace and Security,1539176.29,1032788.42,0.671
2002,TUR,Turkey,Humanitarian,618525.23,618525.23,1.0
2002,TUR,Turkey,Education,700648.36,499086.8,0.7123
2002,TUR,Turkey,Peace and Security,941754.84,691290.28,0.734
2002,GEO,Georgia,Health,3519472.58,3183669.13,0.9046
2002,GEO,Georgia,Education,755128.1,644550.54,0.8536
2002,GEO,Georgia,Economic Development,277501.69,214085.86,0.7715
2002,GEO,Georgia,Agriculture,105273.54,84496.57,0.8026
2002,GEO,Georgia,Peace and Security,607082.26,530825.88,0.8744
2002,MDA,Moldova,Health,212082.16,149900.22,0.7068
2002,MDA,Moldova,Humanitarian,3845123.7,3545913.07,0.9222
2002,MDA,Moldova,Economic Development,94729.06,94721.76,0.9999
2002,MDA,Moldova,Peace and Security,3317514.9,2309567.46,0.6962
2002,KOS,Kosovo,Health,422238.51,351414.97,0.8323
2002,KOS,Kosovo,Humanitarian,246787.25,216223.97,0.8762
2002,KOS,Kosovo,Education,2146017.35,1780271.68,0.8296
2002,KOS,Kosovo,Economic Development,237259.25,201936.07,0.8511
2002,KOS,Kosovo,Governance,127886.3,125254.8,0.9794
2002,KOS,Kosovo,Agriculture,994779.57,808345.44,0.8126
2002,KOS,Kosovo,Peace and Security,362041.21,274532.94,0.7583
2002,LBR,Liberia,Health,1285488.61,1154730.44,0.8983
2002,LBR,Liberia,Humanitarian,190390.36,162570.61,0.8539
2002,LBR,Liberia,Education,1762995.36,1762995.36,1.0
2002,LBR,Liberia,Peace and Security,190484.54,133261.1,0.6996
2002,SLE,Sierra Leone,Health,330639.86,300633.53,0.9092
2002,SLE,Sierra Leone,Humanitarian,430599.12,290140.75,0.6738
2002,SLE,Sierra Leone,Education,968045.5,968045.5,1.0
2002,SLE,Sierra Leone,Economic Development,2996877.12,2368076.85,0.7902
2002,COD,DR Congo,Education,1302758.24,1268308.28,0.9736
2002,COD,DR Congo,Economic Development,873290.45,623039.82,0.7134
2002,COD,DR Congo,Governance,261372.75,209737.99,0.8024
2002,COD,DR Congo,Peace and Security,101870.23,101870.23,1.0
2002,RWA,Rwanda,Health,1270723.76,986102.42,0.776
2002,RWA,Rwanda,Humanitarian,1030280.22,896933.94,0.8706
2002,RWA,Rwanda,Education,1293899.59,1293899.59,1.0
2002,RWA,Rwanda,Economic Development,1745635.56,1510708.34,0.8654
2002,RWA,Rwanda,Agriculture,133835.17,112428.42,0.8401
2002,RWA,Rwanda,Peace and Security,428303.22,329146.07,0.7685
2002,ZMB,Zambia,Health,319569.91,319569.91,1.0
2002,ZMB,Zambia,Humanitarian,1515825.85,1008930.57,0.6656
2002,ZMB,Zambia,Education,477362.1,239340.08,0.5014
2002,ZMB,Zambia,Governance,319560.3,319560.3,1.0
2002,ZMB,Zambia,Agriculture,154285.03,153931.09,0.9977
2002,ZWE,Zimbabwe,Humanitarian,190398.71,154569.46,0.8118
2002,ZWE,Zimbabwe,Education,1643980.53,1348243.86,0.8201
2002,ZWE,Zimbabwe,Economic Development,473044.38,354139.92,0.7486
2002,ZWE,Zimbabwe,Agriculture,4685659.59,3188361.31,0.6805
2002,ZWE,Zimbabwe,Peace and Security,1275492.38,1146855.31,0.8991
2002,MMR,Burma,Health,245157.1,201752.0,0.8229
2002,MMR,Burma,Humanitarian,115935.62,106494.74,0.9186
2002,MMR,Burma,Education,841807.4,816815.07,0.9703
2002,MMR,Burma,Economic Development,553694.35,553694.35,1.0
2002,MMR,Burma,Governance,355354.3,323487.41,0.9103
2002,MMR,Burma,Peace and Security,589050.67,471031.48,0.7996
2002,KHM,Cambodia,Humanitarian,386654.32,296147.55,0.7659
2002,KHM,Cambodia,Education,355276.8,289587.45,0.8151
2002,KHM,Cambodia,Economic Development,141144.08,126751.22,0.898
2002,KHM,Cambodia,Peace and Security,238346.1,180427.95,0.757
2002,NPL,Nepal,Health,343203.72,268855.23,0.7834
2002,NPL,Nepal,Humanitarian,1867632.18,1023919.8,0.5482
2002,NPL,Nepal,Education,164365.77,112799.36,0.6863
2002,NPL,Nepal,Economic Development,200630.35,171961.46,0.8571
2002,NPL,Nepal,Governance,624322.24,542767.32,0.8694
2002,LKA,Sri Lanka,Health,789821.35,585765.06,0.7416
2002,LKA,Sri Lanka,Education,183756.48,156791.38,0.8533
2002,LKA,Sri Lanka,Economic Development,206150.97,163751.23,0.7943
2002,LKA,Sri Lanka,Governance,301113.16,253854.15,0.8431
2002,LKA,Sri Lanka,Agriculture,206425.81,156302.41,0.7572
2002,LKA,Sri Lanka,Peace and Security,337591.66,255356.01,0.7564
2002,MAR,Morocco,Health,446661.94,401420.27,0.8987
2002,MAR,Morocco,Economic Development,2854806.92,2435736.5,0.8532
2002,MAR,Morocco,Governance,102730.06,82672.31,0.8048
2002,MAR,Morocco,Peace and Security,50000.0,46283.75,0.9257
2002,TUN,Tunisia,Humanitarian,402943.98,319385.69,0.7926
2002,TUN,Tunisia,Education,125280.8,88733.25,0.7083
2002,TUN,Tunisia,Governance,350405.72,263200.43,0.7511
2002,TUN,Tunisia,Agriculture,505291.9,485933.1,0.9617
2002,TUN,Tunisia,Peace and Security,3115236.88,2869998.51,0.9213
2002,SEN,Senegal,Health,1329796.0,856510.42,0.6441
2002,SEN,Senegal,Humanitarian,122608.35,94510.25,0.7708
2002,SEN,Senegal,Economic Development,605818.73,341549.41,0.5638
2002,SEN,Senegal,Governance,105641.26,78248.27,0.7407
2002,SEN,Senegal,Agriculture,142965.38,93710.95,0.6555
2002,SEN,Senegal,Peace and Security,533005.92,474800.53,0.8908
2002,MLI,Mali,Health,172186.82,124837.29,0.725
2002,MLI,Mali,Humanitarian,906443.66,521667.01,0.5755
2002,MLI,Mali,Education,309426.05,224636.2,0.726
2002,MLI,Mali,Economic Development,1771809.53,1525722.88,0.8611
2002,MLI,Mali,Governance,630653.99,610193.45,0.9676
2002,MLI,Mali,Peace and Security,2828018.28,2374879.38,0.8398
2003,AFG,Afghanistan,Health,187269.73,147071.61,0.7853
2003,AFG,Afghanistan,Humanitarian,119426.46,107239.57,0.898
2003,AFG,Afghanistan,Education,743553.22,412836.32,0.5552
2003,AFG,Afghanistan,Governance,224718.05,186704.03,0.8308
2003,AFG,Afghanistan,Agriculture,1169517.69,866037.28,0.7405
2003,AFG,Afghanistan,Peace and Security,64912.52,58620.68,0.9031
2003,EGY,Egypt,Health,1367841.31,969682.98,0.7089
2003,EGY,Egypt,Humanitarian,7122854.01,5131344.92,0.7204
2003,EGY,Egypt,Education,393143.77,274136.38,0.6973
2003,EGY,Egypt,Governance,240452.54,147367.63,0.6129
2003,EGY,Egypt,Agriculture,1933126.29,1775768.07,0.9186
2003,EGY,Egypt,Peace and Security,199256.05,159361.09,0.7998
2003,ETH,Ethiopia,Health,105779.58,99192.91,0.9377
2003,ETH,Ethiopia,Humanitarian,7433499.73,6161639.92,0.8289
2003,ETH,Ethiopia,Education,1352638.9,1352638.9,1.0
2003,ETH,Ethiopia,Economic Development,133290.08,115231.98,0.8645
2003,ETH,Ethiopia,Governance,306438.67,222830.85,0.7272
2003,ETH,Ethiopia,Agriculture,634735.02,436504.07,0.6877
2003,ETH,Ethiopia,Peace and Security,226610.54,193877.15,0.8556
2003,JOR,Jordan,Health,2028919.82,1836496.67,0.9052
2003,JOR,Jordan,Humanitarian,862887.08,800441.56,0.9276
2003,JOR,Jordan,Education,1766602.22,1332107.75,0.7541
2003,JOR,Jordan,Economic Development,1574708.18,1089925.19,0.6921
2003,JOR,Jordan,Agriculture,234963.94,184040.69,0.7833
2003,JOR,Jordan,Peace and Security,117670.46,80158.22,0.6812
2003,KEN,Kenya,Humanitarian,50000.0,45513.04,0.9103
2003,KEN,Kenya,Education,158536.71,142895.9,0.9013
2003,KEN,Kenya,Governance,4507627.82,3230731.38,0.7167
2003,KEN,Kenya,Agriculture,680017.56,672781.67,0.9894
2003,KEN,Kenya,Peace and Security,1722527.31,1259121.4,0.731
2003,NGA,Nigeria,Health,224710.39,174495.46,0.7765
2003,NGA,Nigeria,Humanitarian,778027.46,648229.98,0.8332
2003,NGA,Nigeria,Education,401510.75,401510.75,1.0
2003,NGA,Nigeria,Economic Development,211386.21,191971.52,0.9082
2003,NGA,Nigeria,Agriculture,2162713.89,1624727.78,0.7512
2003,NGA,Nigeria,Peace and Security,661972.9,543942.22,0.8217
2003,PAK,Pakistan,Health,1038513.63,597119.29,0.575
2003,PAK,Pakistan,Humanitarian,339581.04,267320.95,0.7872
2003,PAK,Pakistan,Education,131633.16,117235.36,0.8906
2003,PAK,Pakistan,Governance,112212.53,76083.11,0.678
2003,PAK,Pakistan,Agriculture,178362.54,147631.36,0.8277
2003,SOM,Somalia,Health,3250945.73,2550187.47,0.7844
2003,SOM,Somalia,Humanitarian,1747338.51,1497735.51,0.8572
2003,SOM,Somalia,Education,547279.26,527291.27,0.9635
2003,SOM,Somalia,Economic Development,1231673.09,1084393.0,0.8804
2003,SOM,Somalia,Governance,706438.32,598430.08,0.8471
2003,SOM,Somalia,Agriculture,299905.7,299905.7,1.0
2003,SOM,Somalia,Peace and Security,89444.95,72204.51,0.8073
2003,SSD,South Sudan,Health,487098.98,385003.08,0.7904
2003,SSD,South Sudan,Education,124392.94,91343.0,0.7343
2003,SSD,South Sudan,Economic Development,6442779.67,5442929.28,0.8448
2003,SSD,South Sudan,Governance,170784.88,147270.02,0.8623
2003,SSD,South Sudan,Agriculture,4290316.22,3159592.85,0.7364
2003,SDN,Sudan,Health,166879.63,136451.68,0.8177
2003,SDN,Sudan,Humanitarian,50000.0,44592.01,0.8918
2003,SDN,Sudan,Economic Development,115919.79,115639.93,0.9976
2003,SDN,Sudan,Agriculture,2735623.85,2072210.95,0.7575
2003,SDN,Sudan,Peace and Security,409494.45,332711.85,0.8125
2003,UGA,Uganda,Health,539545.95,514551.6,0.9537
2003,UGA,Uganda,Humanitarian,452800.69,356270.62,0.7868
2003,UGA,Uganda,Education,193088.08,146685.34,0.7597
2003,UGA,Uganda,Agriculture,267695.82,267695.82,1.0
2003,UGA,Uganda,Peace and Security,906589.46,737570.16,0.8136
2003,UKR,Ukraine,Health,783397.76,634222.02,0.8096
2003,UKR,Ukraine,Humanitarian,768222.5,759954.99,0.9892
2003,UKR,Ukraine,Education,6041866.51,4314843.98,0.7142
2003,UKR,Ukraine,Governance,4367346.18,3407980.62,0.7803
2003,UKR,Ukraine,Agriculture,1564180.25,1518257.3,0.9706
2003,UKR,Ukraine,Peace and Security,362912.54,236840.07,0.6526
2003,COL,Colombia,Health,480903.35,374204.32,0.7781
2003,COL,Colombia,Humanitarian,346697.38,253239.05,0.7304
2003,COL,Colombia,Education,3088952.38,1817271.17,0.5883
2003,COL,Colombia,Economic Development,334068.87,293674.68,0.8791
2003,COL,Colombia,Governance,456616.34,317462.02,0.6952
2003,HTI,Haiti,Health,827129.14,653781.07,0.7904
2003,HTI,Haiti,Humanitarian,1072057.19,916171.95,0.8546
2003,HTI,Haiti,Education,1677245.92,1620587.65,0.9662
2003,HTI,Haiti,Peace and Security,231155.96,156796.51,0.6783
2003,IRQ,Iraq,Health,304725.34,191950.18,0.6299
2003,IRQ,Iraq,Humanitarian,123969.92,83649.11,0.6748
2003,IRQ,Iraq,Economic Development,497727.56,445710.83,0.8955
2003,IRQ,Iraq,Agriculture,568487.78,409851.99,0.721
2003,IRQ,Iraq,Peace and Security,1141030.42,784585.33,0.6876
2003,YEM,Yemen,Health,1227615.76,1077268.82,0.8775
2003,YEM,Yemen,Humanitarian,2618643.46,1977817.48,0.7553
2003,YEM,Yemen,Economic Development,719902.4,603366.42,0.8381
2003,YEM,Yemen,Peace and Security,249471.64,207930.1,0.8335
2003,BGD,Bangladesh,Education,800573.3,640585.9,0.8002
2003,BGD,Bangladesh,Economic Development,1336859.04,1009654.11,0.7552
2003,BGD,Bangladesh,Governance,110569.62,80237.95,0.7257
2003,BGD,Bangladesh,Agriculture,84094.51,68239.26,0.8115
2003,BGD,Bangladesh,Peace and Security,350222.9,297260.4,0.8488
2003,IND,India,Humanitarian,1916877.06,1626009.92,0.8483
2003,IND,India,Education,162290.52,152099.38,0.9372
2003,IND,India,Governance,2268017.76,1694364.84,0.7471
2003,IND,India,Agriculture,541078.74,471156.0,0.8708
2003,IND,India,Peace and Security,1594015.51,1560071.9,0.9787
2003,IDN,Indonesia,Health,113704.63,98021.03,0.8621
2003,IDN,Indonesia,Humanitarian,50000.0,45851.5,0.917
2003,IDN,Indonesia,Education,312342.6,312342.6,1.0
2003,IDN,Indonesia,Economic Development,227193.06,189056.03,0.8321
2003,IDN,Indonesia,Governance,225040.85,194967.18,0.8664
2003,IDN,Indonesia,Agriculture,321701.64,321701.64,1.0
2003,IDN,Indonesia,Peace and Security,1360346.08,1201808.63,0.8835
2003,PHL,Philippines,Health,2885107.25,2359020.88,0.8177
2003,PHL,Philippines,Education,403005.97,263794.99,0.6546
2003,PHL,Philippines,Economic Development,980883.33,975144.79,0.9941
2003,PHL,Philippines,Governance,543671.32,422375.39,0.7769
2003,PHL,Philippines,Agriculture,137614.78,113845.87,0.8273
2003,PHL,Philippines,Peace and Security,613616.01,504707.9,0.8225
2003,VNM,Vietnam,Education,4648372.3,3063106.99,0.659
2003,VNM,Vietnam,Economic Development,1077538.11,836511.68,0.7763
2003,VNM,Vietnam,Governance,1792044.17,1792044.17,1.0
2003,VNM,Vietnam,Agriculture,383250.08,362629.26,0.9462
2003,GHA,Ghana,Education,128211.03,128211.03,1.0
2003,GHA,Ghana,Economic Development,50000.0,40245.42,0.8049
2003,GHA,Ghana,Governance,4890999.51,3811759.59,0.7793
2003,GHA,Ghana,Agriculture,1069235.75,1069235.75,1.0
2003,TZA,Tanzania,Health,980479.75,769139.07,0.7845
2003,TZA,Tanzania,Education,188446.92,181972.2,0.9656
2003,TZA,Tanzania,Economic Development,2077850.0,1941813.82,0.9345
2003,TZA,Tanzania,Governance,224075.65,177653.67,0.7928
2003,TZA,Tanzania,Agriculture,1269986.98,1085115.32,0.8544
2003,TZA,Tanzania,Peace and Security,284631.39,241409.87,0.8481
2003,MOZ,Mozambique,Humanitarian,644450.11,496311.07,0.7701
2003,MOZ,Mozambique,Education,1196911.53,576950.49,0.482
2003,MOZ,Mozambique,Economic Development,101389.26,96116.93,0.948
2003,MOZ,Mozambique,Peace and Security,404865.98,349033.98,0.8621
2003,MWI,Malawi,Health,2374442.02,1665693.49,0.7015
2003,MWI,Malawi,Humanitarian,185119.91,157953.68,0.8533
2003,MWI,Malawi,Education,1227117.58,868027.4,0.7074
2003,MWI,Malawi,Economic Development,317527.42,258422.77,0.8139
2003,MWI,Malawi,Governance,122322.57,107155.08,0.876
2003,MWI,Malawi,Peace and Security,923801.3,923801.3,1.0
2003,PER,Peru,Humanitarian,1033104.06,1033104.06,1.0
2003,PER,Peru,Economic Development,400237.98,314712.72,0.7863
2003,PER,Peru,Governance,63006.94,48778.25,0.7742
2003,PER,Peru,Agriculture,953886.6,613662.44,0.6433
2003,PER,Peru,Peace and Security,738756.7,583803.72,0.7903
2003,GTM,Guatemala,Health,218537.28,149564.63,0.6844
2003,GTM,Guatemala,Humanitarian,544137.89,434611.85,0.7987
2003,GTM,Guatemala,Economic Development,193462.63,162351.1,0.8392
2003,GTM,Guatemala,Agriculture,376966.68,235609.46,0.625
2003,GTM,Guatemala,Peace and Security,77673.4,70458.8,0.9071
2003,SLV,El Salvador,Education,600114.66,593034.06,0.9882
2003,SLV,El Salvador,Economic Development,365090.8,264047.8,0.7232
2003,SLV,El Salvador,Agriculture,146835.66,95954.23,0.6535
2003,SLV,El Salvador,Peace and Security,928688.35,928688.35,1.0
2003,MEX,Mexico,Health,1614083.23,1372185.17,0.8501
2003,MEX,Mexico,Humanitarian,393090.65,311347.45,0.7921
2003,MEX,Mexico,Education,4976303.5,2942316.74,0.5913
2003,MEX,Mexico,Economic Development,791158.14,593721.51,0.7504
2003,MEX,Mexico,Governance,1482507.86,1242828.17,0.8383
2003,MEX,Mexico,Peace and Security,52215.55,52080.07,0.9974
2003,PSE,West Bank and Gaza,Health,1669298.96,1571878.27,0.9416
2003,PSE,West Bank and Gaza,Humanitarian,471562.71,340729.87,0.7226
2003,PSE,West Bank and Gaza,Education,2684132.13,2011855.51,0.7495
2003,PSE,West Bank and Gaza,Agriculture,60182.22,48205.24,0.801
2003,LBN,Lebanon,Health,236128.21,236128.21,1.0
2003,LBN,Lebanon,Humanitarian,161424.11,116696.51,0.7229
2003,LBN,Lebanon,Education,6057294.53,5208431.95,0.8599
2003,LBN,Lebanon,Economic Development,330416.01,313160.86,0.9478
2003,LBN,Lebanon,Governance,2873061.15,2844300.03,0.99
2003,LBN,Lebanon,Agriculture,1136029.07,1033751.82,0.91
2003,LBN,Lebanon,Peace and Security,161269.23,155099.81,0.9617
2003,SYR,Syria,Health,223479.48,186006.59,0.8323
2003,SYR,Syria,Governance,2871114.41,2871114.41,1.0
2003,SYR,Syria,Agriculture,2113412.05,1601924.16,0.758
2003,SYR,Syria,Peace and Security,748015.85,516314.38,0.6902
2003,TUR,Turkey,Health,604256.41,472264.77,0.7816
2003,TUR,Turkey,Humanitarian,842822.75,664486.92,0.7884
2003,TUR,Turkey,Education,537154.87,421109.67,0.784
2003,TUR,Turkey,Governance,250633.51,193430.24,0.7718
2003,TUR,Turkey,Agriculture,1136534.44,1107379.3,0.9743
2003,TUR,Turkey,Peace and Security,343844.82,264846.8,0.7703
2003,GEO,Georgia,Health,321264.21,243652.57,0.7584
2003,GEO,Georgia,Economic Development,2507212.83,2355802.87,0.9396
2003,GEO,Georgia,Governance,1405596.71,1028588.14,0.7318
2003,GEO,Georgia,Agriculture,420623.78,304388.15,0.7237
2003,GEO,Georgia,Peace and Security,223976.2,188824.65,0.8431
2003,MDA,Moldova,Health,563077.98,424113.8,0.7532
2003,MDA,Moldova,Humanitarian,309227.36,262165.09,0.8478
2003,MDA,Moldova,Education,61042.8,51843.81,0.8493
2003,MDA,Moldova,Economic Development,740416.75,572540.29,0.7733
2003,MDA,Moldova,Peace and Security,276134.15,195815.7,0.7091
2003,KOS,Kosovo,Health,530785.75,496153.34,0.9348
2003,KOS,Kosovo,Humanitarian,587124.93,469438.14,0.7996
2003,KOS,Kosovo,Education,1398108.77,1186665.17,0.8488
2003,KOS,Kosovo,Economic Development,220367.77,220367.77,1.0
2003,KOS,Kosovo,Governance,386633.51,385010.0,0.9958
2003,KOS,Kosovo,Agriculture,998404.35,770840.45,0.7721
2003,KOS,Kosovo,Peace and Security,849089.48,751986.13,0.8856
2003,LBR,Liberia,Health,106249.61,70106.53,0.6598
2003,LBR,Liberia,Economic Development,140443.93,90867.37,0.647
2003,LBR,Liberia,Peace and Security,2034100.98,2034100.98,1.0
2003,SLE,Sierra Leone,Humanitarian,198309.71,80472.62,0.4058
2003,SLE,Sierra Leone,Education,440858.85,412704.23,0.9361
2003,SLE,Sierra Leone,Economic Development,1062996.33,898907.23,0.8456
2003,SLE,Sierra Leone,Governance,2855449.99,1976584.66,0.6922
2003,SLE,Sierra Leone,Agriculture,109446.23,109446.23,1.0
2003,SLE,Sierra Leone,Peace and Security,1283532.74,867891.25,0.6762
2003,COD,DR Congo,Economic Development,982588.55,759166.8,0.7726
2003,COD,DR Congo,Agriculture,385756.8,311142.79,0.8066
2003,COD,DR Congo,Peace and Security,1377756.01,1084878.51,0.7874
2003,RWA,Rwanda,Health,344116.22,220849.58,0.6418
2003,RWA,Rwanda,Humanitarian,160036.07,144272.41,0.9015
2003,RWA,Rwanda,Economic Development,182337.78,138268.19,0.7583
2003,RWA,Rwanda,Governance,138776.31,126121.51,0.9088
2003,RWA,Rwanda,Agriculture,842007.47,646947.17,0.7683
2003,RWA,Rwanda,Peace and Security,227789.32,186062.42,0.8168
2003,ZMB,Zambia,Health,569112.69,435454.74,0.7651
2003,ZMB,Zambia,Education,803463.74,633930.37,0.789
2003,ZMB,Zambia,Economic Development,1059669.02,771101.6,0.7277
2003,ZMB,Zambia,Governance,9379059.12,7350411.42,0.7837
2003,ZMB,Zambia,Peace and Security,50000.0,41743.17,0.8349
2003,ZWE,Zimbabwe,Humanitarian,403493.76,293217.18,0.7267
2003,ZWE,Zimbabwe,Education,654446.56,492674.79,0.7528
2003,ZWE,Zimbabwe,Economic Development,113859.01,90286.73,0.793
2003,ZWE,Zimbabwe,Governance,5201970.83,4706648.45,0.9048
2003,ZWE,Zimbabwe,Agriculture,2108169.8,1986513.73,0.9423
2003,MMR,Burma,Health,471869.09,401567.07,0.851
2003,MMR,Burma,Humanitarian,764869.17,645579.05,0.844
2003,MMR,Burma,Education,50000.0,36969.93,0.7394
2003,MMR,Burma,Economic Development,584290.15,479435.99,0.8205
2003,MMR,Burma,Governance,1192298.35,1101711.07,0.924
2003,MMR,Burma,Peace and Security,4650174.83,3140173.41,0.6753
2003,KHM,Cambodia,Health,897147.05,780695.9,0.8702
2003,KHM,Cambodia,Education,273422.01,197082.41,0.7208
2003,KHM,Cambodia,Economic Development,482488.09,311581.69,0.6458
2003,KHM,Cambodia,Governance,1049849.66,851936.7,0.8115
2003,NPL,Nepal,Health,285290.7,235052.2,0.8239
2003,NPL,Nepal,Humanitarian,1580413.09,1284886.69,0.813
2003,NPL,Nepal,Education,548843.66,496680.6,0.905
2003,NPL,Nepal,Economic Development,1964508.9,1719352.01,0.8752
2003,LKA,Sri Lanka,Health,1602950.71,1386717.82,0.8651
2003,LKA,Sri Lanka,Education,2281545.74,1863583.03,0.8168
2003,LKA,Sri Lanka,Economic Development,2516966.47,2096487.41,0.8329
2003,LKA,Sri Lanka,Governance,430216.02,307148.41,0.7139
2003,LKA,Sri Lanka,Peace and Security,640727.63,404782.67,0.6318
2003,MAR,Morocco,Humanitarian,4897820.34,3397502.42,0.6937
2003,MAR,Morocco,Education,582887.55,453624.49,0.7782
2003,MAR,Morocco,Governance,882779.52,882779.52,1.0
2003,MAR,Morocco,Agriculture,2077980.86,1562130.38,0.7518
2003,MAR,Morocco,Peace and Security,892167.44,711466.67,0.7975
2003,TUN,Tunisia,Health,989477.91,741025.23,0.7489
2003,TUN,Tunisia,Humanitarian,300348.8,181825.59,0.6054
2003,TUN,Tunisia,Education,361486.3,270000.74,0.7469
2003,TUN,Tunisia,Economic Development,89897.32,59113.83,0.6576
2003,TUN,Tunisia,Agriculture,586936.94,560352.76,0.9547
2003,TUN,Tunisia,Peace and Security,952378.9,849698.55,0.8922
2003,SEN,Senegal,Humanitarian,182760.62,173196.37,0.9477
2003,SEN,Senegal,Education,550718.87,363053.72,0.6592
2003,SEN,Senegal,Economic Development,223668.06,202355.97,0.9047
2003,SEN,Senegal,Governance,212310.21,197674.0,0.9311
2003,SEN,Senegal,Agriculture,273131.42,262054.12,0.9594
2003,SEN,Senegal,Peace and Security,378690.92,316152.44,0.8349
2003,MLI,Mali,Health,325173.48,260380.22,0.8007
2003,MLI,Mali,Economic Development,3443515.32,2805795.53,0.8148
2004,AFG,Afghanistan,Health,714864.48,483455.19,0.6763
2004,AFG,Afghanistan,Humanitarian,336423.81,263583.14,0.7835
2004,AFG,Afghanistan,Economic Development,1385008.06,1268504.42,0.9159
2004,AFG,Afghanistan,Governance,3777791.86,3076935.08,0.8145
2004,AFG,Afghanistan,Peace and Security,359737.05,340603.08,0.9468
2004,EGY,Egypt,Health,116607.93,100674.56,0.8634
2004,EGY,Egypt,Education,890403.59,686910.14,0.7715
2004,EGY,Egypt,Economic Development,150568.2,150568.2,1.0
2004,EGY,Egypt,Governance,698173.22,623613.0,0.8932
2004,EGY,Egypt,Agriculture,132019.85,103162.35,0.7814
2004,EGY,Egypt,Peace and Security,1356258.89,1007164.22,0.7426
2004,ETH,Ethiopia,Health,1711635.93,1630535.95,0.9526
2004,ETH,Ethiopia,Education,862659.99,718696.95,0.8331
2004,ETH,Ethiopia,Economic Development,128478.92,107145.16,0.834
2004,ETH,Ethiopia,Governance,150823.22,127578.02,0.8459
2004,JOR,Jordan,Health,105702.46,85995.61,0.8136
2004,JOR,Jordan,Humanitarian,749094.59,711019.11,0.9492
2004,JOR,Jordan,Education,95409.89,80973.24,0.8487
2004,JOR,Jordan,Peace and Security,1365367.52,981049.85,0.7185
2004,KEN,Kenya,Education,1229592.32,1091418.15,0.8876
2004,KEN,Kenya,Economic Development,749170.96,723791.87,0.9661
2004,KEN,Kenya,Governance,108990.38,108029.83,0.9912
2004,KEN,Kenya,Agriculture,972217.37,823592.54,0.8471
2004,NGA,Nigeria,Health,3170606.92,2850583.92,0.8991
2004,NGA,Nigeria,Humanitarian,832796.05,787616.48,0.9457
2004,NGA,Nigeria,Education,1273352.49,865533.72,0.6797
2004,NGA,Nigeria,Economic Development,6684364.75,5065259.47,0.7578
2004,NGA,Nigeria,Governance,1507156.42,1409004.93,0.9349
2004,NGA,Nigeria,Agriculture,84099.82,74025.3,0.8802
2004,NGA,Nigeria,Peace and Security,209314.42,185403.69,0.8858
2004,PAK,Pakistan,Health,1371021.1,1371021.1,1.0
2004,PAK,Pakistan,Humanitarian,1240816.95,884097.84,0.7125
2004,PAK,Pakistan,Education,159020.57,120233.62,0.7561
2004,PAK,Pakistan,Governance,425053.32,297508.05,0.6999
2004,PAK,Pakistan,Agriculture,112906.68,98733.57,0.8745
2004,SOM,Somalia,Health,1796058.5,1399351.08,0.7791
2004,SOM,Somalia,Humanitarian,103094.51,103094.51,1.0
2004,SOM,Somalia,Education,421979.32,287121.51,0.6804
2004,SOM,Somalia,Economic Development,62907.17,45701.03,0.7265
2004,SOM,Somalia,Governance,589344.6,448540.88,0.7611
2004,SOM,Somalia,Agriculture,163664.01,139795.92,0.8542
2004,SOM,Somalia,Peace and Security,203928.35,178561.19,0.8756
2004,SSD,South Sudan,Health,4815292.82,3610670.18,0.7498
2004,SSD,South Sudan,Humanitarian,153573.35,137097.11,0.8927
2004,SSD,South Sudan,Education,115579.64,96990.35,0.8392
2004,SSD,South Sudan,Economic Development,124816.21,120085.38,0.9621
2004,SSD,South Sudan,Agriculture,836302.52,745448.12,0.8914
2004,SSD,South Sudan,Peace and Security,3475840.96,3084514.0,0.8874
2004,SDN,Sudan,Education,112911.92,99971.38,0.8854
2004,SDN,Sudan,Governance,294791.85,294791.85,1.0
2004,SDN,Sudan,Agriculture,275925.04,270978.46,0.9821
2004,SDN,Sudan,Peace and Security,568594.58,424777.78,0.7471
2004,UGA,Uganda,Health,140628.38,107207.29,0.7623
2004,UGA,Uganda,Humanitarian,813969.87,721349.67,0.8862
2004,UGA,Uganda,Peace and Security,180363.29,133772.71,0.7417
2004,UKR,Ukraine,Health,129295.0,88791.88,0.6867
2004,UKR,Ukraine,Humanitarian,617315.86,457604.03,0.7413
2004,UKR,Ukraine,Education,419839.21,292884.21,0.6976
2004,UKR,Ukraine,Economic Development,4708008.83,3479260.22,0.739
2004,UKR,Ukraine,Peace and Security,209814.23,209814.23,1.0
2004,COL,Colombia,Education,1079285.25,891635.64,0.8261
2004,COL,Colombia,Economic Development,2364618.49,1733900.21,0.7333
2004,COL,Colombia,Governance,1345223.68,1216662.92,0.9044
2004,COL,Colombia,Agriculture,157466.86,149556.82,0.9498
2004,COL,Colombia,Peace and Security,4101903.74,2749118.37,0.6702
2004,HTI,Haiti,Health,392698.52,247096.94,0.6292
2004,HTI,Haiti,Economic Development,235393.26,217548.39,0.9242
2004,HTI,Haiti,Agriculture,217913.31,177172.01,0.813
2004,HTI,Haiti,Peace and Security,254119.71,185527.79,0.7301
2004,IRQ,Iraq,Humanitarian,143646.98,73014.58,0.5083
2004,IRQ,Iraq,Education,168666.67,135520.09,0.8035
2004,IRQ,Iraq,Economic Development,456582.02,336025.76,0.736
2004,IRQ,Iraq,Agriculture,511980.39,380407.46,0.743
2004,IRQ,Iraq,Peace and Security,1382363.1,995022.56,0.7198
2004,YEM,Yemen,Health,326470.56,203265.46,0.6226
2004,YEM,Yemen,Humanitarian,231200.09,214107.72,0.9261
2004,YEM,Yemen,Education,217699.81,143495.54,0.6591
2004,YEM,Yemen,Economic Development,500664.02,397619.61,0.7942
2004,YEM,Yemen,Governance,262104.82,248240.03,0.9471
2004,YEM,Yemen,Agriculture,537491.89,311209.68,0.579
2004,YEM,Yemen,Peace and Security,1267609.22,1252066.29,0.9877
2004,BGD,Bangladesh,Health,1298741.68,1001425.09,0.7711
2004,BGD,Bangladesh,Humanitarian,252102.99,236211.39,0.937
2004,BGD,Bangladesh,Education,412794.55,322224.55,0.7806
2004,BGD,Bangladesh,Agriculture,3887915.69,3308007.68,0.8508
2004,BGD,Bangladesh,Peace and Security,2954613.85,2785852.34,0.9429
2004,IND,India,Health,1000872.78,692206.22,0.6916
2004,IND,India,Humanitarian,50000.0,48322.2,0.9664
2004,IND,India,Education,1182884.52,852053.92,0.7203
2004,IND,India,Economic Development,431798.57,367879.2,0.852
2004,IND,India,Agriculture,816193.03,755585.35,0.9257
2004,IND,India,Peace and Security,1227855.25,1029424.33,0.8384
2004,IDN,Indonesia,Health,483895.27,393190.74,0.8126
2004,IDN,Indonesia,Humanitarian,857348.58,650670.26,0.7589
2004,IDN,Indonesia,Education,1276448.69,786820.69,0.6164
2004,IDN,Indonesia,Economic Development,3221991.6,1595324.93,0.4951
2004,IDN,Indonesia,Governance,1191683.17,741181.0,0.622
2004,IDN,Indonesia,Agriculture,50000.0,49619.36,0.9924
2004,IDN,Indonesia,Peace and Security,1550061.59,1229833.95,0.7934
2004,PHL,Philippines,Health,192559.91,176600.35,0.9171
2004,PHL,Philippines,Humanitarian,394370.06,370530.35,0.9395
2004,PHL,Philippines,Education,355432.69,298461.01,0.8397
2004,PHL,Philippines,Economic Development,2061673.05,1774879.67,0.8609
2004,PHL,Philippines,Agriculture,221541.35,164182.76,0.7411
2004,PHL,Philippines,Peace and Security,238913.17,223560.94,0.9357
2004,VNM,Vietnam,Health,1671056.01,1361490.99,0.8147
2004,VNM,Vietnam,Humanitarian,289950.4,220178.45,0.7594
2004,VNM,Vietnam,Economic Development,1588760.23,1588760.23,1.0
2004,VNM,Vietnam,Governance,720173.75,572310.22,0.7947
2004,VNM,Vietnam,Agriculture,523400.19,521106.22,0.9956
2004,VNM,Vietnam,Peace and Security,206431.66,152240.12,0.7375
2004,GHA,Ghana,Health,770112.71,610074.74,0.7922
2004,GHA,Ghana,Education,391702.6,299519.08,0.7647
2004,GHA,Ghana,Economic Development,1459924.88,985317.7,0.6749
2004,GHA,Ghana,Agriculture,1246735.62,1012062.66,0.8118
2004,GHA,Ghana,Peace and Security,78324.93,63404.62,0.8095
2004,TZA,Tanzania,Health,769330.97,664707.16,0.864
2004,TZA,Tanzania,Humanitarian,5663854.58,5003038.33,0.8833
2004,TZA,Tanzania,Education,636448.04,507165.73,0.7969
2004,TZA,Tanzania,Economic Development,1917757.27,1273123.79,0.6639
2004,TZA,Tanzania,Governance,975686.57,912544.05,0.9353
2004,TZA,Tanzania,Agriculture,129196.5,87756.73,0.6793
2004,TZA,Tanzania,Peace and Security,722366.17,469486.97,0.6499
2004,MOZ,Mozambique,Health,356310.51,213355.29,0.5988
2004,MOZ,Mozambique,Humanitarian,85556.59,72946.84,0.8526
2004,MOZ,Mozambique,Education,405739.63,346567.12,0.8542
2004,MOZ,Mozambique,Economic Development,50000.0,39193.09,0.7839
2004,MOZ,Mozambique,Governance,130852.47,98706.71,0.7543
2004,MWI,Malawi,Health,310015.65,310015.65,1.0
2004,MWI,Malawi,Humanitarian,77640.39,66229.5,0.853
2004,MWI,Malawi,Economic Development,149092.89,140113.24,0.9398
2004,MWI,Malawi,Governance,146516.32,109445.15,0.747
2004,MWI,Malawi,Peace and Security,1107268.36,904970.52,0.8173
2004,PER,Peru,Health,593452.83,550438.22,0.9275
2004,PER,Peru,Education,1318596.56,861294.22,0.6532
2004,PER,Peru,Economic Development,482715.07,367561.41,0.7614
2004,PER,Peru,Governance,2680517.76,1384347.55,0.5164
2004,PER,Peru,Agriculture,7568066.63,6227233.38,0.8228
2004,PER,Peru,Peace and Security,1245847.3,1245847.3,1.0
2004,GTM,Guatemala,Humanitarian,436197.76,386962.27,0.8871
2004,GTM,Guatemala,Governance,571690.18,422798.57,0.7396
2004,GTM,Guatemala,Peace and Security,458946.36,311763.15,0.6793
2004,SLV,El Salvador,Health,462616.32,302530.67,0.654
2004,SLV,El Salvador,Humanitarian,228541.88,201343.97,0.881
2004,SLV,El Salvador,Economic Development,657811.86,494003.47,0.751
2004,SLV,El Salvador,Governance,5598760.89,3087645.52,0.5515
2004,SLV,El Salvador,Agriculture,891114.93,618190.86,0.6937
2004,SLV,El Salvador,Peace and Security,6470431.13,5017298.81,0.7754
2004,MEX,Mexico,Health,1000617.44,829648.87,0.8291
2004,MEX,Mexico,Humanitarian,1121588.19,1078472.8,0.9616
2004,MEX,Mexico,Education,638133.14,536768.56,0.8412
2004,MEX,Mexico,Economic Development,1382651.35,967520.53,0.6998
2004,MEX,Mexico,Peace and Security,350473.34,247185.22,0.7053
2004,PSE,West Bank and Gaza,Health,879555.36,826271.36,0.9394
2004,PSE,West Bank and Gaza,Humanitarian,5874182.94,4762966.06,0.8108
2004,PSE,West Bank and Gaza,Education,1709822.12,1503970.98,0.8796
2004,PSE,West Bank and Gaza,Economic Development,50000.0,40069.21,0.8014
2004,PSE,West Bank and Gaza,Governance,937408.19,788722.31,0.8414
2004,PSE,West Bank and Gaza,Agriculture,110557.17,110557.17,1.0
2004,PSE,West Bank and Gaza,Peace and Security,1242536.5,640177.7,0.5152
2004,LBN,Lebanon,Health,363926.84,328222.53,0.9019
2004,LBN,Lebanon,Humanitarian,145280.91,135639.85,0.9336
2004,LBN,Lebanon,Education,1073337.41,1010085.47,0.9411
2004,LBN,Lebanon,Governance,113401.95,74142.71,0.6538
2004,SYR,Syria,Humanitarian,560335.32,461142.13,0.823
2004,TUR,Turkey,Health,234556.62,212594.42,0.9064
2004,TUR,Turkey,Humanitarian,420371.21,347312.91,0.8262
2004,TUR,Turkey,Education,151143.99,147547.12,0.9762
2004,TUR,Turkey,Economic Development,9321261.59,6797619.18,0.7293
2004,TUR,Turkey,Governance,1491683.27,1179307.84,0.7906
2004,GEO,Georgia,Health,802006.85,648540.72,0.8086
2004,GEO,Georgia,Humanitarian,1692437.53,1453352.8,0.8587
2004,GEO,Georgia,Education,334381.96,264045.69,0.7897
2004,GEO,Georgia,Governance,579369.39,506368.73,0.874
2004,GEO,Georgia,Agriculture,106587.12,74598.78,0.6999
2004,GEO,Georgia,Peace and Security,903519.95,903519.95,1.0
2004,MDA,Moldova,Health,1460792.71,1429768.44,0.9788
2004,MDA,Moldova,Humanitarian,268383.18,214130.08,0.7979
2004,MDA,Moldova,Economic Development,932320.38,879064.96,0.9429
2004,MDA,Moldova,Governance,5222241.89,4100050.66,0.7851
2004,MDA,Moldova,Agriculture,410848.3,301976.33,0.735
2004,MDA,Moldova,Peace and Security,552953.82,552953.82,1.0
2004,KOS,Kosovo,Education,106258.74,85990.91,0.8093
2004,KOS,Kosovo,Economic Development,1614635.44,1318102.56,0.8163
2004,KOS,Kosovo,Governance,1258721.22,1158356.22,0.9203
2004,KOS,Kosovo,Peace and Security,1145399.22,1066046.26,0.9307
2004,LBR,Liberia,Health,951811.97,951811.97,1.0
2004,LBR,Liberia,Education,243691.8,157466.89,0.6462
2004,LBR,Liberia,Economic Development,579609.7,496120.0,0.856
2004,LBR,Liberia,Governance,9679953.25,6905431.71,0.7134
2004,LBR,Liberia,Agriculture,1107285.69,961069.81,0.868
2004,SLE,Sierra Leone,Humanitarian,1098158.93,946221.58,0.8616
2004,SLE,Sierra Leone,Education,1519574.45,1330440.91,0.8755
2004,SLE,Sierra Leone,Economic Development,4082507.61,3598633.75,0.8815
2004,SLE,Sierra Leone,Governance,202298.41,157601.69,0.7791
2004,SLE,Sierra Leone,Agriculture,613555.79,522246.67,0.8512
2004,SLE,Sierra Leone,Peace and Security,553647.66,497302.46,0.8982
2004,COD,DR Congo,Health,180820.51,175860.79,0.9726
2004,COD,DR Congo,Humanitarian,131977.87,91146.45,0.6906
2004,COD,DR Congo,Economic Development,1678133.33,1611271.99,0.9602
2004,COD,DR Congo,Governance,137294.88,101795.64,0.7414
2004,COD,DR Congo,Agriculture,441083.36,267876.63,0.6073
2004,COD,DR Congo,Peace and Security,1136570.62,911847.87,0.8023
2004,RWA,Rwanda,Health,183861.08,118693.52,0.6456
2004,RWA,Rwanda,Humanitarian,2046757.62,1931542.68,0.9437
2004,RWA,Rwanda,Education,2159357.19,1686694.99,0.7811
2004,RWA,Rwanda,Economic Development,942096.03,721503.45,0.7658
2004,RWA,Rwanda,Agriculture,184326.25,119062.47,0.6459
2004,RWA,Rwanda,Peace and Security,508320.33,412118.88,0.8107
2004,ZMB,Zambia,Health,2823724.68,2171916.65,0.7692
2004,ZMB,Zambia,Humanitarian,2264872.81,2243478.94,0.9906
2004,ZMB,Zambia,Education,73055.01,54647.68,0.748
2004,ZMB,Zambia,Economic Development,551491.68,551491.68,1.0
2004,ZMB,Zambia,Governance,1178953.95,878033.04,0.7448
2004,ZMB,Zambia,Agriculture,495645.13,467729.16,0.9437
2004,ZWE,Zimbabwe,Health,150701.97,112603.93,0.7472
2004,ZWE,Zimbabwe,Education,2519943.46,2148921.04,0.8528
2004,ZWE,Zimbabwe,Economic Development,471593.96,347886.82,0.7377
2004,ZWE,Zimbabwe,Governance,777108.33,682870.26,0.8787
2004,ZWE,Zimbabwe,Peace and Security,222614.2,152714.26,0.686
2004,MMR,Burma,Health,603813.9,437043.35,0.7238
2004,MMR,Burma,Humanitarian,3273755.21,2307600.75,0.7049
2004,MMR,Burma,Education,415570.01,305902.57,0.7361
2004,MMR,Burma,Economic Development,995664.88,995664.88,1.0
2004,MMR,Burma,Governance,529145.65,436530.67,0.825
2004,MMR,Burma,Agriculture,1140022.73,923336.5,0.8099
2004,KHM,Cambodia,Humanitarian,316504.18,254697.9,0.8047
2004,KHM,Cambodia,Education,611469.23,488867.42,0.7995
2004,KHM,Cambodia,Agriculture,509318.52,356338.12,0.6996
2004,NPL,Nepal,Health,674377.87,495250.15,0.7344
2004,NPL,Nepal,Humanitarian,710569.32,627435.41,0.883
2004,NPL,Nepal,Education,3772029.52,3107676.05,0.8239
2004,NPL,Nepal,Economic Development,1842790.34,1526526.03,0.8284
2004,NPL,Nepal,Peace and Security,482982.64,445147.41,0.9217
2004,LKA,Sri Lanka,Humanitarian,842854.52,842854.52,1.0
2004,LKA,Sri Lanka,Education,511544.13,459901.11,0.899
2004,LKA,Sri Lanka,Economic Development,135499.82,117746.02,0.869
2004,LKA,Sri Lanka,Governance,902095.7,862201.36,0.9558
2004,LKA,Sri Lanka,Agriculture,863653.33,740384.39,0.8573
2004,LKA,Sri Lanka,Peace and Security,463025.75,391922.87,0.8464
2004,MAR,Morocco,Health,604556.27,435861.86,0.721
2004,MAR,Morocco,Humanitarian,6419758.69,4964107.04,0.7733
2004,MAR,Morocco,Economic Development,2308919.46,2013838.7,0.8722
2004,MAR,Morocco,Governance,417812.29,348929.79,0.8351
2004,MAR,Morocco,Agriculture,1175098.3,862898.9,0.7343
2004,MAR,Morocco,Peace and Security,627237.42,596749.4,0.9514
2004,TUN,Tunisia,Health,1752460.98,1243051.55,0.7093
2004,TUN,Tunisia,Humanitarian,417604.04,352168.06,0.8433
2004,TUN,Tunisia,Governance,783513.84,501966.1,0.6407
2004,TUN,Tunisia,Agriculture,55901.43,39105.64,0.6995
2004,TUN,Tunisia,Peace and Security,3559467.5,2368185.55,0.6653
2004,SEN,Senegal,Humanitarian,68205.01,53167.54,0.7795
2004,SEN,Senegal,Education,437176.13,407854.55,0.9329
2004,SEN,Senegal,Economic Development,544643.77,421458.5,0.7738
2004,SEN,Senegal,Governance,4798186.39,4143084.59,0.8635
2004,MLI,Mali,Health,2910046.73,1997838.41,0.6865
2004,MLI,Mali,Humanitarian,483076.92,371410.18,0.7688
2004,MLI,Mali,Education,50000.0,43168.17,0.8634
2004,MLI,Mali,Economic Development,148959.89,110625.18,0.7427
2004,MLI,Mali,Governance,3519889.18,2497496.52,0.7095
2004,MLI,Mali,Peace and Security,3116760.59,2430438.09,0.7798
2005,AFG,Afghanistan,Economic Development,514008.9,398317.02,0.7749
2005,AFG,Afghanistan,Agriculture,2812597.44,1584780.66,0.5635
2005,EGY,Egypt,Health,354198.41,232617.4,0.6567
2005,EGY,Egypt,Humanitarian,477050.76,385609.0,0.8083
2005,EGY,Egypt,Economic Development,319881.56,275120.15,0.8601
2005,EGY,Egypt,Governance,387282.26,310875.78,0.8027
2005,EGY,Egypt,Agriculture,830200.74,669835.82,0.8068
2005,EGY,Egypt,Peace and Security,862021.96,819386.52,0.9505
2005,ETH,Ethiopia,Humanitarian,967518.86,967518.86,1.0
2005,ETH,Ethiopia,Education,515477.21,397050.88,0.7703
2005,ETH,Ethiopia,Economic Development,978839.91,791540.58,0.8087
2005,ETH,Ethiopia,Governance,65694.47,56614.91,0.8618
2005,ETH,Ethiopia,Agriculture,1361300.16,905998.88,0.6655
2005,ETH,Ethiopia,Peace and Security,292353.54,253356.67,0.8666
2005,JOR,Jordan,Humanitarian,273751.54,156376.1,0.5712
2005,JOR,Jordan,Economic Development,893552.8,739298.8,0.8274
2005,JOR,Jordan,Governance,814250.69,605663.33,0.7438
2005,JOR,Jordan,Agriculture,344900.46,308026.25,0.8931
2005,JOR,Jordan,Peace and Security,173362.63,142203.1,0.8203
2005,KEN,Kenya,Education,3874815.23,3006360.46,0.7759
2005,KEN,Kenya,Agriculture,465907.63,357657.76,0.7677
2005,NGA,Nigeria,Health,1066257.26,780401.36,0.7319
2005,NGA,Nigeria,Humanitarian,177822.94,162086.51,0.9115
2005,NGA,Nigeria,Education,376905.4,376905.4,1.0
2005,NGA,Nigeria,Economic Development,925529.82,742646.52,0.8024
2005,NGA,Nigeria,Governance,520439.03,452145.38,0.8688
2005,NGA,Nigeria,Peace and Security,2261743.5,2144953.23,0.9484
2005,PAK,Pakistan,Health,176033.3,110259.95,0.6264
2005,PAK,Pakistan,Education,1213005.41,866811.19,0.7146
2005,PAK,Pakistan,Economic Development,590334.08,491227.64,0.8321
2005,PAK,Pakistan,Governance,636348.89,571026.51,0.8973
2005,PAK,Pakistan,Peace and Security,50000.0,39446.72,0.7889
2005,SOM,Somalia,Health,400674.09,307957.3,0.7686
2005,SOM,Somalia,Humanitarian,1230564.68,1001328.99,0.8137
2005,SOM,Somalia,Education,176795.3,131809.63,0.7455
2005,SOM,Somalia,Economic Development,170036.69,113734.84,0.6689
2005,SOM,Somalia,Peace and Security,2895126.7,2328310.93,0.8042
2005,SSD,South Sudan,Humanitarian,278546.91,276380.39,0.9922
2005,SSD,South Sudan,Education,1255556.26,1135790.93,0.9046
2005,SSD,South Sudan,Governance,426971.74,356223.39,0.8343
2005,SSD,South Sudan,Agriculture,914878.13,804211.42,0.879
2005,SSD,South Sudan,Peace and Security,222921.73,175797.98,0.7886
2005,SDN,Sudan,Health,1715742.6,974120.97,0.5678
2005,SDN,Sudan,Humanitarian,8413038.52,6553890.39,0.779
2005,SDN,Sudan,Education,529321.81,515943.28,0.9747
2005,SDN,Sudan,Economic Development,1093999.85,910201.7,0.832
2005,SDN,Sudan,Governance,20233112.25,16763903.91,0.8285
2005,SDN,Sudan,Agriculture,307588.82,266270.09,0.8657
2005,SDN,Sudan,Peace and Security,1312984.51,1098885.69,0.8369
2005,UGA,Uganda,Humanitarian,378772.92,297589.76,0.7857
2005,UGA,Uganda,Education,279413.08,204748.15,0.7328
2005,UGA,Uganda,Economic Development,101576.56,83910.24,0.8261
2005,UGA,Uganda,Governance,149084.27,111073.93,0.745
2005,UGA,Uganda,Agriculture,1534563.7,792768.4,0.5166
2005,UGA,Uganda,Peace and Security,80049.0,61493.59,0.7682
2005,UKR,Ukraine,Health,261658.9,218905.57,0.8366
2005,UKR,Ukraine,Humanitarian,5027357.21,4673348.61,0.9296
2005,UKR,Ukraine,Education,117311.88,80695.39,0.6879
2005,UKR,Ukraine,Economic Development,432127.77,340970.14,0.789
2005,UKR,Ukraine,Peace and Security,551872.63,484273.1,0.8775
2005,COL,Colombia,Humanitarian,240238.18,224508.75,0.9345
2005,COL,Colombia,Education,1542119.71,1360112.02,0.882
2005,COL,Colombia,Governance,1411434.1,1110961.26,0.7871
2005,HTI,Haiti,Humanitarian,1152351.33,1140925.02,0.9901
2005,HTI,Haiti,Education,191077.2,189971.14,0.9942
2005,HTI,Haiti,Economic Development,5865987.25,4845762.06,0.8261
2005,HTI,Haiti,Agriculture,3788009.33,2453987.18,0.6478
2005,HTI,Haiti,Peace and Security,390969.19,390327.82,0.9984
2005,IRQ,Iraq,Health,88100.0,77548.8,0.8802
2005,IRQ,Iraq,Education,3922098.46,3543337.67,0.9034
2005,IRQ,Iraq,Economic Development,296929.68,232975.55,0.7846
2005,IRQ,Iraq,Governance,394062.64,202806.98,0.5147
2005,YEM,Yemen,Health,1293098.89,985824.42,0.7624
2005,YEM,Yemen,Humanitarian,131975.16,98674.78,0.7477
2005,YEM,Yemen,Economic Development,1069114.15,725853.55,0.6789
2005,YEM,Yemen,Governance,1610786.98,1416547.06,0.8794
2005,YEM,Yemen,Agriculture,201487.27,149811.95,0.7435
2005,YEM,Yemen,Peace and Security,1557034.86,1121899.63,0.7205
2005,BGD,Bangladesh,Health,2014002.13,1426643.62,0.7084
2005,BGD,Bangladesh,Humanitarian,714624.92,661546.64,0.9257
2005,BGD,Bangladesh,Education,1192977.78,1089336.43,0.9131
2005,BGD,Bangladesh,Governance,1133180.12,1133180.12,1.0
2005,BGD,Bangladesh,Peace and Security,772605.92,652337.48,0.8443
2005,IND,India,Health,552247.04,448702.82,0.8125
2005,IND,India,Humanitarian,1689432.39,1168006.43,0.6914
2005,IND,India,Education,105656.61,100538.65,0.9516
2005,IND,India,Governance,86878.36,66654.99,0.7672
2005,IND,India,Peace and Security,583774.27,445179.42,0.7626
2005,IDN,Indonesia,Health,770094.06,671422.69,0.8719
2005,IDN,Indonesia,Humanitarian,1045221.35,757280.21,0.7245
2005,IDN,Indonesia,Education,544640.7,402070.21,0.7382
2005,IDN,Indonesia,Economic Development,90385.59,82125.5,0.9086
2005,IDN,Indonesia,Peace and Security,1031732.03,786405.33,0.7622
2005,PHL,Philippines,Health,2003415.7,1553332.76,0.7753
2005,PHL,Philippines,Humanitarian,50000.0,42227.6,0.8446
2005,PHL,Philippines,Education,774825.47,656892.92,0.8478
2005,PHL,Philippines,Economic Development,3923353.25,3727150.26,0.95
2005,PHL,Philippines,Governance,138393.47,106716.36,0.7711
2005,PHL,Philippines,Peace and Security,148342.06,129377.66,0.8722
2005,VNM,Vietnam,Health,822561.07,624559.13,0.7593
2005,VNM,Vietnam,Education,50000.0,37159.32,0.7432
2005,GHA,Ghana,Education,269960.85,197325.53,0.7309
2005,GHA,Ghana,Economic Development,203962.09,154204.12,0.756
2005,GHA,Ghana,Governance,1105773.08,813671.69,0.7358
2005,GHA,Ghana,Agriculture,830557.9,801017.32,0.9644
2005,TZA,Tanzania,Health,446260.32,296830.62,0.6652
2005,TZA,Tanzania,Education,2686048.01,2099738.68,0.7817
2005,TZA,Tanzania,Economic Development,3145456.4,2614421.93,0.8312
2005,TZA,Tanzania,Peace and Security,997595.61,627622.93,0.6291
2005,MOZ,Mozambique,Humanitarian,315809.59,315809.59,1.0
2005,MOZ,Mozambique,Education,366255.56,218739.88,0.5972
2005,MOZ,Mozambique,Economic Development,1003951.42,813537.72,0.8103
2005,MOZ,Mozambique,Governance,217664.21,145698.65,0.6694
2005,MOZ,Mozambique,Agriculture,1386550.4,1307583.41,0.943
2005,MOZ,Mozambique,Peace and Security,708056.43,627683.8,0.8865
2005,MWI,Malawi,Education,684121.95,633466.19,0.926
2005,MWI,Malawi,Economic Development,566946.97,348264.49,0.6143
2005,MWI,Malawi,Agriculture,6038905.62,5819070.88,0.9636
2005,MWI,Malawi,Peace and Security,574301.03,429579.3,0.748
2005,PER,Peru,Humanitarian,219056.64,204155.32,0.932
2005,PER,Peru,Education,69833.53,48782.08,0.6985
2005,PER,Peru,Economic Development,111503.79,106581.57,0.9559
2005,PER,Peru,Agriculture,2046886.87,1987715.87,0.9711
2005,PER,Peru,Peace and Security,2490139.62,2156838.74,0.8662
2005,GTM,Guatemala,Health,898438.7,583019.16,0.6489
2005,GTM,Guatemala,Education,1089428.47,844695.2,0.7754
2005,GTM,Guatemala,Economic Development,1647632.2,1630174.21,0.9894
2005,GTM,Guatemala,Governance,2323732.72,1792705.93,0.7715
2005,GTM,Guatemala,Agriculture,779265.19,610843.64,0.7839
2005,GTM,Guatemala,Peace and Security,3612700.04,2875197.27,0.7959
2005,SLV,El Salvador,Economic Development,2226806.15,1708980.81,0.7675
2005,SLV,El Salvador,Governance,244435.27,196230.37,0.8028
2005,SLV,El Salvador,Agriculture,1404102.88,1404102.88,1.0
2005,MEX,Mexico,Health,169445.27,134190.93,0.7919
2005,MEX,Mexico,Humanitarian,1115491.48,952455.28,0.8538
2005,MEX,Mexico,Governance,10368111.95,8236309.69,0.7944
2005,MEX,Mexico,Agriculture,144537.37,110214.72,0.7625
2005,MEX,Mexico,Peace and Security,1670715.68,1317465.08,0.7886
2005,PSE,West Bank and Gaza,Health,245910.93,186858.59,0.7599
2005,PSE,West Bank and Gaza,Humanitarian,176760.81,106732.9,0.6038
2005,PSE,West Bank and Gaza,Education,145432.42,111585.07,0.7673
2005,PSE,West Bank and Gaza,Economic Development,210789.25,195067.33,0.9254
2005,PSE,West Bank and Gaza,Governance,3000473.4,2937500.54,0.979
2005,LBN,Lebanon,Health,680104.87,651472.76,0.9579
2005,LBN,Lebanon,Economic Development,201052.49,121732.37,0.6055
2005,LBN,Lebanon,Agriculture,716021.57,529044.09,0.7389
2005,LBN,Lebanon,Peace and Security,50000.0,41159.99,0.8232
2005,SYR,Syria,Health,348236.76,286270.72,0.8221
2005,SYR,Syria,Humanitarian,212528.57,174856.06,0.8227
2005,SYR,Syria,Education,675730.94,584181.87,0.8645
2005,SYR,Syria,Economic Development,776802.35,642176.19,0.8267
2005,SYR,Syria,Governance,1243019.04,982927.47,0.7908
2005,SYR,Syria,Agriculture,1230683.76,1120699.87,0.9106
2005,SYR,Syria,Peace and Security,54278.11,37071.04,0.683
2005,TUR,Turkey,Health,158815.95,121471.49,0.7649
2005,TUR,Turkey,Education,529198.69,427567.94,0.808
2005,TUR,Turkey,Economic Development,3524505.52,3340928.28,0.9479
2005,TUR,Turkey,Agriculture,217763.97,193709.28,0.8895
2005,TUR,Turkey,Peace and Security,1507727.18,1301733.99,0.8634
2005,GEO,Georgia,Humanitarian,958740.79,687780.22,0.7174
2005,GEO,Georgia,Education,7966760.44,5378019.09,0.6751
2005,GEO,Georgia,Economic Development,1840508.73,1474042.71,0.8009
2005,GEO,Georgia,Governance,117989.41,104340.79,0.8843
2005,GEO,Georgia,Agriculture,2703012.9,2233917.51,0.8265
2005,MDA,Moldova,Health,655546.54,484261.12,0.7387
2005,MDA,Moldova,Humanitarian,465498.75,423643.73,0.9101
2005,MDA,Moldova,Education,173097.08,168267.4,0.9721
2005,MDA,Moldova,Economic Development,166110.3,132809.75,0.7995
2005,MDA,Moldova,Governance,272696.73,223761.13,0.8205
2005,MDA,Moldova,Peace and Security,1001079.42,783082.64,0.7822
2005,KOS,Kosovo,Health,103077.48,85051.36,0.8251
2005,KOS,Kosovo,Education,485177.01,408964.11,0.8429
2005,KOS,Kosovo,Economic Development,89505.9,70151.41,0.7838
2005,KOS,Kosovo,Governance,817721.94,758137.53,0.9271
2005,KOS,Kosovo,Peace and Security,528162.03,367719.64,0.6962
2005,LBR,Liberia,Health,315765.13,269062.96,0.8521
2005,LBR,Liberia,Humanitarian,543008.54,435315.43,0.8017
2005,LBR,Liberia,Economic Development,761102.88,652274.65,0.857
2005,LBR,Liberia,Governance,165138.01,145145.64,0.8789
2005,LBR,Liberia,Agriculture,419563.44,323110.46,0.7701
2005,LBR,Liberia,Peace and Security,225688.18,179172.65,0.7939
2005,SLE,Sierra Leone,Governance,1117975.91,996218.67,0.8911
2005,SLE,Sierra Leone,Agriculture,1626843.03,1303583.77,0.8013
2005,SLE,Sierra Leone,Peace and Security,607646.8,564311.62,0.9287
2005,COD,DR Congo,Health,1173756.43,677381.52,0.5771
2005,COD,DR Congo,Humanitarian,7973961.53,7815985.28,0.9802
2005,COD,DR Congo,Education,203676.91,173796.63,0.8533
2005,COD,DR Congo,Governance,295309.13,276196.61,0.9353
2005,COD,DR Congo,Agriculture,52203.79,44641.2,0.8551
2005,COD,DR Congo,Peace and Security,106804.26,79667.31,0.7459
2005,RWA,Rwanda,Peace and Security,532087.91,361285.12,0.679
2005,ZMB,Zambia,Health,840398.62,762906.43,0.9078
2005,ZMB,Zambia,Education,881665.87,881665.87,1.0
2005,ZMB,Zambia,Economic Development,145203.57,112529.17,0.775
2005,ZMB,Zambia,Governance,1200229.52,938467.93,0.7819
2005,ZMB,Zambia,Agriculture,3104969.76,2833000.88,0.9124
2005,ZMB,Zambia,Peace and Security,1098540.62,1007721.1,0.9173
2005,ZWE,Zimbabwe,Health,807014.32,730133.01,0.9047
2005,ZWE,Zimbabwe,Education,2183167.7,1573911.34,0.7209
2005,ZWE,Zimbabwe,Governance,1052300.56,753386.4,0.7159
2005,ZWE,Zimbabwe,Peace and Security,1650287.01,1324503.59,0.8026
2005,MMR,Burma,Health,4117309.44,3290931.59,0.7993
2005,MMR,Burma,Humanitarian,886210.41,798359.91,0.9009
2005,MMR,Burma,Economic Development,2704062.97,1735686.46,0.6419
2005,MMR,Burma,Governance,409147.03,328918.17,0.8039
2005,MMR,Burma,Agriculture,804926.45,804926.45,1.0
2005,MMR,Burma,Peace and Security,568437.25,417245.19,0.734
2005,KHM,Cambodia,Health,332184.06,290598.73,0.8748
2005,KHM,Cambodia,Humanitarian,1165041.71,1097208.79,0.9418
2005,KHM,Cambodia,Education,571738.41,371376.56,0.6496
2005,KHM,Cambodia,Economic Development,1446573.37,1089778.07,0.7534
2005,KHM,Cambodia,Governance,50000.0,29891.99,0.5978
2005,KHM,Cambodia,Agriculture,309429.64,254423.64,0.8222
2005,KHM,Cambodia,Peace and Security,500240.5,453632.65,0.9068
2005,NPL,Nepal,Health,126359.73,84755.23,0.6707
2005,NPL,Nepal,Humanitarian,50000.0,39942.03,0.7988
2005,NPL,Nepal,Education,942103.54,678741.57,0.7205
2005,NPL,Nepal,Economic Development,1459357.19,1408247.37,0.965
2005,NPL,Nepal,Governance,1295654.97,1101695.51,0.8503
2005,NPL,Nepal,Agriculture,2673710.33,2082294.55,0.7788
2005,LKA,Sri Lanka,Health,4168699.41,3761291.8,0.9023
2005,LKA,Sri Lanka,Humanitarian,8547952.72,5942510.18,0.6952
2005,LKA,Sri Lanka,Education,280406.8,231603.71,0.826
2005,LKA,Sri Lanka,Economic Development,3084290.27,2182685.43,0.7077
2005,LKA,Sri Lanka,Agriculture,946266.04,723905.05,0.765
2005,LKA,Sri Lanka,Peace and Security,157273.93,122182.02,0.7769
2005,MAR,Morocco,Health,442206.79,395808.99,0.8951
2005,MAR,Morocco,Economic Development,1678162.58,1410470.28,0.8405
2005,MAR,Morocco,Governance,53391.58,33180.03,0.6214
2005,MAR,Morocco,Agriculture,197133.55,186297.9,0.945
2005,MAR,Morocco,Peace and Security,519552.4,434215.31,0.8357
2005,TUN,Tunisia,Health,381752.23,331180.85,0.8675
2005,TUN,Tunisia,Humanitarian,50000.0,38691.03,0.7738
2005,TUN,Tunisia,Governance,268902.44,204861.75,0.7618
2005,TUN,Tunisia,Agriculture,397003.8,276856.99,0.6974
2005,SEN,Senegal,Health,56283.72,33834.96,0.6012
2005,SEN,Senegal,Humanitarian,1220751.12,720163.18,0.5899
2005,SEN,Senegal,Education,916449.5,665316.45,0.726
2005,SEN,Senegal,Economic Development,83229.82,56219.11,0.6755
2005,SEN,Senegal,Governance,150507.88,139286.41,0.9254
2005,SEN,Senegal,Peace and Security,180872.39,152557.84,0.8435
2005,MLI,Mali,Health,1456709.07,1070152.0,0.7346
2005,MLI,Mali,Education,562464.73,398172.74,0.7079
2005,MLI,Mali,Economic Development,4338552.6,3251367.42,0.7494
2005,MLI,Mali,Peace and Security,201437.15,138454.07,0.6873
2006,AFG,Afghanistan,Health,961194.08,769357.11,0.8004
2006,AFG,Afghanistan,Education,1435603.8,932528.3,0.6496
2006,AFG,Afghanistan,Agriculture,407001.25,301047.4,0.7397
2006,AFG,Afghanistan,Peace and Security,67885.29,55241.08,0.8137
2006,EGY,Egypt,Humanitarian,160566.08,122688.94,0.7641
2006,EGY,Egypt,Education,152947.62,137664.72,0.9001
2006,EGY,Egypt,Economic Development,866033.15,590216.43,0.6815
2006,EGY,Egypt,Peace and Security,290229.69,256932.71,0.8853
2006,ETH,Ethiopia,Health,421985.04,386376.79,0.9156
2006,ETH,Ethiopia,Humanitarian,955800.91,866800.35,0.9069
2006,ETH,Ethiopia,Education,367050.44,313472.53,0.854
2006,ETH,Ethiopia,Governance,1834274.57,1682202.5,0.9171
2006,ETH,Ethiopia,Agriculture,117275.74,94745.48,0.8079
2006,JOR,Jordan,Health,334859.76,317129.9,0.9471
2006,JOR,Jordan,Humanitarian,403146.26,363863.61,0.9026
2006,JOR,Jordan,Education,426608.89,426608.89,1.0
2006,JOR,Jordan,Governance,696800.12,486570.71,0.6983
2006,KEN,Kenya,Health,282276.49,229462.17,0.8129
2006,KEN,Kenya,Humanitarian,735140.21,724371.12,0.9854
2006,KEN,Kenya,Education,76309.41,53272.4,0.6981
2006,KEN,Kenya,Economic Development,205834.87,181389.63,0.8812
2006,KEN,Kenya,Agriculture,694518.49,502565.68,0.7236
2006,KEN,Kenya,Peace and Security,101834.22,72441.87,0.7114
2006,NGA,Nigeria,Health,109724.63,105674.26,0.9631
2006,NGA,Nigeria,Education,482799.76,357599.0,0.7407
2006,NGA,Nigeria,Economic Development,1086347.01,885475.91,0.8151
2006,NGA,Nigeria,Governance,1990294.84,1701821.31,0.8551
2006,NGA,Nigeria,Agriculture,474884.89,406188.38,0.8553
2006,NGA,Nigeria,Peace and Security,811232.68,680142.43,0.8384
2006,PAK,Pakistan,Health,6018673.53,4197405.82,0.6974
2006,PAK,Pakistan,Humanitarian,700629.42,407587.33,0.5817
2006,PAK,Pakistan,Education,88432.38,61721.73,0.698
2006,PAK,Pakistan,Economic Development,733690.97,693956.68,0.9458
2006,PAK,Pakistan,Governance,1979674.86,1750176.3,0.8841
2006,PAK,Pakistan,Agriculture,1827672.29,1380029.69,0.7551
2006,SOM,Somalia,Humanitarian,653091.1,590131.55,0.9036
2006,SOM,Somalia,Education,106132.17,85137.98,0.8022
2006,SOM,Somalia,Governance,130986.79,108464.62,0.8281
2006,SOM,Somalia,Peace and Security,920156.02,658906.87,0.7161
2006,SSD,South Sudan,Health,126099.85,103177.71,0.8182
2006,SSD,South Sudan,Humanitarian,685920.89,399197.15,0.582
2006,SSD,South Sudan,Education,909131.66,772724.27,0.85
2006,SSD,South Sudan,Economic Development,115647.12,101310.01,0.876
2006,SSD,South Sudan,Governance,633558.41,546024.15,0.8618
2006,SSD,South Sudan,Peace and Security,625953.21,421295.77,0.673
2006,SDN,Sudan,Health,957928.59,772672.66,0.8066
2006,SDN,Sudan,Humanitarian,190386.99,155236.4,0.8154
2006,SDN,Sudan,Economic Development,1265561.51,757950.36,0.5989
2006,SDN,Sudan,Governance,874760.08,752527.03,0.8603
2006,SDN,Sudan,Agriculture,386545.47,386545.47,1.0
2006,SDN,Sudan,Peace and Security,453686.73,315527.34,0.6955
2006,UGA,Uganda,Health,267697.6,256067.31,0.9566
2006,UGA,Uganda,Humanitarian,170801.97,144812.94,0.8478
2006,UGA,Uganda,Education,913195.24,777512.58,0.8514
2006,UGA,Uganda,Governance,500167.46,474184.73,0.9481
2006,UGA,Uganda,Agriculture,331935.04,331935.04,1.0
2006,UGA,Uganda,Peace and Security,287937.12,235603.5,0.8182
2006,UKR,Ukraine,Health,50000.0,46981.08,0.9396
2006,UKR,Ukraine,Humanitarian,271100.27,208280.31,0.7683
2006,UKR,Ukraine,Education,146883.95,122243.03,0.8322
2006,UKR,Ukraine,Economic Development,1177862.1,1063097.3,0.9026
2006,UKR,Ukraine,Governance,491193.15,329564.13,0.6709
2006,UKR,Ukraine,Agriculture,388506.15,317610.32,0.8175
2006,UKR,Ukraine,Peace and Security,258127.07,162714.91,0.6304
2006,COL,Colombia,Health,102930.81,69091.9,0.6712
2006,COL,Colombia,Humanitarian,224178.03,189279.79,0.8443
2006,COL,Colombia,Education,672234.77,562374.14,0.8366
2006,COL,Colombia,Economic Development,1354440.03,801044.4,0.5914
2006,COL,Colombia,Governance,172715.7,114850.86,0.665
2006,COL,Colombia,Agriculture,323436.29,285565.92,0.8829
2006,COL,Colombia,Peace and Security,50000.0,40211.97,0.8042
2006,HTI,Haiti,Health,1369380.68,1350875.91,0.9865
2006,HTI,Haiti,Humanitarian,96913.43,65700.24,0.6779
2006,HTI,Haiti,Education,1521009.5,1102947.52,0.7251
2006,HTI,Haiti,Economic Development,682132.92,411263.33,0.6029
2006,HTI,Haiti,Governance,3246753.43,3246753.43,1.0
2006,HTI,Haiti,Agriculture,4149847.61,3112108.69,0.7499
2006,HTI,Haiti,Peace and Security,50000.0,46388.85,0.9278
2006,IRQ,Iraq,Health,7446229.28,6349780.31,0.8528
2006,IRQ,Iraq,Governance,419966.43,230251.28,0.5483
2006,IRQ,Iraq,Agriculture,1576263.75,1167020.37,0.7404
2006,IRQ,Iraq,Peace and Security,794481.68,737825.09,0.9287
2006,YEM,Yemen,Health,3669838.25,2877475.88,0.7841
2006,YEM,Yemen,Humanitarian,296005.34,150577.03,0.5087
2006,YEM,Yemen,Education,1612611.46,1362752.52,0.8451
2006,BGD,Bangladesh,Economic Development,4357537.83,3321549.62,0.7623
2006,BGD,Bangladesh,Governance,84670.98,48945.25,0.5781
2006,BGD,Bangladesh,Agriculture,533858.96,447146.63,0.8376
2006,BGD,Bangladesh,Peace and Security,362646.5,330361.12,0.911
2006,IND,India,Health,396546.24,244118.72,0.6156
2006,IND,India,Education,1115472.59,932146.54,0.8357
2006,IND,India,Economic Development,555543.93,486409.17,0.8756
2006,IND,India,Governance,261654.76,191371.5,0.7314
2006,IND,India,Agriculture,760395.73,550431.16,0.7239
2006,IND,India,Peace and Security,149547.2,113621.17,0.7598
2006,IDN,Indonesia,Education,1055207.67,821733.28,0.7787
2006,IDN,Indonesia,Economic Development,559716.84,474419.53,0.8476
2006,IDN,Indonesia,Governance,74191.45,54759.38,0.7381
2006,IDN,Indonesia,Agriculture,301664.1,273356.41,0.9062
2006,PHL,Philippines,Health,62292.93,60733.33,0.975
2006,PHL,Philippines,Education,143404.92,132202.26,0.9219
2006,PHL,Philippines,Economic Development,657966.4,374771.75,0.5696
2006,PHL,Philippines,Governance,803048.9,706858.52,0.8802
2006,PHL,Philippines,Agriculture,408339.9,324185.18,0.7939
2006,PHL,Philippines,Peace and Security,833870.39,654261.71,0.7846
2006,VNM,Vietnam,Health,285602.71,257030.33,0.9
2006,VNM,Vietnam,Humanitarian,513690.84,513690.84,1.0
2006,VNM,Vietnam,Economic Development,3667160.51,2799838.25,0.7635
2006,VNM,Vietnam,Governance,2550771.73,2244130.68,0.8798
2006,GHA,Ghana,Health,109110.44,86845.79,0.7959
2006,GHA,Ghana,Humanitarian,144308.82,111159.74,0.7703
2006,GHA,Ghana,Education,548116.14,444799.48,0.8115
2006,GHA,Ghana,Economic Development,302886.55,198120.67,0.6541
2006,GHA,Ghana,Governance,385382.62,385033.28,0.9991
2006,GHA,Ghana,Agriculture,244335.82,226658.62,0.9277
2006,GHA,Ghana,Peace and Security,1646138.71,1264672.12,0.7683
2006,TZA,Tanzania,Humanitarian,371819.63,317453.3,0.8538
2006,TZA,Tanzania,Economic Development,1785218.68,1785218.68,1.0
2006,TZA,Tanzania,Peace and Security,1737304.34,1068596.48,0.6151
2006,MOZ,Mozambique,Health,774210.56,518232.71,0.6694
2006,MOZ,Mozambique,Humanitarian,1807180.93,1348255.51,0.7461
2006,MOZ,Mozambique,Education,111934.26,72295.89,0.6459
2006,MOZ,Mozambique,Governance,768524.39,650518.5,0.8465
2006,MOZ,Mozambique,Agriculture,776516.01,494847.17,0.6373
2006,MWI,Malawi,Health,2358077.52,1789034.73,0.7587
2006,MWI,Malawi,Humanitarian,2512956.4,2512956.4,1.0
2006,MWI,Malawi,Education,313308.7,264022.1,0.8427
2006,MWI,Malawi,Economic Development,194869.77,173797.15,0.8919
2006,MWI,Malawi,Agriculture,842298.66,672411.3,0.7983
2006,MWI,Malawi,Peace and Security,1734911.34,1555119.46,0.8964
2006,PER,Peru,Health,659006.44,430508.42,0.6533
2006,PER,Peru,Humanitarian,115068.1,75351.78,0.6548
2006,PER,Peru,Education,165464.39,145310.24,0.8782
2006,PER,Peru,Governance,140925.92,128455.47,0.9115
2006,PER,Peru,Agriculture,55170.49,49778.4,0.9023
2006,PER,Peru,Peace and Security,1581276.07,1247027.32,0.7886
2006,GTM,Guatemala,Health,285009.86,251646.98,0.8829
2006,GTM,Guatemala,Governance,1358936.15,1181452.28,0.8694
2006,SLV,El Salvador,Health,966551.83,651278.64,0.6738
2006,SLV,El Salvador,Humanitarian,50000.0,33156.39,0.6631
2006,SLV,El Salvador,Economic Development,135014.47,97402.5,0.7214
2006,SLV,El Salvador,Governance,327118.38,245145.54,0.7494
2006,SLV,El Salvador,Agriculture,643858.09,610806.33,0.9487
2006,SLV,El Salvador,Peace and Security,264117.29,211395.29,0.8004
2006,MEX,Mexico,Humanitarian,166963.91,155586.67,0.9319
2006,MEX,Mexico,Education,1621075.71,1376593.55,0.8492
2006,MEX,Mexico,Economic Development,957295.22,834972.27,0.8722
2006,MEX,Mexico,Governance,324034.93,255132.38,0.7874
2006,PSE,West Bank and Gaza,Health,177163.91,137266.25,0.7748
2006,PSE,West Bank and Gaza,Humanitarian,523249.13,439944.09,0.8408
2006,PSE,West Bank and Gaza,Education,62712.67,58882.79,0.9389
2006,PSE,West Bank and Gaza,Peace and Security,546928.36,512178.68,0.9365
2006,LBN,Lebanon,Health,2350316.24,1810595.95,0.7704
2006,LBN,Lebanon,Education,2145578.39,1895820.81,0.8836
2006,LBN,Lebanon,Governance,198526.97,177985.26,0.8965
2006,LBN,Lebanon,Agriculture,5833338.5,3351782.3,0.5746
2006,SYR,Syria,Health,122366.18,96480.7,0.7885
2006,SYR,Syria,Education,188538.07,186191.03,0.9876
2006,SYR,Syria,Economic Development,1274669.88,1098674.03,0.8619
2006,SYR,Syria,Agriculture,287309.31,259830.54,0.9044
2006,TUR,Turkey,Humanitarian,50000.0,38810.6,0.7762
2006,TUR,Turkey,Education,811480.84,669161.76,0.8246
2006,TUR,Turkey,Governance,243312.32,219478.93,0.902
2006,TUR,Turkey,Agriculture,131791.36,130019.69,0.9866
2006,TUR,Turkey,Peace and Security,196521.36,170735.58,0.8688
2006,GEO,Georgia,Education,311659.34,311659.34,1.0
2006,GEO,Georgia,Economic Development,438283.31,301152.2,0.6871
2006,GEO,Georgia,Agriculture,1007346.85,823559.03,0.8176
2006,GEO,Georgia,Peace and Security,1161249.09,711775.42,0.6129
2006,MDA,Moldova,Health,394917.68,282785.74,0.7161
2006,MDA,Moldova,Humanitarian,245314.28,176965.48,0.7214
2006,MDA,Moldova,Economic Development,2108217.66,1737809.03,0.8243
2006,MDA,Moldova,Agriculture,2147767.04,2147767.04,1.0
2006,MDA,Moldova,Peace and Security,718194.26,583517.75,0.8125
2006,KOS,Kosovo,Health,107147.76,87980.02,0.8211
2006,KOS,Kosovo,Humanitarian,275945.08,263616.3,0.9553
2006,KOS,Kosovo,Economic Development,2759365.44,2759365.44,1.0
2006,KOS,Kosovo,Agriculture,2910140.24,2327758.78,0.7999
2006,KOS,Kosovo,Peace and Security,615680.52,464947.0,0.7552
2006,LBR,Liberia,Health,1318601.98,1273967.17,0.9661
2006,LBR,Liberia,Humanitarian,216670.79,173519.52,0.8008
2006,LBR,Liberia,Governance,408951.74,306563.83,0.7496
2006,LBR,Liberia,Agriculture,1276839.45,1042729.55,0.8166
2006,LBR,Liberia,Peace and Security,882468.68,812104.1,0.9203
2006,SLE,Sierra Leone,Health,381966.53,333009.72,0.8718
2006,SLE,Sierra Leone,Humanitarian,1302395.39,585608.58,0.4496
2006,SLE,Sierra Leone,Education,221406.29,175433.7,0.7924
2006,SLE,Sierra Leone,Economic Development,1559147.19,1394068.17,0.8941
2006,SLE,Sierra Leone,Agriculture,4085635.91,3049797.84,0.7465
2006,SLE,Sierra Leone,Peace and Security,3270076.73,2817206.76,0.8615
2006,COD,DR Congo,Health,831649.85,643295.61,0.7735
2006,COD,DR Congo,Humanitarian,1809689.12,1585910.4,0.8763
2006,COD,DR Congo,Education,1507270.48,1314691.64,0.8722
2006,COD,DR Congo,Governance,722940.33,563356.39,0.7793
2006,COD,DR Congo,Agriculture,556229.13,392414.47,0.7055
2006,RWA,Rwanda,Health,410180.87,335166.89,0.8171
2006,RWA,Rwanda,Education,554663.88,459159.08,0.8278
2006,RWA,Rwanda,Economic Development,1578249.13,1163088.54,0.7369
2006,RWA,Rwanda,Governance,59478.1,41195.54,0.6926
2006,RWA,Rwanda,Peace and Security,249777.52,216062.76,0.865
2006,ZMB,Zambia,Health,590309.82,327138.87,0.5542
2006,ZMB,Zambia,Humanitarian,255934.84,226439.35,0.8848
2006,ZMB,Zambia,Economic Development,3437475.6,2574517.99,0.749
2006,ZMB,Zambia,Governance,50000.0,50000.0,1.0
2006,ZMB,Zambia,Peace and Security,228642.99,157519.93,0.6889
2006,ZWE,Zimbabwe,Health,490673.64,490673.64,1.0
2006,ZWE,Zimbabwe,Humanitarian,50000.0,46066.6,0.9213
2006,ZWE,Zimbabwe,Education,411416.21,411416.21,1.0
2006,ZWE,Zimbabwe,Governance,537271.9,392080.75,0.7298
2006,ZWE,Zimbabwe,Agriculture,142560.99,125578.8,0.8809
2006,MMR,Burma,Health,1629639.68,1348572.57,0.8275
2006,MMR,Burma,Humanitarian,1034359.08,813963.99,0.7869
2006,MMR,Burma,Education,416072.45,371945.75,0.8939
2006,MMR,Burma,Economic Development,607636.78,528602.13,0.8699
2006,MMR,Burma,Governance,335549.26,253767.41,0.7563
2006,MMR,Burma,Peace and Security,898062.03,898062.03,1.0
2006,KHM,Cambodia,Health,85141.81,71154.84,0.8357
2006,KHM,Cambodia,Humanitarian,391573.22,373516.93,0.9539
2006,KHM,Cambodia,Education,884207.87,698111.73,0.7895
2006,KHM,Cambodia,Economic Development,406270.62,336625.59,0.8286
2006,KHM,Cambodia,Governance,885759.01,695356.11,0.785
2006,NPL,Nepal,Health,226253.84,164149.0,0.7255
2006,NPL,Nepal,Humanitarian,399184.71,315580.91,0.7906
2006,NPL,Nepal,Economic Development,755503.13,471840.26,0.6245
2006,NPL,Nepal,Governance,150446.8,150446.8,1.0
2006,NPL,Nepal,Agriculture,349621.18,290855.52,0.8319
2006,NPL,Nepal,Peace and Security,514582.76,514582.76,1.0
2006,LKA,Sri Lanka,Health,1438528.18,1377049.35,0.9573
2006,LKA,Sri Lanka,Education,1216063.84,1139365.42,0.9369
2006,LKA,Sri Lanka,Economic Development,1411458.96,1230415.95,0.8717
2006,LKA,Sri Lanka,Governance,7617296.27,6780805.46,0.8902
2006,LKA,Sri Lanka,Agriculture,689822.84,642532.85,0.9314
2006,LKA,Sri Lanka,Peace and Security,1077841.09,1043711.04,0.9683
2006,MAR,Morocco,Health,133524.32,102016.7,0.764
2006,MAR,Morocco,Humanitarian,618007.99,615252.14,0.9955
2006,MAR,Morocco,Education,166078.89,130728.58,0.7871
2006,MAR,Morocco,Economic Development,300072.53,243297.41,0.8108
2006,MAR,Morocco,Governance,68068.87,62347.74,0.916
2006,MAR,Morocco,Agriculture,1063211.51,749522.51,0.705
2006,TUN,Tunisia,Education,640490.12,640490.12,1.0
2006,TUN,Tunisia,Economic Development,241862.64,179940.9,0.744
2006,TUN,Tunisia,Agriculture,180975.53,141950.59,0.7844
2006,SEN,Senegal,Humanitarian,405586.92,337586.11,0.8323
2006,SEN,Senegal,Education,179594.55,139052.31,0.7743
2006,SEN,Senegal,Economic Development,330354.97,263504.77,0.7976
2006,SEN,Senegal,Governance,115086.23,115086.23,1.0
2006,SEN,Senegal,Agriculture,260619.24,231807.02,0.8894
2006,SEN,Senegal,Peace and Security,1108432.09,1078148.94,0.9727
2006,MLI,Mali,Humanitarian,154160.27,136155.28,0.8832
2006,MLI,Mali,Governance,950040.26,934697.38,0.9839
2006,MLI,Mali,Peace and Security,746333.8,657569.39,0.8811
2007,AFG,Afghanistan,Health,2560772.34,2126688.37,0.8305
2007,AFG,Afghanistan,Economic Development,780003.76,610873.29,0.7832
2007,AFG,Afghanistan,Governance,50000.0,49287.24,0.9857
2007,AFG,Afghanistan,Peace and Security,183037.55,132169.65,0.7221
2007,EGY,Egypt,Health,193062.02,165330.37,0.8564
2007,EGY,Egypt,Education,1033381.83,1033381.83,1.0
2007,EGY,Egypt,Economic Development,1183658.11,837338.02,0.7074
2007,EGY,Egypt,Agriculture,88118.86,60421.52,0.6857
2007,ETH,Ethiopia,Health,237573.94,167896.32,0.7067
2007,ETH,Ethiopia,Humanitarian,615584.11,546207.24,0.8873
2007,ETH,Ethiopia,Economic Development,554364.85,440089.97,0.7939
2007,ETH,Ethiopia,Governance,1393392.47,1286396.79,0.9232
2007,ETH,Ethiopia,Agriculture,431453.88,431453.88,1.0
2007,ETH,Ethiopia,Peace and Security,345079.98,278475.74,0.807
2007,JOR,Jordan,Humanitarian,865600.61,715727.86,0.8269
2007,JOR,Jordan,Economic Development,89731.63,67842.64,0.7561
2007,JOR,Jordan,Governance,7522517.0,7522517.0,1.0
2007,JOR,Jordan,Agriculture,772825.25,727143.05,0.9409
2007,KEN,Kenya,Health,1567899.72,1115488.78,0.7115
2007,KEN,Kenya,Humanitarian,294575.18,200055.61,0.6791
2007,KEN,Kenya,Economic Development,1825905.85,1198739.57,0.6565
2007,KEN,Kenya,Agriculture,350687.21,268258.12,0.7649
2007,NGA,Nigeria,Humanitarian,151956.88,130920.34,0.8616
2007,NGA,Nigeria,Education,636879.3,610955.86,0.9593
2007,NGA,Nigeria,Economic Development,1327414.94,1167276.61,0.8794
2007,NGA,Nigeria,Governance,638933.81,460354.76,0.7205
2007,NGA,Nigeria,Agriculture,496703.68,482330.74,0.9711
2007,NGA,Nigeria,Peace and Security,876510.27,639562.89,0.7297
2007,PAK,Pakistan,Health,435552.4,429740.26,0.9867
2007,PAK,Pakistan,Humanitarian,507051.04,369233.8,0.7282
2007,PAK,Pakistan,Education,753720.76,613458.35,0.8139
2007,PAK,Pakistan,Economic Development,3758360.52,3009524.78,0.8008
2007,PAK,Pakistan,Governance,2254926.07,1863202.46,0.8263
2007,PAK,Pakistan,Agriculture,468669.99,337721.17,0.7206
2007,PAK,Pakistan,Peace and Security,190361.21,167779.4,0.8814
2007,SOM,Somalia,Education,50000.0,42868.99,0.8574
2007,SOM,Somalia,Economic Development,654499.34,467779.37,0.7147
2007,SOM,Somalia,Governance,2598047.18,1597965.7,0.6151
2007,SOM,Somalia,Agriculture,493762.77,292768.65,0.5929
2007,SOM,Somalia,Peace and Security,562054.93,426572.37,0.759
2007,SSD,South Sudan,Health,21735019.39,16795427.54,0.7727
2007,SSD,South Sudan,Humanitarian,185250.99,143755.95,0.776
2007,SSD,South Sudan,Education,493520.15,342681.67,0.6944
2007,SSD,South Sudan,Economic Development,309792.59,203444.82,0.6567
2007,SSD,South Sudan,Agriculture,1433912.68,1259180.26,0.8781
2007,SSD,South Sudan,Peace and Security,552744.69,467521.36,0.8458
2007,SDN,Sudan,Health,265596.24,232675.13,0.876
2007,SDN,Sudan,Humanitarian,180590.53,152184.85,0.8427
2007,SDN,Sudan,Education,314810.63,279586.43,0.8881
2007,SDN,Sudan,Economic Development,1982288.15,1579848.55,0.797
2007,SDN,Sudan,Agriculture,151875.45,128581.45,0.8466
2007,SDN,Sudan,Peace and Security,642189.71,577146.48,0.8987
2007,UGA,Uganda,Humanitarian,2361830.6,1873949.34,0.7934
2007,UGA,Uganda,Governance,528301.15,361464.95,0.6842
2007,UGA,Uganda,Agriculture,3827862.69,3827862.69,1.0
2007,UGA,Uganda,Peace and Security,178305.95,178305.95,1.0
2007,UKR,Ukraine,Health,508378.51,508378.51,1.0
2007,UKR,Ukraine,Humanitarian,1421888.6,1213940.77,0.8538
2007,UKR,Ukraine,Education,197314.25,171801.6,0.8707
2007,UKR,Ukraine,Governance,2208740.5,1445583.43,0.6545
2007,COL,Colombia,Humanitarian,598373.01,475726.49,0.795
2007,COL,Colombia,Education,291022.5,256760.01,0.8823
2007,COL,Colombia,Governance,3354540.63,3280961.98,0.9781
2007,COL,Colombia,Agriculture,114277.14,98880.62,0.8653
2007,COL,Colombia,Peace and Security,404051.3,309441.06,0.7658
2007,HTI,Haiti,Health,50000.0,27784.97,0.5557
2007,HTI,Haiti,Humanitarian,1734031.61,1389791.96,0.8015
2007,HTI,Haiti,Education,952588.04,862017.5,0.9049
2007,HTI,Haiti,Economic Development,369485.03,322381.76,0.8725
2007,HTI,Haiti,Governance,643901.61,569190.74,0.884
2007,HTI,Haiti,Peace and Security,188467.77,160340.18,0.8508
2007,IRQ,Iraq,Humanitarian,1574069.25,1382914.5,0.8786
2007,IRQ,Iraq,Education,88256.53,78284.06,0.887
2007,IRQ,Iraq,Economic Development,213313.76,153104.24,0.7177
2007,IRQ,Iraq,Governance,1400084.95,1027623.18,0.734
2007,IRQ,Iraq,Peace and Security,318536.5,318536.5,1.0
2007,YEM,Yemen,Health,65885.11,52003.73,0.7893
2007,YEM,Yemen,Humanitarian,629392.58,573005.76,0.9104
2007,YEM,Yemen,Education,364508.77,275085.91,0.7547
2007,YEM,Yemen,Economic Development,714913.24,659442.42,0.9224
2007,YEM,Yemen,Governance,2100544.78,1730081.76,0.8236
2007,YEM,Yemen,Agriculture,792623.52,549399.64,0.6931
2007,YEM,Yemen,Peace and Security,92613.66,56638.11,0.6116
2007,BGD,Bangladesh,Health,1468919.52,1468919.52,1.0
2007,BGD,Bangladesh,Education,150935.44,141649.52,0.9385
2007,BGD,Bangladesh,Governance,1192795.79,1058441.5,0.8874
2007,IND,India,Economic Development,3160867.66,3160867.66,1.0
2007,IDN,Indonesia,Health,236042.4,142449.03,0.6035
2007,IDN,Indonesia,Humanitarian,1834143.26,1604914.93,0.875
2007,IDN,Indonesia,Education,334468.82,258295.12,0.7723
2007,IDN,Indonesia,Governance,2216642.96,1686622.59,0.7609
2007,PHL,Philippines,Health,1022852.94,787809.0,0.7702
2007,PHL,Philippines,Humanitarian,1013867.89,667528.58,0.6584
2007,PHL,Philippines,Education,90813.15,54144.24,0.5962
2007,PHL,Philippines,Governance,610900.69,411973.41,0.6744
2007,PHL,Philippines,Agriculture,100268.64,76634.17,0.7643
2007,PHL,Philippines,Peace and Security,349994.57,322811.77,0.9223
2007,VNM,Vietnam,Humanitarian,1200523.42,737932.03,0.6147
2007,VNM,Vietnam,Economic Development,273500.92,234368.57,0.8569
2007,VNM,Vietnam,Governance,1237594.13,1125404.78,0.9093
2007,GHA,Ghana,Health,291234.99,258615.73,0.888
2007,GHA,Ghana,Education,328298.82,326038.07,0.9931
2007,GHA,Ghana,Economic Development,167946.09,147607.39,0.8789
2007,GHA,Ghana,Governance,1259620.83,848976.43,0.674
2007,TZA,Tanzania,Health,660542.92,533343.41,0.8074
2007,TZA,Tanzania,Economic Development,209721.46,172184.55,0.821
2007,TZA,Tanzania,Governance,1570243.39,1442236.2,0.9185
2007,TZA,Tanzania,Peace and Security,183462.08,173764.76,0.9471
2007,MOZ,Mozambique,Humanitarian,716360.03,329286.44,0.4597
2007,MOZ,Mozambique,Education,4223428.28,2557617.84,0.6056
2007,MOZ,Mozambique,Economic Development,752477.5,669003.37,0.8891
2007,MOZ,Mozambique,Governance,71164.75,58720.31,0.8251
2007,MOZ,Mozambique,Agriculture,119288.96,97248.81,0.8152
2007,MOZ,Mozambique,Peace and Security,2455847.3,2172785.84,0.8847
2007,MWI,Malawi,Education,378985.81,307792.3,0.8121
2007,MWI,Malawi,Economic Development,422253.53,297116.33,0.7036
2007,MWI,Malawi,Governance,375861.35,294235.62,0.7828
2007,MWI,Malawi,Peace and Security,710078.95,479890.4,0.6758
2007,PER,Peru,Humanitarian,315563.67,302270.0,0.9579
2007,PER,Peru,Education,172925.54,148435.01,0.8584
2007,PER,Peru,Governance,506503.86,469890.42,0.9277
2007,PER,Peru,Peace and Security,1022199.76,868445.05,0.8496
2007,GTM,Guatemala,Health,525232.32,451235.82,0.8591
2007,GTM,Guatemala,Humanitarian,78835.5,69122.26,0.8768
2007,GTM,Guatemala,Education,505260.09,463675.92,0.9177
2007,GTM,Guatemala,Economic Development,218784.59,217327.85,0.9933
2007,GTM,Guatemala,Governance,720849.74,582156.39,0.8076
2007,GTM,Guatemala,Peace and Security,1322724.68,849434.36,0.6422
2007,SLV,El Salvador,Health,950046.91,829299.54,0.8729
2007,SLV,El Salvador,Humanitarian,1007638.42,645137.55,0.6402
2007,SLV,El Salvador,Education,631252.35,429479.98,0.6804
2007,SLV,El Salvador,Economic Development,2037251.23,1511534.93,0.7419
2007,SLV,El Salvador,Governance,170286.24,146039.24,0.8576
2007,SLV,El Salvador,Agriculture,50000.0,47008.78,0.9402
2007,SLV,El Salvador,Peace and Security,530696.34,366592.6,0.6908
2007,MEX,Mexico,Health,150805.78,106134.81,0.7038
2007,MEX,Mexico,Humanitarian,131737.81,131737.81,1.0
2007,MEX,Mexico,Education,226843.13,177399.61,0.782
2007,MEX,Mexico,Governance,1384775.39,1085188.86,0.7837
2007,MEX,Mexico,Peace and Security,1390728.29,1256798.38,0.9037
2007,PSE,West Bank and Gaza,Humanitarian,6353464.89,5935230.75,0.9342
2007,PSE,West Bank and Gaza,Economic Development,296608.44,207588.25,0.6999
2007,PSE,West Bank and Gaza,Governance,418387.55,311686.24,0.745
2007,PSE,West Bank and Gaza,Agriculture,377203.03,335404.06,0.8892
2007,LBN,Lebanon,Economic Development,131926.12,80798.92,0.6125
2007,LBN,Lebanon,Governance,212968.56,187114.99,0.8786
2007,LBN,Lebanon,Agriculture,1106473.55,862324.1,0.7793
2007,LBN,Lebanon,Peace and Security,489218.07,381887.68,0.7806
2007,SYR,Syria,Humanitarian,343852.69,317439.79,0.9232
2007,SYR,Syria,Education,1294144.77,1222364.79,0.9445
2007,SYR,Syria,Economic Development,1310483.94,1212709.5,0.9254
2007,SYR,Syria,Governance,580922.57,486266.27,0.8371
2007,SYR,Syria,Agriculture,548931.94,434525.2,0.7916
2007,SYR,Syria,Peace and Security,520036.18,441669.35,0.8493
2007,TUR,Turkey,Humanitarian,758833.58,475996.29,0.6273
2007,TUR,Turkey,Agriculture,824739.51,621463.21,0.7535
2007,GEO,Georgia,Health,565787.6,323447.88,0.5717
2007,GEO,Georgia,Humanitarian,532924.32,478210.7,0.8973
2007,GEO,Georgia,Education,607650.45,444596.08,0.7317
2007,GEO,Georgia,Economic Development,70317.82,58703.9,0.8348
2007,GEO,Georgia,Governance,651498.71,562829.92,0.8639
2007,GEO,Georgia,Agriculture,2802404.96,2040034.46,0.728
2007,GEO,Georgia,Peace and Security,611356.54,430949.3,0.7049
2007,MDA,Moldova,Health,550006.99,462801.53,0.8414
2007,MDA,Moldova,Education,349576.98,306208.72,0.8759
2007,MDA,Moldova,Economic Development,582540.62,431008.93,0.7399
2007,MDA,Moldova,Governance,249159.96,189506.83,0.7606
2007,MDA,Moldova,Agriculture,2109710.93,1302247.72,0.6173
2007,MDA,Moldova,Peace and Security,50000.0,34724.82,0.6945
2007,KOS,Kosovo,Education,645092.51,534995.29,0.8293
2007,KOS,Kosovo,Governance,6436695.72,5153543.15,0.8007
2007,KOS,Kosovo,Agriculture,3723439.03,3327701.32,0.8937
2007,LBR,Liberia,Health,647042.58,580511.36,0.8972
2007,LBR,Liberia,Humanitarian,165596.74,155088.73,0.9365
2007,LBR,Liberia,Governance,1621157.58,1257491.83,0.7757
2007,LBR,Liberia,Agriculture,1147053.9,958248.33,0.8354
2007,SLE,Sierra Leone,Health,1589829.27,1468997.7,0.924
2007,SLE,Sierra Leone,Humanitarian,821527.93,750255.63,0.9132
2007,SLE,Sierra Leone,Economic Development,3980153.34,3980153.34,1.0
2007,SLE,Sierra Leone,Governance,841386.44,841386.44,1.0
2007,SLE,Sierra Leone,Agriculture,196259.21,187719.33,0.9565
2007,SLE,Sierra Leone,Peace and Security,869350.69,728996.11,0.8386
2007,COD,DR Congo,Health,1019904.45,751163.64,0.7365
2007,COD,DR Congo,Humanitarian,1250005.3,916166.24,0.7329
2007,COD,DR Congo,Education,347834.4,259874.0,0.7471
2007,COD,DR Congo,Economic Development,1741761.78,1741761.78,1.0
2007,RWA,Rwanda,Education,782751.78,629706.88,0.8045
2007,RWA,Rwanda,Economic Development,302226.02,238106.1,0.7878
2007,RWA,Rwanda,Governance,984578.8,804768.92,0.8174
2007,RWA,Rwanda,Agriculture,797704.67,723510.67,0.907
2007,ZMB,Zambia,Health,84984.32,47048.76,0.5536
2007,ZMB,Zambia,Humanitarian,3163988.42,1901033.82,0.6008
2007,ZMB,Zambia,Education,2954390.78,2260308.9,0.7651
2007,ZMB,Zambia,Economic Development,4521558.2,4220606.07,0.9334
2007,ZMB,Zambia,Governance,1105869.74,810141.27,0.7326
2007,ZMB,Zambia,Agriculture,325518.97,216148.16,0.664
2007,ZMB,Zambia,Peace and Security,7752587.04,5858336.66,0.7557
2007,ZWE,Zimbabwe,Humanitarian,638550.12,505962.68,0.7924
2007,ZWE,Zimbabwe,Education,135670.43,88415.0,0.6517
2007,ZWE,Zimbabwe,Economic Development,766819.04,766819.04,1.0
2007,ZWE,Zimbabwe,Governance,4467087.55,3930703.5,0.8799
2007,ZWE,Zimbabwe,Agriculture,119833.29,98524.02,0.8222
2007,ZWE,Zimbabwe,Peace and Security,390030.78,390030.78,1.0
2007,MMR,Burma,Health,2020354.03,1568649.89,0.7764
2007,MMR,Burma,Economic Development,2214222.96,2214222.96,1.0
2007,MMR,Burma,Governance,366801.39,295366.83,0.8053
2007,MMR,Burma,Peace and Security,618003.0,535404.21,0.8663
2007,KHM,Cambodia,Health,138847.63,112377.54,0.8094
2007,KHM,Cambodia,Humanitarian,1591412.38,1115215.53,0.7008
2007,KHM,Cambodia,Economic Development,285046.39,198455.95,0.6962
2007,KHM,Cambodia,Governance,4095243.52,3497801.27,0.8541
2007,KHM,Cambodia,Agriculture,6245765.74,5068240.34,0.8115
2007,KHM,Cambodia,Peace and Security,572969.15,553545.42,0.9661
2007,NPL,Nepal,Economic Development,2135850.23,1227185.63,0.5746
2007,NPL,Nepal,Governance,295300.46,228468.1,0.7737
2007,NPL,Nepal,Peace and Security,1300274.73,939343.94,0.7224
2007,LKA,Sri Lanka,Health,314254.48,195940.0,0.6235
2007,LKA,Sri Lanka,Humanitarian,67468.69,47957.76,0.7108
2007,LKA,Sri Lanka,Education,558166.3,463602.85,0.8306
2007,LKA,Sri Lanka,Economic Development,6558547.45,5746655.7,0.8762
2007,LKA,Sri Lanka,Peace and Security,457752.74,344033.38,0.7516
2007,MAR,Morocco,Humanitarian,590547.69,462714.96,0.7835
2007,MAR,Morocco,Education,437576.94,433704.49,0.9912
2007,MAR,Morocco,Economic Development,2043862.18,919489.34,0.4499
2007,MAR,Morocco,Governance,1900082.69,1900082.69,1.0
2007,MAR,Morocco,Agriculture,367272.7,227024.06,0.6181
2007,MAR,Morocco,Peace and Security,282420.03,172042.38,0.6092
2007,TUN,Tunisia,Health,1895429.95,1835664.1,0.9685
2007,TUN,Tunisia,Humanitarian,168679.57,168679.57,1.0
2007,TUN,Tunisia,Education,515241.94,335420.47,0.651
2007,TUN,Tunisia,Economic Development,941726.96,876806.39,0.9311
2007,TUN,Tunisia,Governance,521870.21,441250.43,0.8455
2007,TUN,Tunisia,Agriculture,1772316.89,1655863.84,0.9343
2007,TUN,Tunisia,Peace and Security,557491.62,479862.94,0.8608
2007,SEN,Senegal,Humanitarian,594787.38,454337.14,0.7639
2007,SEN,Senegal,Education,285660.48,238140.45,0.8336
2007,SEN,Senegal,Economic Development,619356.32,566498.79,0.9147
2007,SEN,Senegal,Governance,780212.58,705380.34,0.9041
2007,SEN,Senegal,Agriculture,549243.48,484326.01,0.8818
2007,SEN,Senegal,Peace and Security,2405950.27,1614006.89,0.6708
2007,MLI,Mali,Health,578811.51,554868.98,0.9586
2007,MLI,Mali,Humanitarian,192773.35,184022.53,0.9546
2007,MLI,Mali,Economic Development,627811.12,593977.63,0.9461
2007,MLI,Mali,Governance,746079.03,477467.49,0.64
2007,MLI,Mali,Agriculture,647266.04,647266.04,1.0
2007,MLI,Mali,Peace and Security,516216.57,500640.87,0.9698
2008,AFG,Afghanistan,Education,102642.98,96622.63,0.9413
2008,AFG,Afghanistan,Governance,154647.52,131786.3,0.8522
2008,EGY,Egypt,Health,933343.96,592724.54,0.6351
2008,EGY,Egypt,Humanitarian,345517.93,257030.59,0.7439
2008,EGY,Egypt,Education,305798.15,265024.06,0.8667
2008,EGY,Egypt,Governance,340853.58,307669.51,0.9026
2008,EGY,Egypt,Agriculture,1633182.68,1487158.29,0.9106
2008,EGY,Egypt,Peace and Security,182510.23,144043.87,0.7892
2008,ETH,Ethiopia,Humanitarian,2967304.25,2562221.52,0.8635
2008,ETH,Ethiopia,Education,698201.74,548482.05,0.7856
2008,ETH,Ethiopia,Economic Development,1035776.27,800384.07,0.7727
2008,ETH,Ethiopia,Governance,278979.29,226946.84,0.8135
2008,ETH,Ethiopia,Agriculture,2471259.29,1721466.03,0.6966
2008,JOR,Jordan,Humanitarian,673983.63,653301.76,0.9693
2008,JOR,Jordan,Governance,5732575.92,3719612.41,0.6489
2008,JOR,Jordan,Agriculture,588727.63,479032.77,0.8137
2008,JOR,Jordan,Peace and Security,403744.81,384564.7,0.9525
2008,KEN,Kenya,Health,185381.81,185381.81,1.0
2008,KEN,Kenya,Humanitarian,1252377.61,1064863.27,0.8503
2008,KEN,Kenya,Economic Development,1971671.96,1627521.83,0.8255
2008,KEN,Kenya,Governance,870740.57,870740.57,1.0
2008,KEN,Kenya,Agriculture,2315586.39,2047707.75,0.8843
2008,NGA,Nigeria,Humanitarian,107842.6,71658.57,0.6645
2008,NGA,Nigeria,Education,98294.67,98294.67,1.0
2008,NGA,Nigeria,Governance,641500.92,564096.28,0.8793
2008,PAK,Pakistan,Health,1968629.58,1899740.99,0.965
2008,PAK,Pakistan,Humanitarian,896995.11,722071.64,0.805
2008,PAK,Pakistan,Education,1234845.86,1148364.89,0.93
2008,PAK,Pakistan,Economic Development,1491742.32,1467577.98,0.9838
2008,PAK,Pakistan,Governance,1988643.07,1722324.64,0.8661
2008,PAK,Pakistan,Agriculture,342635.25,267246.33,0.78
2008,SOM,Somalia,Health,356281.43,254284.85,0.7137
2008,SOM,Somalia,Humanitarian,639483.57,605057.36,0.9462
2008,SOM,Somalia,Education,713236.55,612074.71,0.8582
2008,SOM,Somalia,Economic Development,671972.66,671972.66,1.0
2008,SOM,Somalia,Governance,482421.58,418148.8,0.8668
2008,SOM,Somalia,Agriculture,167739.97,146079.59,0.8709
2008,SSD,South Sudan,Health,65743.64,51679.23,0.7861
2008,SSD,South Sudan,Humanitarian,1248262.75,907673.83,0.7271
2008,SSD,South Sudan,Education,694820.39,509030.85,0.7326
2008,SSD,South Sudan,Economic Development,168164.8,147312.37,0.876
2008,SSD,South Sudan,Governance,460869.75,433327.38,0.9402
2008,SSD,South Sudan,Peace and Security,8353398.76,5518093.56,0.6606
2008,SDN,Sudan,Health,2277086.95,1374569.64,0.6037
2008,SDN,Sudan,Education,1798810.29,1399065.73,0.7778
2008,SDN,Sudan,Economic Development,1331664.47,1123079.16,0.8434
2008,SDN,Sudan,Agriculture,2149549.81,1581686.03,0.7358
2008,SDN,Sudan,Peace and Security,399872.04,293263.03,0.7334
2008,UGA,Uganda,Humanitarian,60448.49,51719.26,0.8556
2008,UGA,Uganda,Education,226909.71,209523.17,0.9234
2008,UGA,Uganda,Economic Development,885482.92,693596.46,0.7833
2008,UGA,Uganda,Governance,526321.13,361965.7,0.6877
2008,UKR,Ukraine,Education,709514.03,598638.78,0.8437
2008,UKR,Ukraine,Governance,817487.93,753760.39,0.922
2008,UKR,Ukraine,Agriculture,311626.55,191894.86,0.6158
2008,UKR,Ukraine,Peace and Security,805424.03,426189.44,0.5291
2008,COL,Colombia,Health,974850.08,740838.22,0.76
2008,COL,Colombia,Humanitarian,4363939.42,4336171.11,0.9936
2008,COL,Colombia,Economic Development,2580047.06,1784543.05,0.6917
2008,COL,Colombia,Agriculture,427386.47,297280.7,0.6956
2008,COL,Colombia,Peace and Security,127292.44,105143.97,0.826
2008,HTI,Haiti,Health,736840.8,585761.27,0.795
2008,HTI,Haiti,Humanitarian,205286.73,193523.58,0.9427
2008,HTI,Haiti,Economic Development,595423.62,501139.08,0.8417
2008,HTI,Haiti,Governance,233221.46,176752.83,0.7579
2008,HTI,Haiti,Agriculture,505224.49,346740.12,0.6863
2008,IRQ,Iraq,Health,535200.94,453264.88,0.8469
2008,IRQ,Iraq,Humanitarian,268113.58,221823.8,0.8274
2008,IRQ,Iraq,Education,50000.0,40918.18,0.8184
2008,IRQ,Iraq,Economic Development,190401.73,129464.37,0.68
2008,IRQ,Iraq,Peace and Security,320318.78,216409.96,0.6756
2008,YEM,Yemen,Humanitarian,871261.9,798289.04,0.9162
2008,YEM,Yemen,Education,761109.76,652076.93,0.8567
2008,YEM,Yemen,Economic Development,626488.02,489044.54,0.7806
2008,YEM,Yemen,Governance,5475422.94,3279103.44,0.5989
2008,YEM,Yemen,Agriculture,917011.45,770283.9,0.84
2008,YEM,Yemen,Peace and Security,440761.8,337734.45,0.7663
2008,BGD,Bangladesh,Health,518855.07,400700.96,0.7723
2008,BGD,Bangladesh,Humanitarian,1195687.23,829423.09,0.6937
2008,BGD,Bangladesh,Education,269099.31,234557.77,0.8716
2008,BGD,Bangladesh,Governance,175436.08,127550.72,0.727
2008,BGD,Bangladesh,Agriculture,658524.2,598770.18,0.9093
2008,IND,India,Health,592803.59,370839.9,0.6256
2008,IND,India,Humanitarian,198446.27,146729.21,0.7394
2008,IND,India,Education,69487.33,61343.18,0.8828
2008,IND,India,Governance,7653164.09,6421568.48,0.8391
2008,IND,India,Peace and Security,222025.99,222025.99,1.0
2008,IDN,Indonesia,Health,118177.12,94689.11,0.8012
2008,IDN,Indonesia,Humanitarian,2658140.92,1662782.38,0.6255
2008,IDN,Indonesia,Education,690588.63,610690.34,0.8843
2008,IDN,Indonesia,Governance,6548475.5,4975936.81,0.7599
2008,IDN,Indonesia,Agriculture,1393152.93,1084529.93,0.7785
2008,IDN,Indonesia,Peace and Security,305677.38,225884.1,0.739
2008,PHL,Philippines,Education,800585.51,500420.54,0.6251
2008,PHL,Philippines,Economic Development,3624268.42,3433507.7,0.9474
2008,PHL,Philippines,Governance,262967.6,252805.21,0.9614
2008,PHL,Philippines,Agriculture,976363.83,711461.2,0.7287
2008,PHL,Philippines,Peace and Security,205308.29,169861.42,0.8273
2008,VNM,Vietnam,Humanitarian,909193.11,691431.3,0.7605
2008,VNM,Vietnam,Economic Development,469960.16,452374.77,0.9626
2008,VNM,Vietnam,Agriculture,911892.2,573941.93,0.6294
2008,VNM,Vietnam,Peace and Security,1393644.96,956489.76,0.6863
2008,GHA,Ghana,Health,1010504.42,782243.72,0.7741
2008,GHA,Ghana,Humanitarian,188329.44,159935.33,0.8492
2008,GHA,Ghana,Economic Development,50000.0,44575.26,0.8915
2008,GHA,Ghana,Governance,180183.81,176598.08,0.9801
2008,GHA,Ghana,Agriculture,4347692.98,3208570.48,0.738
2008,GHA,Ghana,Peace and Security,482894.24,316103.53,0.6546
2008,TZA,Tanzania,Humanitarian,944589.51,888207.83,0.9403
2008,TZA,Tanzania,Education,892381.98,804524.83,0.9015
2008,TZA,Tanzania,Economic Development,173760.82,121499.02,0.6992
2008,TZA,Tanzania,Governance,1267321.68,905368.66,0.7144
2008,TZA,Tanzania,Peace and Security,85674.03,71320.11,0.8325
2008,MOZ,Mozambique,Health,67971.26,56293.71,0.8282
2008,MOZ,Mozambique,Humanitarian,2634273.44,2634273.44,1.0
2008,MOZ,Mozambique,Education,1639549.3,1538131.57,0.9381
2008,MOZ,Mozambique,Economic Development,187901.45,187901.45,1.0
2008,MOZ,Mozambique,Governance,492056.08,383078.5,0.7785
2008,MOZ,Mozambique,Peace and Security,1193553.62,1149715.42,0.9633
2008,MWI,Malawi,Humanitarian,536863.64,341249.6,0.6356
2008,MWI,Malawi,Education,2071898.39,2071898.39,1.0
2008,MWI,Malawi,Governance,1237058.13,674197.8,0.545
2008,MWI,Malawi,Agriculture,2896095.38,2613007.69,0.9023
2008,MWI,Malawi,Peace and Security,75511.83,69123.05,0.9154
2008,PER,Peru,Humanitarian,812154.22,604819.01,0.7447
2008,PER,Peru,Education,1277969.45,940446.81,0.7359
2008,PER,Peru,Governance,674395.96,483654.82,0.7172
2008,PER,Peru,Peace and Security,1744945.79,1338624.88,0.7671
2008,GTM,Guatemala,Health,53210.83,36295.37,0.6821
2008,GTM,Guatemala,Humanitarian,16715635.21,11096680.2,0.6639
2008,GTM,Guatemala,Education,746052.35,649295.95,0.8703
2008,GTM,Guatemala,Economic Development,554700.39,344687.68,0.6214
2008,GTM,Guatemala,Agriculture,3289454.69,2609729.94,0.7934
2008,GTM,Guatemala,Peace and Security,851150.64,804818.66,0.9456
2008,SLV,El Salvador,Health,214880.85,183936.5,0.856
2008,SLV,El Salvador,Humanitarian,224492.11,146805.82,0.6539
2008,SLV,El Salvador,Economic Development,1534192.3,1264334.32,0.8241
2008,SLV,El Salvador,Governance,308128.82,212844.67,0.6908
2008,SLV,El Salvador,Peace and Security,292496.06,276907.75,0.9467
2008,MEX,Mexico,Humanitarian,259513.54,257294.31,0.9914
2008,MEX,Mexico,Education,332528.58,302995.68,0.9112
2008,MEX,Mexico,Economic Development,296032.74,295221.34,0.9973
2008,MEX,Mexico,Agriculture,1918776.55,1739790.83,0.9067
2008,PSE,West Bank and Gaza,Health,1151748.38,947910.4,0.823
2008,PSE,West Bank and Gaza,Humanitarian,507627.74,371683.87,0.7322
2008,PSE,West Bank and Gaza,Economic Development,2247647.35,1753818.06,0.7803
2008,PSE,West Bank and Gaza,Governance,2497539.78,1786189.66,0.7152
2008,PSE,West Bank and Gaza,Agriculture,142993.7,136619.25,0.9554
2008,LBN,Lebanon,Health,77575.56,61555.66,0.7935
2008,LBN,Lebanon,Humanitarian,367430.85,280880.71,0.7644
2008,LBN,Lebanon,Education,126056.88,103536.57,0.8213
2008,LBN,Lebanon,Economic Development,211819.12,151741.45,0.7164
2008,LBN,Lebanon,Governance,460933.76,362833.83,0.7872
2008,LBN,Lebanon,Agriculture,666180.69,469699.21,0.7051
2008,LBN,Lebanon,Peace and Security,863286.88,819299.17,0.949
2008,SYR,Syria,Health,196839.73,186185.77,0.9459
2008,SYR,Syria,Education,904831.16,827455.89,0.9145
2008,SYR,Syria,Economic Development,155675.14,138140.04,0.8874
2008,SYR,Syria,Governance,410221.39,390705.1,0.9524
2008,SYR,Syria,Agriculture,163352.67,127788.63,0.7823
2008,TUR,Turkey,Health,1393115.05,1124496.97,0.8072
2008,TUR,Turkey,Education,4082310.3,3349612.13,0.8205
2008,TUR,Turkey,Governance,294374.12,221921.0,0.7539
2008,TUR,Turkey,Agriculture,1785723.02,1515420.46,0.8486
2008,TUR,Turkey,Peace and Security,630359.33,504480.21,0.8003
2008,GEO,Georgia,Health,214697.47,186299.26,0.8677
2008,GEO,Georgia,Humanitarian,3344873.65,2429191.19,0.7262
2008,GEO,Georgia,Education,163637.83,160396.91,0.9802
2008,GEO,Georgia,Economic Development,1258112.59,1242172.37,0.9873
2008,GEO,Georgia,Agriculture,50000.0,38539.1,0.7708
2008,GEO,Georgia,Peace and Security,636572.91,520578.54,0.8178
2008,MDA,Moldova,Health,1533612.25,1317291.39,0.8589
2008,MDA,Moldova,Humanitarian,292513.56,187905.15,0.6424
2008,MDA,Moldova,Education,5833937.72,4273552.78,0.7325
2008,MDA,Moldova,Economic Development,281101.68,256427.87,0.9122
2008,MDA,Moldova,Governance,402460.83,243652.9,0.6054
2008,MDA,Moldova,Agriculture,2053215.13,1617980.27,0.788
2008,MDA,Moldova,Peace and Security,304041.64,181093.61,0.5956
2008,KOS,Kosovo,Health,755477.69,565401.31,0.7484
2008,KOS,Kosovo,Humanitarian,730203.36,545287.44,0.7468
2008,KOS,Kosovo,Education,416888.5,224065.14,0.5375
2008,KOS,Kosovo,Economic Development,266664.0,191427.07,0.7179
2008,KOS,Kosovo,Governance,301780.07,265924.96,0.8812
2008,KOS,Kosovo,Agriculture,619029.45,392222.6,0.6336
2008,KOS,Kosovo,Peace and Security,1485667.06,1168633.56,0.7866
2008,LBR,Liberia,Health,475367.39,416913.68,0.877
2008,LBR,Liberia,Humanitarian,111398.76,99587.54,0.894
2008,LBR,Liberia,Education,385804.56,303840.88,0.7876
2008,LBR,Liberia,Governance,403240.09,265488.27,0.6584
2008,LBR,Liberia,Peace and Security,3567547.19,3259499.27,0.9137
2008,SLE,Sierra Leone,Health,1572270.32,1248163.86,0.7939
2008,SLE,Sierra Leone,Humanitarian,189509.37,141764.33,0.7481
2008,SLE,Sierra Leone,Education,3967138.19,3232557.2,0.8148
2008,SLE,Sierra Leone,Governance,141173.94,93990.07,0.6658
2008,SLE,Sierra Leone,Agriculture,179440.36,143806.27,0.8014
2008,SLE,Sierra Leone,Peace and Security,490993.76,457801.13,0.9324
2008,COD,DR Congo,Health,712446.05,583041.48,0.8184
2008,COD,DR Congo,Humanitarian,612854.64,543086.52,0.8862
2008,COD,DR Congo,Education,940039.91,623053.56,0.6628
2008,COD,DR Congo,Governance,654261.5,425591.62,0.6505
2008,COD,DR Congo,Peace and Security,50000.0,39618.55,0.7924
2008,RWA,Rwanda,Health,822820.76,794477.28,0.9656
2008,RWA,Rwanda,Humanitarian,612900.59,357848.38,0.5839
2008,RWA,Rwanda,Education,652549.46,586502.44,0.8988
2008,RWA,Rwanda,Agriculture,60617.21,35603.96,0.5874
2008,RWA,Rwanda,Peace and Security,709328.81,540215.8,0.7616
2008,ZMB,Zambia,Humanitarian,117444.37,105244.98,0.8961
2008,ZMB,Zambia,Education,719578.42,643778.09,0.8947
2008,ZMB,Zambia,Agriculture,836763.83,817065.3,0.9765
2008,ZWE,Zimbabwe,Health,723917.12,507727.25,0.7014
2008,ZWE,Zimbabwe,Humanitarian,291542.8,219522.37,0.753
2008,ZWE,Zimbabwe,Education,1785619.7,1394351.46,0.7809
2008,ZWE,Zimbabwe,Economic Development,100249.9,83337.78,0.8313
2008,ZWE,Zimbabwe,Agriculture,915579.35,692243.16,0.7561
2008,ZWE,Zimbabwe,Peace and Security,479313.33,316179.43,0.6597
2008,MMR,Burma,Health,1559760.23,1106871.56,0.7096
2008,MMR,Burma,Humanitarian,104798.16,91147.96,0.8697
2008,MMR,Burma,Education,650638.82,452212.61,0.695
2008,MMR,Burma,Economic Development,446410.28,341494.73,0.765
2008,MMR,Burma,Agriculture,271977.56,251237.86,0.9237
2008,KHM,Cambodia,Health,6481781.78,3633934.63,0.5606
2008,KHM,Cambodia,Humanitarian,67814.06,52987.02,0.7814
2008,KHM,Cambodia,Education,40941434.55,35200950.06,0.8598
2008,KHM,Cambodia,Economic Development,2340247.42,1793229.66,0.7663
2008,KHM,Cambodia,Governance,3569908.74,2995879.47,0.8392
2008,KHM,Cambodia,Peace and Security,96065.91,69362.99,0.722
2008,NPL,Nepal,Humanitarian,187139.94,145991.77,0.7801
2008,NPL,Nepal,Education,448387.95,403980.09,0.901
2008,NPL,Nepal,Economic Development,643398.79,418347.88,0.6502
2008,NPL,Nepal,Governance,767928.71,482851.19,0.6288
2008,NPL,Nepal,Agriculture,250347.92,180675.07,0.7217
2008,NPL,Nepal,Peace and Security,245628.56,175894.5,0.7161
2008,LKA,Sri Lanka,Health,566771.26,566771.26,1.0
2008,LKA,Sri Lanka,Humanitarian,518372.37,409092.21,0.7892
2008,LKA,Sri Lanka,Education,346882.69,181612.81,0.5236
2008,LKA,Sri Lanka,Governance,493223.57,322860.46,0.6546
2008,MAR,Morocco,Humanitarian,266112.28,233413.21,0.8771
2008,MAR,Morocco,Peace and Security,451662.21,380733.84,0.843
2008,TUN,Tunisia,Health,211010.8,211010.8,1.0
2008,TUN,Tunisia,Economic Development,2114887.6,1176601.39,0.5563
2008,TUN,Tunisia,Governance,410270.1,274803.61,0.6698
2008,TUN,Tunisia,Agriculture,6896529.35,6047452.55,0.8769
2008,TUN,Tunisia,Peace and Security,308038.23,300567.07,0.9757
2008,SEN,Senegal,Humanitarian,373147.97,373147.97,1.0
2008,SEN,Senegal,Education,2342553.04,1723246.81,0.7356
2008,SEN,Senegal,Economic Development,1644331.02,1464464.32,0.8906
2008,SEN,Senegal,Peace and Security,258738.57,218005.03,0.8426
2008,MLI,Mali,Health,299249.14,223404.5,0.7466
2008,MLI,Mali,Education,114156.8,92594.59,0.8111
2008,MLI,Mali,Economic Development,567285.53,457258.14,0.806
2008,MLI,Mali,Agriculture,4751990.85,4628320.41,0.974
2008,MLI,Mali,Peace and Security,2227247.76,1875537.35,0.8421
2009,AFG,Afghanistan,Health,263521.82,214820.83,0.8152
2009,AFG,Afghanistan,Education,324064.24,238566.9,0.7362
2009,AFG,Afghanistan,Economic Development,1015240.19,1015240.19,1.0
2009,AFG,Afghanistan,Agriculture,155414.7,126769.45,0.8157
2009,AFG,Afghanistan,Peace and Security,220046.05,189965.27,0.8633
2009,EGY,Egypt,Humanitarian,691113.73,447259.31,0.6472
2009,EGY,Egypt,Education,2029679.21,1732654.16,0.8537
2009,EGY,Egypt,Economic Development,293281.46,226013.21,0.7706
2009,EGY,Egypt,Governance,294732.67,201558.73,0.6839
2009,EGY,Egypt,Peace and Security,160490.23,151118.23,0.9416
2009,ETH,Ethiopia,Health,194299.35,158697.23,0.8168
2009,ETH,Ethiopia,Humanitarian,1069412.76,957253.64,0.8951
2009,ETH,Ethiopia,Education,111880.49,104971.97,0.9383
2009,ETH,Ethiopia,Governance,759992.36,758407.93,0.9979
2009,ETH,Ethiopia,Agriculture,1796579.0,1291107.36,0.7186
2009,ETH,Ethiopia,Peace and Security,2391165.82,1558237.0,0.6517
2009,JOR,Jordan,Education,545443.79,376921.63,0.691
2009,JOR,Jordan,Economic Development,1097985.52,1006019.78,0.9162
2009,JOR,Jordan,Governance,99252.34,99252.34,1.0
2009,JOR,Jordan,Peace and Security,161086.32,120301.08,0.7468
2009,KEN,Kenya,Health,174449.35,174449.35,1.0
2009,KEN,Kenya,Humanitarian,811892.33,563394.31,0.6939
2009,KEN,Kenya,Education,212232.39,180110.82,0.8486
2009,KEN,Kenya,Economic Development,374311.53,319377.81,0.8532
2009,KEN,Kenya,Governance,2796480.87,2216528.39,0.7926
2009,KEN,Kenya,Agriculture,512761.96,507147.76,0.9891
2009,KEN,Kenya,Peace and Security,549214.59,424894.31,0.7736
2009,NGA,Nigeria,Health,695289.22,500689.82,0.7201
2009,NGA,Nigeria,Humanitarian,1509430.22,1426932.46,0.9453
2009,NGA,Nigeria,Governance,344475.93,318885.26,0.9257
2009,NGA,Nigeria,Agriculture,487125.41,290745.87,0.5969
2009,NGA,Nigeria,Peace and Security,234069.17,157725.34,0.6738
2009,PAK,Pakistan,Health,226492.37,175011.28,0.7727
2009,PAK,Pakistan,Education,2596267.64,1967465.72,0.7578
2009,PAK,Pakistan,Economic Development,118936.9,90424.45,0.7603
2009,PAK,Pakistan,Peace and Security,611991.64,611894.75,0.9998
2009,SOM,Somalia,Health,444846.59,342580.64,0.7701
2009,SOM,Somalia,Humanitarian,3220944.74,2840176.66,0.8818
2009,SOM,Somalia,Economic Development,438296.12,368598.81,0.841
2009,SOM,Somalia,Governance,198112.5,143502.98,0.7244
2009,SOM,Somalia,Agriculture,741460.07,421164.71,0.568
2009,SOM,Somalia,Peace and Security,2188433.0,1620036.06,0.7403
2009,SSD,South Sudan,Health,101010.82,92352.52,0.9143
2009,SSD,South Sudan,Humanitarian,127049.77,98968.57,0.779
2009,SSD,South Sudan,Education,261829.32,174832.55,0.6677
2009,SSD,South Sudan,Economic Development,675451.56,675451.56,1.0
2009,SSD,South Sudan,Governance,86437.26,67353.9,0.7792
2009,SSD,South Sudan,Peace and Security,1773153.56,1135834.02,0.6406
2009,SDN,Sudan,Humanitarian,1344955.29,1173298.08,0.8724
2009,SDN,Sudan,Education,165059.6,151889.12,0.9202
2009,SDN,Sudan,Governance,427197.72,427197.72,1.0
2009,SDN,Sudan,Agriculture,282881.65,208418.55,0.7368
2009,SDN,Sudan,Peace and Security,194507.04,146367.91,0.7525
2009,UGA,Uganda,Humanitarian,1098854.48,886332.9,0.8066
2009,UGA,Uganda,Education,2748713.41,2346016.26,0.8535
2009,UGA,Uganda,Governance,560488.6,495403.35,0.8839
2009,UGA,Uganda,Agriculture,1897917.52,1897917.52,1.0
2009,UGA,Uganda,Peace and Security,300198.22,188887.86,0.6292
2009,UKR,Ukraine,Health,621255.34,567724.89,0.9138
2009,UKR,Ukraine,Humanitarian,371196.01,369447.72,0.9953
2009,UKR,Ukraine,Education,1735764.03,1601916.8,0.9229
2009,UKR,Ukraine,Economic Development,714964.42,536936.01,0.751
2009,UKR,Ukraine,Governance,64986.91,41091.62,0.6323
2009,UKR,Ukraine,Agriculture,337380.93,286304.43,0.8486
2009,UKR,Ukraine,Peace and Security,364152.69,285704.41,0.7846
2009,COL,Colombia,Health,80313.06,69733.09,0.8683
2009,COL,Colombia,Humanitarian,182670.21,146974.08,0.8046
2009,COL,Colombia,Economic Development,192224.77,170889.6,0.889
2009,COL,Colombia,Governance,562984.19,556792.52,0.989
2009,COL,Colombia,Peace and Security,516520.75,307770.29,0.5959
2009,HTI,Haiti,Health,1705059.29,1634498.78,0.9586
2009,HTI,Haiti,Education,224893.0,171430.21,0.7623
2009,HTI,Haiti,Agriculture,551968.07,507618.72,0.9197
2009,IRQ,Iraq,Health,5951678.36,4055521.62,0.6814
2009,IRQ,Iraq,Humanitarian,119348.33,81088.25,0.6794
2009,IRQ,Iraq,Education,170559.05,118234.29,0.6932
2009,IRQ,Iraq,Economic Development,1289736.97,999105.36,0.7747
2009,IRQ,Iraq,Governance,1473441.48,1284957.78,0.8721
2009,IRQ,Iraq,Agriculture,1523830.17,1062474.49,0.6972
2009,IRQ,Iraq,Peace and Security,255387.13,239421.89,0.9375
2009,YEM,Yemen,Health,160605.65,156461.28,0.9742
2009,YEM,Yemen,Humanitarian,1959800.95,1647545.95,0.8407
2009,YEM,Yemen,Education,147587.48,115203.82,0.7806
2009,YEM,Yemen,Agriculture,107214.57,87445.52,0.8156
2009,BGD,Bangladesh,Health,62908.96,53660.41,0.853
2009,BGD,Bangladesh,Humanitarian,50000.0,37198.75,0.744
2009,BGD,Bangladesh,Education,93501.75,86322.71,0.9232
2009,BGD,Bangladesh,Economic Development,2767436.41,2729670.0,0.9864
2009,BGD,Bangladesh,Governance,2336386.02,2004182.85,0.8578
2009,BGD,Bangladesh,Agriculture,1087867.56,1012575.05,0.9308
2009,BGD,Bangladesh,Peace and Security,395491.01,249562.85,0.631
2009,IND,India,Health,777640.8,515154.88,0.6625
2009,IND,India,Education,461196.47,419264.15,0.9091
2009,IND,India,Governance,370904.76,324067.2,0.8737
2009,IND,India,Agriculture,2583426.47,1522528.42,0.5893
2009,IND,India,Peace and Security,1175501.01,1130011.59,0.9613
2009,IDN,Indonesia,Health,180664.67,139514.97,0.7722
2009,IDN,Indonesia,Humanitarian,1320754.34,871090.04,0.6595
2009,IDN,Indonesia,Education,1511005.36,1320764.38,0.8741
2009,IDN,Indonesia,Economic Development,241768.61,218826.49,0.9051
2009,IDN,Indonesia,Governance,397390.13,319489.81,0.804
2009,IDN,Indonesia,Agriculture,719159.47,610467.57,0.8489
2009,IDN,Indonesia,Peace and Security,524812.14,420057.12,0.8004
2009,PHL,Philippines,Humanitarian,1687226.01,1037630.78,0.615
2009,PHL,Philippines,Education,429731.51,408250.23,0.95
2009,PHL,Philippines,Economic Development,1376456.05,1367308.1,0.9934
2009,PHL,Philippines,Governance,570724.11,454329.01,0.7961
2009,VNM,Vietnam,Humanitarian,213190.48,169079.36,0.7931
2009,VNM,Vietnam,Education,2550119.02,2216396.65,0.8691
2009,VNM,Vietnam,Agriculture,717231.45,443470.99,0.6183
2009,GHA,Ghana,Health,355717.74,300976.81,0.8461
2009,GHA,Ghana,Humanitarian,4311451.57,3840936.82,0.8909
2009,GHA,Ghana,Economic Development,113426.27,93703.77,0.8261
2009,GHA,Ghana,Governance,202655.94,196898.6,0.9716
2009,GHA,Ghana,Peace and Security,273876.09,213256.61,0.7787
2009,TZA,Tanzania,Education,1000607.85,626807.39,0.6264
2009,TZA,Tanzania,Economic Development,1871264.31,1526143.03,0.8156
2009,TZA,Tanzania,Governance,230585.34,162931.75,0.7066
2009,TZA,Tanzania,Peace and Security,2118112.78,1968898.13,0.9296
2009,MOZ,Mozambique,Health,224147.32,201116.84,0.8973
2009,MOZ,Mozambique,Education,354725.06,242222.55,0.6828
2009,MOZ,Mozambique,Governance,2235316.37,1381757.19,0.6181
2009,MOZ,Mozambique,Agriculture,244336.64,201227.79,0.8236
2009,MWI,Malawi,Health,358066.19,280236.62,0.7826
2009,MWI,Malawi,Humanitarian,235826.24,164363.76,0.697
2009,MWI,Malawi,Education,636059.16,508748.07,0.7998
2009,MWI,Malawi,Economic Development,224645.45,199286.64,0.8871
2009,MWI,Malawi,Governance,183085.82,165184.55,0.9022
2009,MWI,Malawi,Agriculture,1048453.19,741634.16,0.7074
2009,PER,Peru,Health,950560.72,703832.08,0.7404
2009,PER,Peru,Economic Development,141855.1,115803.12,0.8163
2009,PER,Peru,Governance,67184.41,53905.83,0.8024
2009,PER,Peru,Peace and Security,158630.0,147960.35,0.9327
2009,GTM,Guatemala,Health,1024945.32,1024171.2,0.9992
2009,GTM,Guatemala,Humanitarian,656957.63,556398.53,0.8469
2009,GTM,Guatemala,Education,205625.75,158924.0,0.7729
2009,GTM,Guatemala,Economic Development,567573.91,495398.1,0.8728
2009,GTM,Guatemala,Agriculture,285728.5,230929.69,0.8082
2009,GTM,Guatemala,Peace and Security,432748.47,353602.67,0.8171
2009,SLV,El Salvador,Health,50000.0,44078.23,0.8816
2009,SLV,El Salvador,Humanitarian,98023.61,71587.77,0.7303
2009,SLV,El Salvador,Education,1421747.78,1258225.37,0.885
2009,SLV,El Salvador,Economic Development,455620.87,390595.69,0.8573
2009,SLV,El Salvador,Governance,297269.1,282381.51,0.9499
2009,SLV,El Salvador,Agriculture,1457719.14,1111512.5,0.7625
2009,MEX,Mexico,Health,752943.67,377152.63,0.5009
2009,MEX,Mexico,Humanitarian,1107263.43,836252.5,0.7552
2009,MEX,Mexico,Education,77613.72,76842.25,0.9901
2009,MEX,Mexico,Economic Development,468307.8,401317.74,0.857
2009,MEX,Mexico,Governance,2372335.83,1976762.32,0.8333
2009,MEX,Mexico,Agriculture,361397.04,346513.73,0.9588
2009,MEX,Mexico,Peace and Security,300121.75,264013.56,0.8797
2009,PSE,West Bank and Gaza,Health,956634.83,594800.56,0.6218
2009,PSE,West Bank and Gaza,Humanitarian,1019594.43,797199.95,0.7819
2009,PSE,West Bank and Gaza,Economic Development,339347.71,283825.12,0.8364
2009,PSE,West Bank and Gaza,Governance,238606.17,190709.68,0.7993
2009,LBN,Lebanon,Health,428889.7,403096.11,0.9399
2009,LBN,Lebanon,Humanitarian,798949.44,659551.29,0.8255
2009,LBN,Lebanon,Education,1080257.12,720457.82,0.6669
2009,LBN,Lebanon,Peace and Security,527570.33,527570.33,1.0
2009,SYR,Syria,Health,961342.25,782655.23,0.8141
2009,SYR,Syria,Humanitarian,184561.28,129286.47,0.7005
2009,SYR,Syria,Education,83349.45,59113.18,0.7092
2009,SYR,Syria,Economic Development,241709.32,170171.05,0.704
2009,SYR,Syria,Governance,569205.98,435747.7,0.7655
2009,SYR,Syria,Peace and Security,3856667.03,2919750.47,0.7571
2009,TUR,Turkey,Education,575249.74,356781.8,0.6202
2009,TUR,Turkey,Economic Development,466045.82,374335.23,0.8032
2009,TUR,Turkey,Governance,820884.57,657185.22,0.8006
2009,TUR,Turkey,Agriculture,302965.02,201085.04,0.6637
2009,TUR,Turkey,Peace and Security,173471.23,148632.73,0.8568
2009,GEO,Georgia,Health,417827.99,326639.8,0.7818
2009,GEO,Georgia,Humanitarian,766393.92,616377.26,0.8043
2009,GEO,Georgia,Economic Development,451741.58,334542.28,0.7406
2009,GEO,Georgia,Agriculture,50000.0,40051.38,0.801
2009,GEO,Georgia,Peace and Security,677577.07,594957.98,0.8781
2009,MDA,Moldova,Health,285926.02,186680.26,0.6529
2009,MDA,Moldova,Humanitarian,1565949.91,1368949.62,0.8742
2009,MDA,Moldova,Education,749880.42,603673.6,0.805
2009,MDA,Moldova,Economic Development,489434.18,414147.76,0.8462
2009,MDA,Moldova,Governance,239728.49,209595.01,0.8743
2009,MDA,Moldova,Agriculture,50000.0,41140.4,0.8228
2009,MDA,Moldova,Peace and Security,4038196.89,3601030.11,0.8917
2009,KOS,Kosovo,Health,231594.29,157019.03,0.678
2009,KOS,Kosovo,Humanitarian,495034.0,356184.96,0.7195
2009,KOS,Kosovo,Economic Development,941712.59,648605.77,0.6888
2009,KOS,Kosovo,Governance,487179.03,357009.03,0.7328
2009,KOS,Kosovo,Agriculture,2980929.67,2975246.6,0.9981
2009,KOS,Kosovo,Peace and Security,1655403.61,1652875.99,0.9985
2009,LBR,Liberia,Education,469170.25,352819.27,0.752
2009,LBR,Liberia,Economic Development,492472.33,363549.5,0.7382
2009,LBR,Liberia,Peace and Security,1859941.45,1241831.93,0.6677
2009,SLE,Sierra Leone,Health,315605.32,305339.63,0.9675
2009,SLE,Sierra Leone,Humanitarian,468594.22,415893.69,0.8875
2009,SLE,Sierra Leone,Education,708814.79,605896.72,0.8548
2009,SLE,Sierra Leone,Governance,165408.86,144705.94,0.8748
2009,SLE,Sierra Leone,Agriculture,983066.54,850600.73,0.8653
2009,SLE,Sierra Leone,Peace and Security,270158.39,270158.39,1.0
2009,COD,DR Congo,Health,589814.93,428016.65,0.7257
2009,COD,DR Congo,Humanitarian,299295.24,277065.94,0.9257
2009,COD,DR Congo,Education,705934.22,543724.32,0.7702
2009,COD,DR Congo,Economic Development,366789.81,262032.42,0.7144
2009,COD,DR Congo,Governance,137256.56,96631.81,0.704
2009,COD,DR Congo,Agriculture,65653.75,59084.89,0.8999
2009,RWA,Rwanda,Health,664045.67,588168.32,0.8857
2009,RWA,Rwanda,Humanitarian,420999.7,381068.35,0.9052
2009,RWA,Rwanda,Education,483923.32,351737.29,0.7268
2009,RWA,Rwanda,Economic Development,268111.45,239121.55,0.8919
2009,RWA,Rwanda,Governance,716345.44,697023.0,0.973
2009,RWA,Rwanda,Agriculture,341409.63,263427.8,0.7716
2009,RWA,Rwanda,Peace and Security,140324.53,140324.53,1.0
2009,ZMB,Zambia,Health,710397.26,615404.13,0.8663
2009,ZMB,Zambia,Humanitarian,6566489.94,6229984.3,0.9488
2009,ZMB,Zambia,Economic Development,895578.35,693429.8,0.7743
2009,ZMB,Zambia,Governance,650326.71,495644.12,0.7621
2009,ZMB,Zambia,Peace and Security,1614475.42,1358696.82,0.8416
2009,ZWE,Zimbabwe,Health,1709612.25,1605729.05,0.9392
2009,ZWE,Zimbabwe,Humanitarian,314760.82,280794.33,0.8921
2009,ZWE,Zimbabwe,Economic Development,164574.33,117507.29,0.714
2009,ZWE,Zimbabwe,Governance,109780.01,89848.71,0.8184
2009,ZWE,Zimbabwe,Peace and Security,1448894.55,1094088.61,0.7551
2009,MMR,Burma,Health,671534.22,515184.5,0.7672
2009,MMR,Burma,Humanitarian,84429.03,62499.85,0.7403
2009,MMR,Burma,Education,3152074.09,2942838.12,0.9336
2009,MMR,Burma,Economic Development,1270557.96,1072401.27,0.844
2009,MMR,Burma,Governance,881939.58,800982.35,0.9082
2009,MMR,Burma,Agriculture,398622.03,333992.5,0.8379
2009,MMR,Burma,Peace and Security,654838.78,530554.25,0.8102
2009,KHM,Cambodia,Humanitarian,746692.86,685387.95,0.9179
2009,KHM,Cambodia,Education,213934.61,193329.2,0.9037
2009,KHM,Cambodia,Economic Development,1018128.52,967555.77,0.9503
2009,KHM,Cambodia,Agriculture,282899.41,204086.47,0.7214
2009,KHM,Cambodia,Peace and Security,1479352.47,919084.79,0.6213
2009,NPL,Nepal,Health,296220.21,280989.57,0.9486
2009,NPL,Nepal,Education,628399.56,542202.47,0.8628
2009,NPL,Nepal,Agriculture,934474.65,647772.12,0.6932
2009,NPL,Nepal,Peace and Security,474216.26,362932.47,0.7653
2009,LKA,Sri Lanka,Health,134838.45,105023.53,0.7789
2009,LKA,Sri Lanka,Humanitarian,969506.97,744008.35,0.7674
2009,LKA,Sri Lanka,Education,816228.26,523067.54,0.6408
2009,LKA,Sri Lanka,Economic Development,241706.01,191279.09,0.7914
2009,LKA,Sri Lanka,Peace and Security,3598559.78,3021965.01,0.8398
2009,MAR,Morocco,Humanitarian,1089940.04,1089492.25,0.9996
2009,MAR,Morocco,Economic Development,725448.65,615651.06,0.8486
2009,MAR,Morocco,Agriculture,50000.0,37991.91,0.7598
2009,MAR,Morocco,Peace and Security,678870.15,388649.58,0.5725
2009,TUN,Tunisia,Health,74321.21,74321.21,1.0
2009,TUN,Tunisia,Humanitarian,148398.87,134955.78,0.9094
2009,TUN,Tunisia,Economic Development,553073.76,380390.07,0.6878
2009,TUN,Tunisia,Agriculture,2279781.48,1884879.65,0.8268
2009,SEN,Senegal,Health,3065288.91,3012074.47,0.9826
2009,SEN,Senegal,Humanitarian,3166487.8,2655826.43,0.8387
2009,SEN,Senegal,Economic Development,404992.08,397041.41,0.9804
2009,SEN,Senegal,Governance,74702.33,74702.33,1.0
2009,SEN,Senegal,Agriculture,167827.82,130915.79,0.7801
2009,MLI,Mali,Economic Development,228788.91,209323.18,0.9149
2009,MLI,Mali,Governance,6058951.63,4420277.49,0.7295
2009,MLI,Mali,Agriculture,569498.08,418482.54,0.7348
2009,MLI,Mali,Peace and Security,617039.96,444164.94,0.7198
2010,AFG,Afghanistan,Humanitarian,144983.03,141289.99,0.9745
2010,AFG,Afghanistan,Education,400657.34,389477.54,0.9721
2010,AFG,Afghanistan,Economic Development,1028414.49,862975.38,0.8391
2010,AFG,Afghanistan,Governance,2696456.66,1930613.39,0.716
2010,AFG,Afghanistan,Peace and Security,347327.48,226413.06,0.6519
2010,EGY,Egypt,Health,591336.17,491458.6,0.8311
2010,EGY,Egypt,Economic Development,725893.73,559928.92,0.7714
2010,EGY,Egypt,Governance,1234618.36,1011187.37,0.819
2010,EGY,Egypt,Agriculture,240400.82,202589.22,0.8427
2010,EGY,Egypt,Peace and Security,475634.73,352390.83,0.7409
2010,ETH,Ethiopia,Health,1207272.01,1059225.69,0.8774
2010,ETH,Ethiopia,Humanitarian,2570705.28,2316238.23,0.901
2010,ETH,Ethiopia,Education,113166.06,92416.49,0.8166
2010,ETH,Ethiopia,Economic Development,268371.69,211263.84,0.7872
2010,ETH,Ethiopia,Agriculture,157205.0,116973.14,0.7441
2010,ETH,Ethiopia,Peace and Security,92642.71,85615.38,0.9241
2010,JOR,Jordan,Health,385071.93,268801.11,0.6981
2010,JOR,Jordan,Economic Development,573114.24,422168.8,0.7366
2010,JOR,Jordan,Agriculture,2763809.99,1867393.5,0.6757
2010,JOR,Jordan,Peace and Security,79979.16,71711.27,0.8966
2010,KEN,Kenya,Health,6295676.99,5074995.83,0.8061
2010,KEN,Kenya,Humanitarian,249893.08,229107.48,0.9168
2010,KEN,Kenya,Education,1222602.2,1036796.66,0.848
2010,KEN,Kenya,Economic Development,202306.43,190129.33,0.9398
2010,KEN,Kenya,Governance,332530.16,292682.44,0.8802
2010,KEN,Kenya,Agriculture,274963.99,217594.68,0.7914
2010,KEN,Kenya,Peace and Security,459960.15,372900.99,0.8107
2010,NGA,Nigeria,Health,241285.46,154367.15,0.6398
2010,NGA,Nigeria,Humanitarian,186038.4,166138.98,0.893
2010,NGA,Nigeria,Economic Development,1106562.52,978354.33,0.8841
2010,NGA,Nigeria,Governance,272485.54,243967.01,0.8953
2010,NGA,Nigeria,Peace and Security,702937.22,574049.63,0.8166
2010,PAK,Pakistan,Health,209112.64,192557.12,0.9208
2010,PAK,Pakistan,Humanitarian,179076.85,168416.06,0.9405
2010,PAK,Pakistan,Economic Development,4742014.42,3266635.52,0.6889
2010,PAK,Pakistan,Governance,379365.13,344529.2,0.9082
2010,PAK,Pakistan,Agriculture,487014.32,475583.04,0.9765
2010,SOM,Somalia,Health,11962049.36,10074347.47,0.8422
2010,SOM,Somalia,Education,165270.7,137271.95,0.8306
2010,SOM,Somalia,Economic Development,139752.75,96048.17,0.6873
2010,SOM,Somalia,Governance,434965.83,226110.23,0.5198
2010,SOM,Somalia,Agriculture,559196.47,457896.82,0.8188
2010,SOM,Somalia,Peace and Security,173904.86,141580.04,0.8141
2010,SSD,South Sudan,Health,1783762.16,1558070.98,0.8735
2010,SSD,South Sudan,Education,2342916.89,2063731.44,0.8808
2010,SSD,South Sudan,Economic Development,50000.0,35943.2,0.7189
2010,SSD,South Sudan,Governance,2169761.21,1826779.61,0.8419
2010,SSD,South Sudan,Agriculture,396562.35,396562.35,1.0
2010,SSD,South Sudan,Peace and Security,119967.73,96537.88,0.8047
2010,SDN,Sudan,Health,78139.08,65667.05,0.8404
2010,SDN,Sudan,Humanitarian,3122161.85,2576161.79,0.8251
2010,SDN,Sudan,Education,677806.21,638161.64,0.9415
2010,SDN,Sudan,Economic Development,65742.11,65742.11,1.0
2010,SDN,Sudan,Governance,3310758.67,2807507.18,0.848
2010,SDN,Sudan,Agriculture,270784.5,237942.89,0.8787
2010,SDN,Sudan,Peace and Security,1716077.32,1313887.23,0.7656
2010,UGA,Uganda,Health,254375.45,165672.71,0.6513
2010,UGA,Uganda,Education,1417526.92,951026.73,0.6709
2010,UGA,Uganda,Governance,320332.98,168158.98,0.525
2010,UGA,Uganda,Agriculture,1481910.33,1302695.11,0.8791
2010,UGA,Uganda,Peace and Security,99014.13,93108.24,0.9404
2010,UKR,Ukraine,Humanitarian,407793.83,353513.46,0.8669
2010,UKR,Ukraine,Education,378277.61,271109.87,0.7167
2010,UKR,Ukraine,Economic Development,335117.64,312831.94,0.9335
2010,UKR,Ukraine,Peace and Security,149688.08,130787.94,0.8737
2010,COL,Colombia,Health,2341991.81,1303015.02,0.5564
2010,COL,Colombia,Humanitarian,2185132.71,2167627.69,0.992
2010,COL,Colombia,Education,248803.44,201078.47,0.8082
2010,COL,Colombia,Governance,248027.03,239865.16,0.9671
2010,COL,Colombia,Agriculture,101815.16,71391.46,0.7012
2010,HTI,Haiti,Humanitarian,438134.64,407025.59,0.929
2010,HTI,Haiti,Education,50000.0,38978.27,0.7796
2010,HTI,Haiti,Economic Development,356704.59,249283.98,0.6989
2010,HTI,Haiti,Governance,4989706.23,4029643.58,0.8076
2010,HTI,Haiti,Agriculture,204381.9,204381.9,1.0
2010,HTI,Haiti,Peace and Security,1092522.09,1055814.22,0.9664
2010,IRQ,Iraq,Health,187166.45,174948.91,0.9347
2010,IRQ,Iraq,Humanitarian,948489.04,892674.02,0.9412
2010,IRQ,Iraq,Education,496092.71,375559.67,0.757
2010,IRQ,Iraq,Governance,849440.06,585024.03,0.6887
2010,IRQ,Iraq,Agriculture,356433.81,287390.17,0.8063
2010,IRQ,Iraq,Peace and Security,437377.11,347130.72,0.7937
2010,YEM,Yemen,Health,1926229.45,1435442.47,0.7452
2010,YEM,Yemen,Governance,965085.46,927830.14,0.9614
2010,YEM,Yemen,Agriculture,2118970.69,1895096.47,0.8943
2010,YEM,Yemen,Peace and Security,2384247.43,2295183.67,0.9626
2010,BGD,Bangladesh,Health,1362772.34,1130439.2,0.8295
2010,BGD,Bangladesh,Humanitarian,1878595.56,1828098.86,0.9731
2010,BGD,Bangladesh,Education,1553283.63,1320646.03,0.8502
2010,BGD,Bangladesh,Economic Development,747068.47,712747.23,0.9541
2010,BGD,Bangladesh,Agriculture,112597.62,103574.63,0.9199
2010,IND,India,Health,1233255.92,811716.73,0.6582
2010,IND,India,Education,309443.55,288325.27,0.9318
2010,IND,India,Economic Development,1160048.24,766658.23,0.6609
2010,IDN,Indonesia,Health,1935339.9,1655293.74,0.8553
2010,IDN,Indonesia,Humanitarian,2646604.7,2235212.43,0.8446
2010,IDN,Indonesia,Education,720830.62,638065.75,0.8852
2010,IDN,Indonesia,Economic Development,1347745.58,1305961.41,0.969
2010,IDN,Indonesia,Governance,1377762.27,1204617.49,0.8743
2010,IDN,Indonesia,Peace and Security,2504330.4,1918557.44,0.7661
2010,PHL,Philippines,Health,706582.14,528266.48,0.7476
2010,PHL,Philippines,Humanitarian,535379.53,440804.53,0.8233
2010,PHL,Philippines,Governance,202163.08,165104.55,0.8167
2010,PHL,Philippines,Agriculture,2498631.49,1715153.32,0.6864
2010,PHL,Philippines,Peace and Security,258145.67,170725.31,0.6614
2010,VNM,Vietnam,Health,52314.7,52084.43,0.9956
2010,VNM,Vietnam,Humanitarian,622929.41,622929.41,1.0
2010,VNM,Vietnam,Education,119550.06,117004.65,0.9787
2010,VNM,Vietnam,Governance,542757.43,385728.07,0.7107
2010,VNM,Vietnam,Agriculture,3035131.67,2365027.89,0.7792
2010,VNM,Vietnam,Peace and Security,2185591.03,2185591.03,1.0
2010,GHA,Ghana,Health,789870.48,598757.37,0.758
2010,GHA,Ghana,Humanitarian,358475.45,268802.93,0.7499
2010,GHA,Ghana,Education,59737.05,44104.84,0.7383
2010,GHA,Ghana,Governance,309612.92,249106.32,0.8046
2010,GHA,Ghana,Peace and Security,494602.86,404577.35,0.818
2010,TZA,Tanzania,Humanitarian,324079.47,205175.55,0.6331
2010,TZA,Tanzania,Education,418180.44,418180.44,1.0
2010,TZA,Tanzania,Economic Development,1404378.57,1311537.43,0.9339
2010,TZA,Tanzania,Governance,128698.89,128698.89,1.0
2010,TZA,Tanzania,Agriculture,500384.9,394197.67,0.7878
2010,TZA,Tanzania,Peace and Security,382033.37,210199.77,0.5502
2010,MOZ,Mozambique,Humanitarian,193043.38,157665.21,0.8167
2010,MOZ,Mozambique,Education,862975.92,671999.58,0.7787
2010,MOZ,Mozambique,Agriculture,302055.34,240562.32,0.7964
2010,MOZ,Mozambique,Peace and Security,1079563.2,797200.55,0.7384
2010,MWI,Malawi,Humanitarian,355161.64,291159.88,0.8198
2010,MWI,Malawi,Education,246111.82,204078.44,0.8292
2010,MWI,Malawi,Economic Development,897177.11,718880.71,0.8013
2010,MWI,Malawi,Governance,282173.33,216687.06,0.7679
2010,MWI,Malawi,Agriculture,636762.53,509029.83,0.7994
2010,MWI,Malawi,Peace and Security,2783493.85,2587124.14,0.9295
2010,PER,Peru,Health,1623835.05,1399552.48,0.8619
2010,PER,Peru,Education,11014209.79,10347261.01,0.9394
2010,PER,Peru,Economic Development,360056.07,321749.98,0.8936
2010,PER,Peru,Governance,900965.95,854716.2,0.9487
2010,PER,Peru,Agriculture,1147305.09,1147305.09,1.0
2010,PER,Peru,Peace and Security,973653.37,730664.89,0.7504
2010,GTM,Guatemala,Health,784791.9,656400.99,0.8364
2010,GTM,Guatemala,Humanitarian,324483.97,267002.91,0.8229
2010,GTM,Guatemala,Education,572375.52,445454.79,0.7783
2010,GTM,Guatemala,Economic Development,484704.47,365370.87,0.7538
2010,GTM,Guatemala,Governance,488769.8,373336.61,0.7638
2010,GTM,Guatemala,Agriculture,1179349.95,990911.39,0.8402
2010,GTM,Guatemala,Peace and Security,991795.73,669359.81,0.6749
2010,SLV,El Salvador,Humanitarian,289424.18,210404.62,0.727
2010,SLV,El Salvador,Education,5468010.91,4333088.27,0.7924
2010,SLV,El Salvador,Economic Development,1618901.5,1411446.42,0.8719
2010,SLV,El Salvador,Governance,142606.61,99399.83,0.697
2010,SLV,El Salvador,Agriculture,531929.88,420042.1,0.7897
2010,MEX,Mexico,Health,148791.48,127368.55,0.856
2010,MEX,Mexico,Education,675387.8,514443.2,0.7617
2010,MEX,Mexico,Economic Development,50000.0,46824.88,0.9365
2010,MEX,Mexico,Governance,356183.66,356183.66,1.0
2010,MEX,Mexico,Agriculture,1097106.85,876338.36,0.7988
2010,MEX,Mexico,Peace and Security,575350.16,439752.74,0.7643
2010,PSE,West Bank and Gaza,Health,414860.28,277331.91,0.6685
2010,PSE,West Bank and Gaza,Governance,1299159.71,1299159.71,1.0
2010,PSE,West Bank and Gaza,Peace and Security,87837.94,68057.98,0.7748
2010,LBN,Lebanon,Health,873520.81,713446.71,0.8167
2010,LBN,Lebanon,Humanitarian,282701.55,218166.72,0.7717
2010,LBN,Lebanon,Governance,1671296.1,1604528.51,0.9601
2010,LBN,Lebanon,Agriculture,312693.05,251548.48,0.8045
2010,SYR,Syria,Health,1271642.81,1030934.17,0.8107
2010,SYR,Syria,Humanitarian,2244917.44,1757917.02,0.7831
2010,SYR,Syria,Education,1512850.2,1326996.29,0.8771
2010,SYR,Syria,Economic Development,836776.45,760839.17,0.9093
2010,SYR,Syria,Governance,197522.96,162370.29,0.822
2010,TUR,Turkey,Health,605462.72,482997.07,0.7977
2010,TUR,Turkey,Governance,1235518.87,1150230.97,0.931
2010,TUR,Turkey,Agriculture,734338.29,627732.69,0.8548
2010,GEO,Georgia,Economic Development,220114.41,178531.96,0.8111
2010,GEO,Georgia,Governance,904469.91,834242.71,0.9224
2010,GEO,Georgia,Agriculture,967923.46,716936.25,0.7407
2010,MDA,Moldova,Health,2628563.0,1516940.9,0.5771
2010,MDA,Moldova,Education,1222771.49,1068969.04,0.8742
2010,MDA,Moldova,Governance,850836.12,637302.33,0.749
2010,MDA,Moldova,Agriculture,2083231.55,1687138.14,0.8099
2010,KOS,Kosovo,Health,1993107.54,1525373.6,0.7653
2010,KOS,Kosovo,Humanitarian,340838.52,246925.1,0.7245
2010,KOS,Kosovo,Education,2261419.1,2067122.55,0.9141
2010,KOS,Kosovo,Economic Development,2850790.05,2054153.64,0.7206
2010,KOS,Kosovo,Governance,2889776.74,2889776.74,1.0
2010,KOS,Kosovo,Peace and Security,931260.34,730765.57,0.7847
2010,LBR,Liberia,Health,845454.92,619532.94,0.7328
2010,LBR,Liberia,Humanitarian,542071.71,453883.13,0.8373
2010,LBR,Liberia,Education,1560274.59,1316562.92,0.8438
2010,LBR,Liberia,Economic Development,267282.2,169489.72,0.6341
2010,LBR,Liberia,Governance,1658492.41,1488310.22,0.8974
2010,LBR,Liberia,Agriculture,469297.86,290177.45,0.6183
2010,LBR,Liberia,Peace and Security,1731310.32,1192535.83,0.6888
2010,SLE,Sierra Leone,Health,654902.0,592094.11,0.9041
2010,SLE,Sierra Leone,Education,236030.5,162164.95,0.6871
2010,SLE,Sierra Leone,Economic Development,644731.03,502696.53,0.7797
2010,SLE,Sierra Leone,Agriculture,3762604.77,2686815.68,0.7141
2010,SLE,Sierra Leone,Peace and Security,158181.75,136907.86,0.8655
2010,COD,DR Congo,Humanitarian,447906.68,415271.6,0.9271
2010,COD,DR Congo,Economic Development,424763.18,424763.18,1.0
2010,COD,DR Congo,Governance,756146.56,564565.93,0.7466
2010,COD,DR Congo,Agriculture,1124415.63,941933.7,0.8377
2010,COD,DR Congo,Peace and Security,744924.48,561792.5,0.7542
2010,RWA,Rwanda,Health,88806.89,69329.82,0.7807
2010,RWA,Rwanda,Humanitarian,413581.06,374536.51,0.9056
2010,RWA,Rwanda,Education,916138.34,868078.74,0.9475
2010,RWA,Rwanda,Governance,531499.0,430393.74,0.8098
2010,RWA,Rwanda,Agriculture,996898.9,949468.1,0.9524
2010,RWA,Rwanda,Peace and Security,495796.66,443225.44,0.894
2010,ZMB,Zambia,Health,4026963.2,3871024.36,0.9613
2010,ZMB,Zambia,Humanitarian,603615.76,506932.0,0.8398
2010,ZMB,Zambia,Education,315332.89,286651.64,0.909
2010,ZMB,Zambia,Economic Development,225542.64,194243.31,0.8612
2010,ZMB,Zambia,Governance,415462.86,242110.27,0.5827
2010,ZMB,Zambia,Agriculture,539266.68,434590.03,0.8059
2010,ZMB,Zambia,Peace and Security,683540.38,506044.62,0.7403
2010,ZWE,Zimbabwe,Health,330846.51,308335.9,0.932
2010,ZWE,Zimbabwe,Humanitarian,1928288.52,1928288.52,1.0
2010,ZWE,Zimbabwe,Peace and Security,162126.14,157441.91,0.9711
2010,MMR,Burma,Health,204444.54,195410.91,0.9558
2010,MMR,Burma,Humanitarian,10664447.05,10664447.05,1.0
2010,MMR,Burma,Economic Development,206894.29,172860.37,0.8355
2010,MMR,Burma,Governance,1214449.01,1008117.81,0.8301
2010,MMR,Burma,Agriculture,222180.68,218205.44,0.9821
2010,MMR,Burma,Peace and Security,453121.16,364561.29,0.8046
2010,KHM,Cambodia,Health,554450.16,348126.89,0.6279
2010,KHM,Cambodia,Agriculture,2348585.23,1324633.89,0.564
2010,NPL,Nepal,Health,241727.08,154317.93,0.6384
2010,NPL,Nepal,Humanitarian,719794.5,639155.33,0.888
2010,NPL,Nepal,Education,225262.16,207186.13,0.9198
2010,NPL,Nepal,Economic Development,1454024.15,913884.72,0.6285
2010,NPL,Nepal,Governance,109666.69,106392.93,0.9701
2010,NPL,Nepal,Peace and Security,1116402.06,944773.57,0.8463
2010,LKA,Sri Lanka,Health,4087566.55,3641203.34,0.8908
2010,LKA,Sri Lanka,Humanitarian,72674.29,52243.14,0.7189
2010,LKA,Sri Lanka,Education,444466.7,294324.83,0.6622
2010,LKA,Sri Lanka,Economic Development,212872.56,200504.17,0.9419
2010,LKA,Sri Lanka,Peace and Security,744256.94,550680.52,0.7399
2010,MAR,Morocco,Health,81320.59,72931.42,0.8968
2010,MAR,Morocco,Humanitarian,804603.02,703844.9,0.8748
2010,MAR,Morocco,Education,5101437.73,4302160.41,0.8433
2010,MAR,Morocco,Economic Development,170406.81,153644.58,0.9016
2010,MAR,Morocco,Governance,1260743.44,1155284.85,0.9164
2010,MAR,Morocco,Peace and Security,247234.07,151284.43,0.6119
2010,TUN,Tunisia,Health,120183.8,99853.4,0.8308
2010,TUN,Tunisia,Education,1207352.47,1095198.61,0.9071
2010,TUN,Tunisia,Economic Development,630995.33,569177.73,0.902
2010,TUN,Tunisia,Governance,1381659.96,1162146.02,0.8411
2010,TUN,Tunisia,Agriculture,658883.87,527267.97,0.8002
2010,TUN,Tunisia,Peace and Security,1273168.93,1079476.73,0.8479
2010,SEN,Senegal,Humanitarian,354123.99,266584.82,0.7528
2010,SEN,Senegal,Education,644222.75,521107.94,0.8089
2010,SEN,Senegal,Economic Development,644967.91,644532.38,0.9993
2010,SEN,Senegal,Governance,281425.68,244046.02,0.8672
2010,SEN,Senegal,Agriculture,477810.19,377562.57,0.7902
2010,MLI,Mali,Health,50000.0,42069.7,0.8414
2010,MLI,Mali,Humanitarian,194608.87,170596.76,0.8766
2010,MLI,Mali,Economic Development,216882.74,171597.9,0.7912
2010,MLI,Mali,Agriculture,672412.87,539221.99,0.8019
2010,MLI,Mali,Peace and Security,1086922.56,884551.45,0.8138
2011,AFG,Afghanistan,Humanitarian,332585.14,230466.77,0.693
2011,AFG,Afghanistan,Education,328173.79,328173.79,1.0
2011,AFG,Afghanistan,Economic Development,306393.58,235719.83,0.7693
2011,AFG,Afghanistan,Governance,985928.26,726503.49,0.7369
2011,AFG,Afghanistan,Agriculture,4514669.75,4242271.66,0.9397
2011,AFG,Afghanistan,Peace and Security,73593.29,53059.3,0.721
2011,EGY,Egypt,Health,964860.38,749931.9,0.7772
2011,EGY,Egypt,Humanitarian,668903.19,593153.72,0.8868
2011,EGY,Egypt,Economic Development,993542.52,804775.65,0.81
2011,EGY,Egypt,Governance,580742.72,386612.71,0.6657
2011,EGY,Egypt,Agriculture,881914.02,617683.1,0.7004
2011,ETH,Ethiopia,Humanitarian,446654.05,446654.05,1.0
2011,ETH,Ethiopia,Education,432911.73,281396.16,0.65
2011,ETH,Ethiopia,Economic Development,50000.0,31334.64,0.6267
2011,ETH,Ethiopia,Governance,609326.09,524411.85,0.8606
2011,ETH,Ethiopia,Agriculture,1893105.84,1700206.58,0.8981
2011,ETH,Ethiopia,Peace and Security,173823.95,138719.81,0.798
2011,JOR,Jordan,Education,1199166.69,1118114.23,0.9324
2011,JOR,Jordan,Economic Development,4735101.19,3656830.96,0.7723
2011,JOR,Jordan,Governance,6060788.2,3465298.25,0.5718
2011,JOR,Jordan,Peace and Security,249940.0,201355.45,0.8056
2011,KEN,Kenya,Health,635157.96,461101.6,0.726
2011,KEN,Kenya,Humanitarian,136577.34,105261.31,0.7707
2011,KEN,Kenya,Education,1096287.26,727492.13,0.6636
2011,KEN,Kenya,Economic Development,326798.41,255088.38,0.7806
2011,KEN,Kenya,Governance,590228.28,349641.73,0.5924
2011,KEN,Kenya,Peace and Security,706689.66,543426.54,0.769
2011,NGA,Nigeria,Health,570965.71,445298.62,0.7799
2011,NGA,Nigeria,Humanitarian,317319.24,317319.24,1.0
2011,NGA,Nigeria,Economic Development,206378.26,200834.4,0.9731
2011,NGA,Nigeria,Governance,626216.06,492311.69,0.7862
2011,NGA,Nigeria,Agriculture,341552.22,239885.35,0.7023
2011,NGA,Nigeria,Peace and Security,373703.57,373703.57,1.0
2011,PAK,Pakistan,Health,486521.63,405059.63,0.8326
2011,PAK,Pakistan,Humanitarian,2464712.14,2105711.02,0.8543
2011,PAK,Pakistan,Governance,10221975.85,7582637.35,0.7418
2011,PAK,Pakistan,Peace and Security,478447.19,398554.64,0.833
2011,SOM,Somalia,Health,564408.65,371463.12,0.6581
2011,SOM,Somalia,Humanitarian,494806.85,335580.09,0.6782
2011,SOM,Somalia,Education,121510.38,94097.23,0.7744
2011,SOM,Somalia,Economic Development,344932.43,263245.2,0.7632
2011,SOM,Somalia,Governance,2435472.2,1935216.56,0.7946
2011,SOM,Somalia,Agriculture,4920311.17,4231546.92,0.86
2011,SOM,Somalia,Peace and Security,1051223.56,1041409.56,0.9907
2011,SSD,South Sudan,Health,1138868.59,1034648.79,0.9085
2011,SSD,South Sudan,Humanitarian,260711.43,209622.64,0.804
2011,SSD,South Sudan,Economic Development,747147.45,612684.21,0.82
2011,SSD,South Sudan,Governance,81446.38,74682.82,0.917
2011,SSD,South Sudan,Agriculture,191420.13,167775.08,0.8765
2011,SDN,Sudan,Humanitarian,131505.38,97968.85,0.745
2011,SDN,Sudan,Education,195883.52,151887.78,0.7754
2011,SDN,Sudan,Economic Development,298186.61,255823.4,0.8579
2011,SDN,Sudan,Agriculture,1121729.51,921038.53,0.8211
2011,SDN,Sudan,Peace and Security,1595400.85,1488819.18,0.9332
2011,UGA,Uganda,Health,432608.36,410832.28,0.9497
2011,UGA,Uganda,Humanitarian,365853.88,340667.78,0.9312
2011,UGA,Uganda,Economic Development,238382.8,156851.29,0.658
2011,UGA,Uganda,Agriculture,1657386.92,1026959.09,0.6196
2011,UKR,Ukraine,Health,364671.97,342576.95,0.9394
2011,UKR,Ukraine,Humanitarian,2347851.87,1892785.37,0.8062
2011,UKR,Ukraine,Economic Development,1063908.62,818106.99,0.769
2011,UKR,Ukraine,Governance,762159.48,727131.42,0.954
2011,COL,Colombia,Health,324921.98,215063.97,0.6619
2011,COL,Colombia,Humanitarian,428151.84,392661.94,0.9171
2011,COL,Colombia,Education,21605805.88,17332218.33,0.8022
2011,COL,Colombia,Peace and Security,2852765.25,1500243.16,0.5259
2011,HTI,Haiti,Humanitarian,306487.15,258576.22,0.8437
2011,HTI,Haiti,Education,656072.63,484981.28,0.7392
2011,HTI,Haiti,Economic Development,1173487.17,1173487.17,1.0
2011,HTI,Haiti,Governance,989369.49,801988.16,0.8106
2011,HTI,Haiti,Agriculture,704596.56,703780.51,0.9988
2011,IRQ,Iraq,Health,402882.04,402882.04,1.0
2011,IRQ,Iraq,Economic Development,709379.5,484100.5,0.6824
2011,IRQ,Iraq,Governance,397975.13,329598.46,0.8282
2011,IRQ,Iraq,Agriculture,152896.06,135065.72,0.8834
2011,IRQ,Iraq,Peace and Security,272914.51,199829.58,0.7322
2011,YEM,Yemen,Humanitarian,912614.81,737380.52,0.808
2011,YEM,Yemen,Education,7278497.95,6960755.04,0.9563
2011,YEM,Yemen,Economic Development,470081.73,360625.16,0.7672
2011,BGD,Bangladesh,Health,764910.01,627897.32,0.8209
2011,BGD,Bangladesh,Humanitarian,72401.26,54861.62,0.7577
2011,BGD,Bangladesh,Education,913722.51,737698.42,0.8074
2011,BGD,Bangladesh,Economic Development,292141.93,212173.16,0.7263
2011,BGD,Bangladesh,Governance,126556.08,96586.32,0.7632
2011,BGD,Bangladesh,Agriculture,11801680.95,10620123.07,0.8999
2011,BGD,Bangladesh,Peace and Security,488284.24,391069.23,0.8009
2011,IND,India,Health,323476.0,263007.32,0.8131
2011,IND,India,Humanitarian,1345968.19,1147255.85,0.8524
2011,IND,India,Education,668353.79,465881.6,0.6971
2011,IND,India,Economic Development,231310.87,186811.93,0.8076
2011,IND,India,Governance,1787424.95,1333569.15,0.7461
2011,IND,India,Agriculture,1255821.77,1201665.69,0.9569
2011,IND,India,Peace and Security,761543.8,746869.46,0.9807
2011,IDN,Indonesia,Health,484414.83,273703.9,0.565
2011,IDN,Indonesia,Humanitarian,1084481.15,900472.83,0.8303
2011,IDN,Indonesia,Education,122571.78,98448.99,0.8032
2011,IDN,Indonesia,Economic Development,1829446.89,1224577.13,0.6694
2011,IDN,Indonesia,Agriculture,2028063.89,1416555.58,0.6985
2011,IDN,Indonesia,Peace and Security,2107769.76,1747320.4,0.829
2011,PHL,Philippines,Health,352666.28,310204.97,0.8796
2011,PHL,Philippines,Humanitarian,97601.09,82325.51,0.8435
2011,PHL,Philippines,Education,1131218.87,762195.45,0.6738
2011,PHL,Philippines,Governance,2882931.77,2050861.41,0.7114
2011,PHL,Philippines,Agriculture,685874.84,480816.16,0.701
2011,PHL,Philippines,Peace and Security,633330.64,550259.5,0.8688
2011,VNM,Vietnam,Health,68771.24,33288.52,0.484
2011,VNM,Vietnam,Humanitarian,396807.56,358043.42,0.9023
2011,VNM,Vietnam,Economic Development,379478.69,329986.25,0.8696
2011,VNM,Vietnam,Governance,200374.88,178472.99,0.8907
2011,VNM,Vietnam,Agriculture,352044.03,321574.95,0.9135
2011,VNM,Vietnam,Peace and Security,151255.81,135449.64,0.8955
2011,GHA,Ghana,Humanitarian,444250.25,388844.36,0.8753
2011,GHA,Ghana,Education,1250886.04,1082499.44,0.8654
2011,GHA,Ghana,Economic Development,2225766.96,2044691.87,0.9186
2011,GHA,Ghana,Governance,594209.98,442389.81,0.7445
2011,GHA,Ghana,Peace and Security,983845.77,963192.94,0.979
2011,TZA,Tanzania,Humanitarian,329686.27,229609.3,0.6964
2011,TZA,Tanzania,Education,286735.82,278461.25,0.9711
2011,TZA,Tanzania,Economic Development,541383.78,443629.36,0.8194
2011,TZA,Tanzania,Agriculture,849895.76,583191.01,0.6862
2011,MOZ,Mozambique,Health,286951.44,200140.46,0.6975
2011,MOZ,Mozambique,Humanitarian,176140.07,153524.32,0.8716
2011,MOZ,Mozambique,Education,755338.41,600017.71,0.7944
2011,MOZ,Mozambique,Governance,61247.78,58794.02,0.9599
2011,MOZ,Mozambique,Agriculture,564953.65,426690.44,0.7553
2011,MOZ,Mozambique,Peace and Security,133398.58,86690.56,0.6499
2011,MWI,Malawi,Health,77716.72,71278.36,0.9172
2011,MWI,Malawi,Economic Development,87568.63,74356.82,0.8491
2011,MWI,Malawi,Governance,594024.92,515112.93,0.8672
2011,MWI,Malawi,Agriculture,1415603.99,1415603.99,1.0
2011,MWI,Malawi,Peace and Security,1412988.32,878777.9,0.6219
2011,PER,Peru,Health,128819.16,126752.65,0.984
2011,PER,Peru,Humanitarian,977043.42,645603.09,0.6608
2011,PER,Peru,Agriculture,1572299.18,784635.54,0.499
2011,PER,Peru,Peace and Security,296710.25,222517.47,0.7499
2011,GTM,Guatemala,Humanitarian,108659.17,71500.66,0.658
2011,GTM,Guatemala,Education,1492541.1,1488445.44,0.9973
2011,GTM,Guatemala,Governance,3400329.69,2591976.08,0.7623
2011,GTM,Guatemala,Agriculture,688900.76,582591.59,0.8457
2011,SLV,El Salvador,Health,308480.41,226965.5,0.7358
2011,SLV,El Salvador,Humanitarian,249169.08,212728.43,0.8538
2011,SLV,El Salvador,Education,389345.83,308869.59,0.7933
2011,SLV,El Salvador,Economic Development,3888250.92,3173424.85,0.8162
2011,SLV,El Salvador,Governance,374589.85,335906.55,0.8967
2011,SLV,El Salvador,Agriculture,442520.76,348036.51,0.7865
2011,SLV,El Salvador,Peace and Security,824453.95,717635.89,0.8704
2011,MEX,Mexico,Health,154221.1,77402.8,0.5019
2011,MEX,Mexico,Humanitarian,1879934.1,1829399.54,0.9731
2011,MEX,Mexico,Education,1969364.56,1600459.36,0.8127
2011,MEX,Mexico,Economic Development,89444.88,64693.88,0.7233
2011,MEX,Mexico,Governance,1510348.23,1510348.23,1.0
2011,MEX,Mexico,Peace and Security,306678.78,264291.5,0.8618
2011,PSE,West Bank and Gaza,Health,216035.42,131929.23,0.6107
2011,PSE,West Bank and Gaza,Humanitarian,100768.37,78516.93,0.7792
2011,PSE,West Bank and Gaza,Education,426537.46,339875.93,0.7968
2011,PSE,West Bank and Gaza,Economic Development,179974.79,166186.28,0.9234
2011,PSE,West Bank and Gaza,Governance,563461.94,486523.1,0.8635
2011,PSE,West Bank and Gaza,Agriculture,83979.8,75020.03,0.8933
2011,PSE,West Bank and Gaza,Peace and Security,1285593.32,1168379.91,0.9088
2011,LBN,Lebanon,Health,522838.47,488857.76,0.935
2011,LBN,Lebanon,Humanitarian,179433.31,150152.76,0.8368
2011,LBN,Lebanon,Education,660675.11,554566.85,0.8394
2011,LBN,Lebanon,Economic Development,457115.17,322186.76,0.7048
2011,LBN,Lebanon,Governance,1902711.62,1409115.59,0.7406
2011,LBN,Lebanon,Agriculture,93778.57,78365.2,0.8356
2011,LBN,Lebanon,Peace and Security,15674143.74,10893440.18,0.695
2011,SYR,Syria,Health,1540720.91,1467605.57,0.9525
2011,SYR,Syria,Education,1430370.01,959111.48,0.6705
2011,SYR,Syria,Governance,167002.81,129385.97,0.7748
2011,SYR,Syria,Agriculture,106711.33,106711.33,1.0
2011,SYR,Syria,Peace and Security,222712.31,204553.27,0.9185
2011,TUR,Turkey,Health,2401396.65,1884356.89,0.7847
2011,TUR,Turkey,Education,632396.52,500675.58,0.7917
2011,TUR,Turkey,Economic Development,3546915.33,2608501.3,0.7354
2011,TUR,Turkey,Agriculture,1002651.55,866614.44,0.8643
2011,TUR,Turkey,Peace and Security,113185.81,95915.29,0.8474
2011,GEO,Georgia,Health,376931.91,315128.42,0.836
2011,GEO,Georgia,Humanitarian,713744.54,595068.42,0.8337
2011,GEO,Georgia,Education,468924.4,468924.4,1.0
2011,GEO,Georgia,Economic Development,1027847.6,811688.93,0.7897
2011,GEO,Georgia,Agriculture,332290.23,322721.14,0.9712
2011,GEO,Georgia,Peace and Security,233781.33,218654.57,0.9353
2011,MDA,Moldova,Humanitarian,853786.22,604617.19,0.7082
2011,MDA,Moldova,Education,2283677.86,1368937.65,0.5994
2011,MDA,Moldova,Economic Development,92163.24,74940.73,0.8131
2011,MDA,Moldova,Governance,317241.39,176711.68,0.557
2011,KOS,Kosovo,Health,484615.52,452898.92,0.9346
2011,KOS,Kosovo,Humanitarian,701613.59,477323.9,0.6803
2011,KOS,Kosovo,Education,1084022.64,1084022.64,1.0
2011,KOS,Kosovo,Economic Development,857516.77,843697.9,0.9839
2011,KOS,Kosovo,Governance,1772347.97,1333487.1,0.7524
2011,KOS,Kosovo,Agriculture,1820891.53,1538200.63,0.8448
2011,LBR,Liberia,Health,716153.19,540657.92,0.7549
2011,LBR,Liberia,Humanitarian,60539.96,56191.11,0.9282
2011,LBR,Liberia,Education,172366.02,113448.19,0.6582
2011,LBR,Liberia,Economic Development,2569751.96,2070438.83,0.8057
2011,LBR,Liberia,Governance,923558.32,756496.01,0.8191
2011,LBR,Liberia,Agriculture,1227875.17,1052304.46,0.857
2011,LBR,Liberia,Peace and Security,137554.36,113553.31,0.8255
2011,SLE,Sierra Leone,Health,599371.32,487637.49,0.8136
2011,SLE,Sierra Leone,Humanitarian,358844.63,333792.14,0.9302
2011,SLE,Sierra Leone,Education,130790.37,116239.24,0.8887
2011,SLE,Sierra Leone,Economic Development,394061.2,328627.16,0.8339
2011,SLE,Sierra Leone,Agriculture,1867731.86,1706288.61,0.9136
2011,COD,DR Congo,Health,85516.25,73243.68,0.8565
2011,COD,DR Congo,Humanitarian,1765208.15,1765208.15,1.0
2011,COD,DR Congo,Economic Development,153154.69,147242.33,0.9614
2011,COD,DR Congo,Governance,2504260.6,2251831.18,0.8992
2011,COD,DR Congo,Agriculture,2853273.85,2117324.31,0.7421
2011,COD,DR Congo,Peace and Security,1830507.01,1332765.38,0.7281
2011,RWA,Rwanda,Health,882991.77,737306.57,0.835
2011,RWA,Rwanda,Humanitarian,1120917.26,819236.94,0.7309
2011,RWA,Rwanda,Education,1931976.31,1505653.04,0.7793
2011,RWA,Rwanda,Economic Development,154039.3,141213.67,0.9167
2011,RWA,Rwanda,Governance,117698.95,107160.34,0.9105
2011,ZMB,Zambia,Health,169738.76,123887.54,0.7299
2011,ZMB,Zambia,Education,625919.38,576953.21,0.9218
2011,ZMB,Zambia,Economic Development,148289.93,147052.76,0.9917
2011,ZMB,Zambia,Governance,248358.76,248358.76,1.0
2011,ZMB,Zambia,Peace and Security,4735366.8,2509929.61,0.53
2011,ZWE,Zimbabwe,Health,1225980.9,973029.96,0.7937
2011,ZWE,Zimbabwe,Education,956565.15,644107.75,0.6734
2011,ZWE,Zimbabwe,Governance,4109057.85,2418354.11,0.5885
2011,ZWE,Zimbabwe,Agriculture,362526.75,224279.62,0.6187
2011,ZWE,Zimbabwe,Peace and Security,92302.01,70183.35,0.7604
2011,MMR,Burma,Health,992328.95,907749.01,0.9148
2011,MMR,Burma,Education,1663226.31,1142898.94,0.6872
2011,KHM,Cambodia,Health,3136813.48,2362346.55,0.7531
2011,KHM,Cambodia,Humanitarian,1082587.48,926616.19,0.8559
2011,KHM,Cambodia,Education,1099994.2,978152.74,0.8892
2011,KHM,Cambodia,Economic Development,15262022.51,15013093.05,0.9837
2011,KHM,Cambodia,Agriculture,15689202.69,14955801.43,0.9533
2011,KHM,Cambodia,Peace and Security,810921.73,675804.58,0.8334
2011,NPL,Nepal,Health,757841.31,647420.58,0.8543
2011,NPL,Nepal,Humanitarian,327907.32,302344.85,0.922
2011,NPL,Nepal,Education,1430126.53,1181424.23,0.8261
2011,NPL,Nepal,Economic Development,50000.0,50000.0,1.0
2011,NPL,Nepal,Governance,214583.47,193242.12,0.9005
2011,NPL,Nepal,Peace and Security,50000.0,38693.62,0.7739
2011,LKA,Sri Lanka,Health,1217871.17,963888.63,0.7915
2011,LKA,Sri Lanka,Humanitarian,929627.75,693551.71,0.7461
2011,LKA,Sri Lanka,Education,5161212.0,3743562.67,0.7253
2011,LKA,Sri Lanka,Peace and Security,1018350.15,880099.07,0.8642
2011,MAR,Morocco,Health,806975.05,593188.53,0.7351
2011,MAR,Morocco,Education,1341153.67,1092647.57,0.8147
2011,MAR,Morocco,Economic Development,374320.87,304645.49,0.8139
2011,MAR,Morocco,Governance,2549405.13,2225598.43,0.873
2011,MAR,Morocco,Agriculture,240541.64,187268.75,0.7785
2011,MAR,Morocco,Peace and Security,113235.62,98362.53,0.8687
2011,TUN,Tunisia,Health,323852.05,270760.24,0.8361
2011,TUN,Tunisia,Humanitarian,733252.16,500232.38,0.6822
2011,TUN,Tunisia,Education,2757649.76,2048473.86,0.7428
2011,TUN,Tunisia,Economic Development,1709246.75,1255380.85,0.7345
2011,TUN,Tunisia,Governance,12393342.98,10145938.47,0.8187
2011,TUN,Tunisia,Agriculture,847013.52,847013.52,1.0
2011,TUN,Tunisia,Peace and Security,1119846.45,791416.38,0.7067
2011,SEN,Senegal,Education,684671.39,405608.63,0.5924
2011,SEN,Senegal,Economic Development,132771.14,121780.2,0.9172
2011,SEN,Senegal,Governance,857757.99,606754.41,0.7074
2011,SEN,Senegal,Agriculture,151309.08,127376.13,0.8418
2011,SEN,Senegal,Peace and Security,727125.52,525392.55,0.7226
2011,MLI,Mali,Humanitarian,1527875.7,906015.06,0.593
2011,MLI,Mali,Education,51312.02,51312.02,1.0
2011,MLI,Mali,Economic Development,338478.55,306403.32,0.9052
2011,MLI,Mali,Governance,148966.2,148966.2,1.0
2011,MLI,Mali,Peace and Security,2794474.71,2794474.71,1.0
2012,AFG,Afghanistan,Humanitarian,207555.36,194456.77,0.9369
2012,AFG,Afghanistan,Education,1442094.58,1442094.58,1.0
2012,AFG,Afghanistan,Economic Development,1821805.0,1707201.98,0.9371
2012,AFG,Afghanistan,Governance,90036.97,66681.0,0.7406
2012,AFG,Afghanistan,Agriculture,959017.64,766559.12,0.7993
2012,AFG,Afghanistan,Peace and Security,504002.08,421649.07,0.8366
2012,EGY,Egypt,Health,1008735.63,826862.58,0.8197
2012,EGY,Egypt,Economic Development,322942.64,322942.64,1.0
2012,EGY,Egypt,Peace and Security,387441.29,327753.62,0.8459
2012,ETH,Ethiopia,Humanitarian,152716.82,126930.49,0.8311
2012,ETH,Ethiopia,Education,1074968.45,1047953.22,0.9749
2012,ETH,Ethiopia,Economic Development,58949.47,47712.51,0.8094
2012,ETH,Ethiopia,Governance,132376.66,125651.24,0.9492
2012,ETH,Ethiopia,Peace and Security,278308.95,227066.31,0.8159
2012,JOR,Jordan,Humanitarian,386078.67,386078.67,1.0
2012,JOR,Jordan,Education,1811984.5,1350456.52,0.7453
2012,JOR,Jordan,Governance,1333042.78,1031923.37,0.7741
2012,JOR,Jordan,Agriculture,484982.71,428491.63,0.8835
2012,KEN,Kenya,Health,1475190.2,755144.42,0.5119
2012,KEN,Kenya,Education,371318.56,334644.74,0.9012
2012,KEN,Kenya,Economic Development,149168.88,125895.54,0.844
2012,KEN,Kenya,Governance,3534260.26,3058212.84,0.8653
2012,KEN,Kenya,Peace and Security,324836.55,268524.35,0.8266
2012,NGA,Nigeria,Education,2769287.36,2277887.71,0.8226
2012,NGA,Nigeria,Economic Development,240005.17,158440.78,0.6602
2012,NGA,Nigeria,Agriculture,50000.0,28335.8,0.5667
2012,NGA,Nigeria,Peace and Security,91295.66,79131.16,0.8668
2012,PAK,Pakistan,Humanitarian,1421806.19,1205026.09,0.8475
2012,PAK,Pakistan,Economic Development,1108395.61,1108395.61,1.0
2012,PAK,Pakistan,Governance,272916.48,199609.2,0.7314
2012,PAK,Pakistan,Agriculture,447220.52,374015.23,0.8363
2012,PAK,Pakistan,Peace and Security,1232090.43,1025596.24,0.8324
2012,SOM,Somalia,Health,587915.03,530125.25,0.9017
2012,SOM,Somalia,Economic Development,979886.17,883416.08,0.9015
2012,SOM,Somalia,Agriculture,769420.29,620716.99,0.8067
2012,SSD,South Sudan,Health,409973.62,324324.68,0.7911
2012,SSD,South Sudan,Education,627023.42,610884.97,0.9743
2012,SSD,South Sudan,Economic Development,2448233.99,1657300.84,0.6769
2012,SSD,South Sudan,Governance,1201060.9,953197.39,0.7936
2012,SSD,South Sudan,Agriculture,767780.32,654787.23,0.8528
2012,SSD,South Sudan,Peace and Security,432831.98,365223.59,0.8438
2012,SDN,Sudan,Health,567824.45,438191.08,0.7717
2012,SDN,Sudan,Humanitarian,116426.43,75776.48,0.6509
2012,SDN,Sudan,Education,771141.1,550853.76,0.7143
2012,SDN,Sudan,Governance,6215501.41,3994235.09,0.6426
2012,SDN,Sudan,Peace and Security,967300.44,772649.16,0.7988
2012,UGA,Uganda,Health,1750164.28,1624558.48,0.9282
2012,UGA,Uganda,Humanitarian,209958.2,209958.2,1.0
2012,UGA,Uganda,Education,702938.82,558755.59,0.7949
2012,UGA,Uganda,Economic Development,657222.85,640213.33,0.9741
2012,UGA,Uganda,Governance,612819.13,451385.34,0.7366
2012,UGA,Uganda,Agriculture,4759360.81,3901328.45,0.8197
2012,UGA,Uganda,Peace and Security,3016936.33,2397883.73,0.7948
2012,UKR,Ukraine,Health,1981368.32,1766501.7,0.8916
2012,UKR,Ukraine,Humanitarian,3215404.75,2762617.82,0.8592
2012,UKR,Ukraine,Education,893088.15,735692.65,0.8238
2012,UKR,Ukraine,Economic Development,588581.11,474492.27,0.8062
2012,UKR,Ukraine,Governance,795407.21,526557.33,0.662
2012,UKR,Ukraine,Agriculture,411820.66,411627.88,0.9995
2012,UKR,Ukraine,Peace and Security,166101.95,118787.05,0.7151
2012,COL,Colombia,Health,282244.33,211177.96,0.7482
2012,COL,Colombia,Humanitarian,2102248.57,1418943.78,0.675
2012,COL,Colombia,Economic Development,2142383.43,2121731.0,0.9904
2012,HTI,Haiti,Health,1932513.37,1651211.69,0.8544
2012,HTI,Haiti,Education,318145.9,318145.9,1.0
2012,HTI,Haiti,Economic Development,167549.93,129872.54,0.7751
2012,HTI,Haiti,Agriculture,2125360.39,1444128.12,0.6795
2012,HTI,Haiti,Peace and Security,6692093.49,5867378.3,0.8768
2012,IRQ,Iraq,Health,225788.69,178640.46,0.7912
2012,IRQ,Iraq,Humanitarian,143035.57,114455.36,0.8002
2012,IRQ,Iraq,Education,929332.49,840179.93,0.9041
2012,IRQ,Iraq,Economic Development,5193733.14,4979769.84,0.9588
2012,IRQ,Iraq,Governance,284951.51,284951.51,1.0
2012,IRQ,Iraq,Peace and Security,2067377.82,1496212.48,0.7237
2012,YEM,Yemen,Health,5189322.37,4938468.56,0.9517
2012,YEM,Yemen,Humanitarian,762438.5,652088.86,0.8553
2012,YEM,Yemen,Governance,368145.12,326720.57,0.8875
2012,YEM,Yemen,Agriculture,1391291.65,1175128.23,0.8446
2012,YEM,Yemen,Peace and Security,1678645.7,1647077.2,0.9812
2012,BGD,Bangladesh,Health,1361371.24,1102447.9,0.8098
2012,BGD,Bangladesh,Humanitarian,213694.85,171348.79,0.8018
2012,BGD,Bangladesh,Education,567831.8,502545.25,0.885
2012,BGD,Bangladesh,Economic Development,2914505.73,2221049.43,0.7621
2012,BGD,Bangladesh,Governance,587196.72,554052.96,0.9436
2012,BGD,Bangladesh,Agriculture,190406.91,114852.43,0.6032
2012,BGD,Bangladesh,Peace and Security,152225.59,136348.35,0.8957
2012,IND,India,Health,50000.0,33813.95,0.6763
2012,IND,India,Humanitarian,2501095.47,2171334.67,0.8682
2012,IND,India,Education,1079915.43,972562.99,0.9006
2012,IND,India,Economic Development,1221330.99,832985.76,0.682
2012,IND,India,Governance,767577.21,563145.18,0.7337
2012,IDN,Indonesia,Humanitarian,384368.58,268958.89,0.6997
2012,IDN,Indonesia,Education,629104.45,629104.45,1.0
2012,IDN,Indonesia,Economic Development,3345559.77,2980762.95,0.891
2012,IDN,Indonesia,Agriculture,224990.32,150292.38,0.668
2012,IDN,Indonesia,Peace and Security,4760510.58,3050713.03,0.6408
2012,PHL,Philippines,Health,2298337.05,2094936.53,0.9115
2012,PHL,Philippines,Agriculture,308741.33,244685.54,0.7925
2012,PHL,Philippines,Peace and Security,71210.65,55981.07,0.7861
2012,VNM,Vietnam,Humanitarian,289555.73,194663.04,0.6723
2012,VNM,Vietnam,Education,291881.98,270316.03,0.9261
2012,VNM,Vietnam,Economic Development,633531.89,497384.68,0.7851
2012,VNM,Vietnam,Governance,641657.67,438787.66,0.6838
2012,VNM,Vietnam,Agriculture,779395.71,721922.91,0.9263
2012,GHA,Ghana,Economic Development,625614.68,515300.55,0.8237
2012,GHA,Ghana,Governance,456967.31,407033.69,0.8907
2012,GHA,Ghana,Agriculture,781639.98,584182.78,0.7474
2012,GHA,Ghana,Peace and Security,1898326.94,1464107.26,0.7713
2012,TZA,Tanzania,Health,213799.53,167953.12,0.7856
2012,TZA,Tanzania,Humanitarian,2538677.14,1872997.54,0.7378
2012,TZA,Tanzania,Education,109156.67,88562.28,0.8113
2012,TZA,Tanzania,Agriculture,144302.2,135161.92,0.9367
2012,TZA,Tanzania,Peace and Security,1169530.24,897244.93,0.7672
2012,MOZ,Mozambique,Health,8772452.38,8772452.38,1.0
2012,MOZ,Mozambique,Humanitarian,120367.08,104596.0,0.869
2012,MOZ,Mozambique,Economic Development,2814882.48,1750006.91,0.6217
2012,MOZ,Mozambique,Governance,689234.66,509330.2,0.739
2012,MOZ,Mozambique,Agriculture,136291.32,113578.64,0.8334
2012,MOZ,Mozambique,Peace and Security,50000.0,32817.3,0.6563
2012,MWI,Malawi,Health,1484784.08,1402540.06,0.9446
2012,MWI,Malawi,Education,50000.0,42798.92,0.856
2012,MWI,Malawi,Economic Development,2317087.66,2301175.86,0.9931
2012,MWI,Malawi,Governance,1353067.19,1256550.47,0.9287
2012,MWI,Malawi,Agriculture,649733.16,441495.96,0.6795
2012,MWI,Malawi,Peace and Security,147395.67,118425.49,0.8035
2012,PER,Peru,Health,342571.42,303164.37,0.885
2012,PER,Peru,Humanitarian,763794.13,540272.36,0.7074
2012,PER,Peru,Education,278744.95,265462.11,0.9523
2012,PER,Peru,Economic Development,50000.0,35425.67,0.7085
2012,PER,Peru,Governance,2308167.37,1777598.03,0.7701
2012,PER,Peru,Agriculture,251521.39,225751.07,0.8975
2012,PER,Peru,Peace and Security,1563585.65,726398.44,0.4646
2012,GTM,Guatemala,Health,4925847.76,4186448.71,0.8499
2012,GTM,Guatemala,Humanitarian,7722107.66,7389766.62,0.957
2012,GTM,Guatemala,Education,358713.33,324495.32,0.9046
2012,GTM,Guatemala,Economic Development,84451.0,76103.18,0.9012
2012,GTM,Guatemala,Agriculture,2709017.77,2031885.68,0.75
2012,SLV,El Salvador,Education,512774.38,463147.34,0.9032
2012,SLV,El Salvador,Economic Development,2291519.56,1965303.5,0.8576
2012,SLV,El Salvador,Governance,73922.66,68579.7,0.9277
2012,SLV,El Salvador,Agriculture,389021.96,308418.81,0.7928
2012,SLV,El Salvador,Peace and Security,369569.31,188176.66,0.5092
2012,MEX,Mexico,Health,204042.77,204042.77,1.0
2012,MEX,Mexico,Humanitarian,454401.31,385360.54,0.8481
2012,MEX,Mexico,Education,239711.57,191727.76,0.7998
2012,MEX,Mexico,Economic Development,10882566.72,9108319.22,0.837
2012,MEX,Mexico,Governance,1491632.33,1491632.33,1.0
2012,MEX,Mexico,Agriculture,35246279.81,28908903.13,0.8202
2012,MEX,Mexico,Peace and Security,299595.92,238073.14,0.7946
2012,PSE,West Bank and Gaza,Health,167283.46,94297.94,0.5637
2012,PSE,West Bank and Gaza,Humanitarian,149864.99,130891.65,0.8734
2012,PSE,West Bank and Gaza,Education,270045.74,225096.79,0.8336
2012,PSE,West Bank and Gaza,Economic Development,323513.92,269713.04,0.8337
2012,PSE,West Bank and Gaza,Governance,173688.59,115929.39,0.6675
2012,PSE,West Bank and Gaza,Peace and Security,2982600.78,2982600.78,1.0
2012,LBN,Lebanon,Health,1780012.89,1499684.81,0.8425
2012,LBN,Lebanon,Humanitarian,674189.18,590485.34,0.8758
2012,LBN,Lebanon,Education,574908.69,574908.69,1.0
2012,LBN,Lebanon,Economic Development,580472.07,437605.4,0.7539
2012,LBN,Lebanon,Governance,4986956.08,3931726.05,0.7884
2012,LBN,Lebanon,Agriculture,1199687.99,1083677.9,0.9033
2012,SYR,Syria,Humanitarian,50000.0,45527.23,0.9105
2012,SYR,Syria,Economic Development,163201.36,120490.1,0.7383
2012,SYR,Syria,Governance,1018023.97,717071.29,0.7044
2012,SYR,Syria,Peace and Security,50000.0,50000.0,1.0
2012,TUR,Turkey,Health,298110.63,250128.11,0.839
2012,TUR,Turkey,Humanitarian,719571.3,374324.69,0.5202
2012,TUR,Turkey,Education,2885100.66,2836756.16,0.9832
2012,TUR,Turkey,Economic Development,180502.88,170064.7,0.9422
2012,TUR,Turkey,Governance,736380.39,665650.74,0.9039
2012,TUR,Turkey,Agriculture,1473640.47,828154.14,0.562
2012,TUR,Turkey,Peace and Security,87288.78,65225.15,0.7472
2012,GEO,Georgia,Health,1360933.89,1250113.96,0.9186
2012,GEO,Georgia,Humanitarian,1088694.48,962201.93,0.8838
2012,GEO,Georgia,Economic Development,50000.0,26880.55,0.5376
2012,GEO,Georgia,Governance,431530.59,348475.61,0.8075
2012,GEO,Georgia,Agriculture,427006.18,298843.51,0.6999
2012,GEO,Georgia,Peace and Security,58137.34,56787.81,0.9768
2012,MDA,Moldova,Humanitarian,406257.36,357371.32,0.8797
2012,MDA,Moldova,Education,273677.54,231597.34,0.8462
2012,MDA,Moldova,Agriculture,536612.51,393797.08,0.7339
2012,MDA,Moldova,Peace and Security,1593134.44,1352058.38,0.8487
2012,KOS,Kosovo,Health,1590145.47,1436329.48,0.9033
2012,KOS,Kosovo,Humanitarian,332817.07,213182.57,0.6405
2012,KOS,Kosovo,Peace and Security,275919.48,210998.46,0.7647
2012,LBR,Liberia,Health,961219.28,695892.26,0.724
2012,LBR,Liberia,Education,1306166.38,1093166.62,0.8369
2012,LBR,Liberia,Governance,4268088.38,3592707.53,0.8418
2012,LBR,Liberia,Agriculture,838024.02,560577.02,0.6689
2012,LBR,Liberia,Peace and Security,389168.62,367018.34,0.9431
2012,SLE,Sierra Leone,Health,1961578.42,1961578.42,1.0
2012,SLE,Sierra Leone,Education,965446.25,783988.58,0.812
2012,SLE,Sierra Leone,Economic Development,270155.63,241105.84,0.8925
2012,SLE,Sierra Leone,Agriculture,418549.67,361868.52,0.8646
2012,SLE,Sierra Leone,Peace and Security,278124.43,200971.17,0.7226
2012,COD,DR Congo,Health,267504.75,223600.54,0.8359
2012,COD,DR Congo,Humanitarian,1340936.98,1104593.9,0.8237
2012,COD,DR Congo,Economic Development,329853.28,249912.81,0.7576
2012,COD,DR Congo,Governance,1584813.2,1094114.49,0.6904
2012,COD,DR Congo,Agriculture,412950.74,301087.08,0.7291
2012,COD,DR Congo,Peace and Security,1444106.21,1327551.1,0.9193
2012,RWA,Rwanda,Humanitarian,712867.47,643023.43,0.902
2012,RWA,Rwanda,Economic Development,283655.7,257889.65,0.9092
2012,RWA,Rwanda,Governance,117313.58,87460.45,0.7455
2012,RWA,Rwanda,Agriculture,173496.7,145920.27,0.8411
2012,ZMB,Zambia,Health,511246.03,392538.54,0.7678
2012,ZMB,Zambia,Humanitarian,411668.37,380865.17,0.9252
2012,ZMB,Zambia,Education,113782.02,113782.02,1.0
2012,ZMB,Zambia,Economic Development,156844.51,131402.65,0.8378
2012,ZMB,Zambia,Peace and Security,493497.18,374832.67,0.7595
2012,ZWE,Zimbabwe,Health,1022511.64,773853.36,0.7568
2012,ZWE,Zimbabwe,Humanitarian,1037534.61,931836.1,0.8981
2012,ZWE,Zimbabwe,Education,2562544.2,2000827.37,0.7808
2012,ZWE,Zimbabwe,Economic Development,825818.38,399433.26,0.4837
2012,ZWE,Zimbabwe,Agriculture,333630.11,326064.51,0.9773
2012,ZWE,Zimbabwe,Peace and Security,625849.45,482895.48,0.7716
2012,MMR,Burma,Health,243919.22,187721.34,0.7696
2012,MMR,Burma,Education,6134143.61,4872022.89,0.7942
2012,MMR,Burma,Agriculture,448511.37,448511.37,1.0
2012,KHM,Cambodia,Health,307915.03,204967.81,0.6657
2012,KHM,Cambodia,Humanitarian,183431.68,166909.35,0.9099
2012,KHM,Cambodia,Economic Development,219907.84,141487.11,0.6434
2012,KHM,Cambodia,Governance,109950.92,68692.24,0.6248
2012,NPL,Nepal,Health,530086.13,390844.34,0.7373
2012,NPL,Nepal,Humanitarian,1066772.37,836076.38,0.7837
2012,NPL,Nepal,Education,1981770.54,1638774.62,0.8269
2012,NPL,Nepal,Economic Development,291087.88,240003.32,0.8245
2012,NPL,Nepal,Agriculture,84947.68,74519.31,0.8772
2012,NPL,Nepal,Peace and Security,116606.57,75993.84,0.6517
2012,LKA,Sri Lanka,Health,1515665.83,1090934.1,0.7198
2012,LKA,Sri Lanka,Humanitarian,142112.39,115520.23,0.8129
2012,LKA,Sri Lanka,Education,11156639.26,7265198.0,0.6512
2012,LKA,Sri Lanka,Governance,749108.46,695633.15,0.9286
2012,LKA,Sri Lanka,Agriculture,891462.25,709319.32,0.7957
2012,LKA,Sri Lanka,Peace and Security,647505.86,626822.31,0.9681
2012,MAR,Morocco,Health,301989.7,201145.3,0.6661
2012,MAR,Morocco,Humanitarian,210191.07,200848.65,0.9556
2012,MAR,Morocco,Education,2684543.72,1808684.57,0.6737
2012,MAR,Morocco,Governance,914974.66,893809.61,0.9769
2012,MAR,Morocco,Peace and Security,453899.77,261900.23,0.577
2012,TUN,Tunisia,Economic Development,1065652.21,1040825.68,0.9767
2012,TUN,Tunisia,Governance,590012.25,502400.66,0.8515
2012,TUN,Tunisia,Agriculture,497346.65,340657.85,0.685
2012,TUN,Tunisia,Peace and Security,878155.09,761460.03,0.8671
2012,SEN,Senegal,Health,535430.76,325546.63,0.608
2012,SEN,Senegal,Humanitarian,408139.18,312754.83,0.7663
2012,SEN,Senegal,Governance,4465017.4,3337478.36,0.7475
2012,SEN,Senegal,Agriculture,120859.42,100982.76,0.8355
2012,MLI,Mali,Health,1082699.71,636191.25,0.5876
2012,MLI,Mali,Humanitarian,206967.18,172689.54,0.8344
2012,MLI,Mali,Economic Development,347947.18,235884.9,0.6779
2012,MLI,Mali,Governance,244113.29,213513.13,0.8746
2012,MLI,Mali,Agriculture,2714492.51,1884253.27,0.6941
2012,MLI,Mali,Peace and Security,318251.51,282334.15,0.8871
2013,AFG,Afghanistan,Health,1203924.31,987844.43,0.8205
2013,AFG,Afghanistan,Humanitarian,1193328.78,1078594.81,0.9039
2013,EGY,Egypt,Health,424634.35,424634.35,1.0
2013,EGY,Egypt,Humanitarian,572538.85,485986.14,0.8488
2013,EGY,Egypt,Education,983752.93,686279.33,0.6976
2013,EGY,Egypt,Economic Development,3854290.63,3156445.87,0.8189
2013,EGY,Egypt,Governance,1013610.76,633376.02,0.6249
2013,EGY,Egypt,Peace and Security,1263727.24,990155.24,0.7835
2013,ETH,Ethiopia,Health,456890.81,322584.6,0.706
2013,ETH,Ethiopia,Humanitarian,234616.97,173551.92,0.7397
2013,ETH,Ethiopia,Governance,460632.91,350012.09,0.7599
2013,ETH,Ethiopia,Peace and Security,900946.81,590485.12,0.6554
2013,JOR,Jordan,Health,1302480.34,963754.78,0.7399
2013,JOR,Jordan,Humanitarian,522229.65,462175.26,0.885
2013,JOR,Jordan,Education,457445.92,326765.45,0.7143
2013,JOR,Jordan,Economic Development,180936.71,180936.71,1.0
2013,JOR,Jordan,Governance,415012.94,380539.45,0.9169
2013,JOR,Jordan,Agriculture,599666.46,487851.57,0.8135
2013,KEN,Kenya,Health,236993.88,227319.51,0.9592
2013,KEN,Kenya,Education,318273.01,288285.44,0.9058
2013,KEN,Kenya,Economic Development,181800.59,161334.81,0.8874
2013,KEN,Kenya,Governance,378155.8,333570.74,0.8821
2013,KEN,Kenya,Agriculture,1440570.89,1220330.67,0.8471
2013,KEN,Kenya,Peace and Security,3530608.12,3264236.07,0.9246
2013,NGA,Nigeria,Health,97432.23,76644.74,0.7866
2013,NGA,Nigeria,Economic Development,57346.73,47166.99,0.8225
2013,NGA,Nigeria,Governance,2270372.6,1826567.79,0.8045
2013,NGA,Nigeria,Agriculture,515118.91,341934.47,0.6638
2013,PAK,Pakistan,Humanitarian,2591768.03,1877754.45,0.7245
2013,PAK,Pakistan,Education,306896.9,262169.04,0.8543
2013,PAK,Pakistan,Economic Development,8285278.26,8076383.16,0.9748
2013,PAK,Pakistan,Governance,118045.18,65531.56,0.5551
2013,PAK,Pakistan,Agriculture,411145.07,411145.07,1.0
2013,PAK,Pakistan,Peace and Security,291302.18,282051.04,0.9682
2013,SOM,Somalia,Humanitarian,2259869.68,1944590.77,0.8605
2013,SOM,Somalia,Education,135721.73,109243.84,0.8049
2013,SOM,Somalia,Governance,81267.27,72121.46,0.8875
2013,SOM,Somalia,Agriculture,4606692.83,3528782.51,0.766
2013,SOM,Somalia,Peace and Security,4811204.06,3088646.44,0.642
2013,SSD,South Sudan,Health,7545411.1,5923708.29,0.7851
2013,SSD,South Sudan,Economic Development,2567803.39,2140206.23,0.8335
2013,SSD,South Sudan,Governance,517678.59,443755.7,0.8572
2013,SSD,South Sudan,Agriculture,633721.56,633721.56,1.0
2013,SSD,South Sudan,Peace and Security,1010010.68,1010010.68,1.0
2013,SDN,Sudan,Health,798837.68,568518.51,0.7117
2013,SDN,Sudan,Humanitarian,449507.75,385725.84,0.8581
2013,SDN,Sudan,Education,97542.14,71151.62,0.7294
2013,SDN,Sudan,Governance,104250.21,80827.27,0.7753
2013,SDN,Sudan,Agriculture,278452.38,278452.38,1.0
2013,UGA,Uganda,Health,270434.22,181606.13,0.6715
2013,UGA,Uganda,Education,390460.02,390460.02,1.0
2013,UGA,Uganda,Economic Development,901808.67,887912.17,0.9846
2013,UGA,Uganda,Governance,1171205.09,728935.04,0.6224
2013,UGA,Uganda,Agriculture,3064198.73,2511213.2,0.8195
2013,UGA,Uganda,Peace and Security,239038.56,204496.99,0.8555
2013,UKR,Ukraine,Health,435841.39,349937.28,0.8029
2013,UKR,Ukraine,Humanitarian,1422529.24,880860.98,0.6192
2013,UKR,Ukraine,Education,241543.01,212790.36,0.881
2013,UKR,Ukraine,Governance,2469781.14,1725018.24,0.6984
2013,UKR,Ukraine,Agriculture,168829.3,139677.6,0.8273
2013,UKR,Ukraine,Peace and Security,428294.73,287510.15,0.6713
2013,COL,Colombia,Health,323288.32,289111.44,0.8943
2013,COL,Colombia,Humanitarian,2124555.65,1802658.84,0.8485
2013,COL,Colombia,Education,441172.28,284377.63,0.6446
2013,COL,Colombia,Governance,524202.05,458438.03,0.8745
2013,COL,Colombia,Peace and Security,281531.14,222066.21,0.7888
2013,HTI,Haiti,Education,1153626.83,1153626.83,1.0
2013,HTI,Haiti,Economic Development,351766.48,293060.32,0.8331
2013,HTI,Haiti,Peace and Security,1564525.95,1239883.94,0.7925
2013,IRQ,Iraq,Health,47674232.86,44028492.85,0.9235
2013,IRQ,Iraq,Humanitarian,4500103.32,4233911.94,0.9408
2013,IRQ,Iraq,Education,1241943.68,879647.01,0.7083
2013,IRQ,Iraq,Economic Development,88700.9,77396.39,0.8726
2013,IRQ,Iraq,Governance,86712.83,86712.83,1.0
2013,IRQ,Iraq,Agriculture,1863744.23,1408849.23,0.7559
2013,YEM,Yemen,Health,10260305.92,9725377.18,0.9479
2013,YEM,Yemen,Humanitarian,1376800.55,1248766.4,0.907
2013,YEM,Yemen,Agriculture,460755.29,300819.59,0.6529
2013,BGD,Bangladesh,Health,317206.28,274409.74,0.8651
2013,BGD,Bangladesh,Humanitarian,164113.93,116750.18,0.7114
2013,BGD,Bangladesh,Education,393411.38,310976.15,0.7905
2013,BGD,Bangladesh,Economic Development,154284.46,88144.56,0.5713
2013,BGD,Bangladesh,Peace and Security,11218731.85,11218731.85,1.0
2013,IND,India,Health,1697904.91,1422525.88,0.8378
2013,IND,India,Humanitarian,271166.3,199468.73,0.7356
2013,IND,India,Peace and Security,462980.08,442503.25,0.9558
2013,IDN,Indonesia,Health,1728424.79,1400020.91,0.81
2013,IDN,Indonesia,Humanitarian,545826.08,460305.87,0.8433
2013,IDN,Indonesia,Education,111670.13,111670.13,1.0
2013,IDN,Indonesia,Economic Development,65776.74,35823.99,0.5446
2013,IDN,Indonesia,Governance,272709.12,270412.69,0.9916
2013,IDN,Indonesia,Agriculture,385101.99,230239.06,0.5979
2013,IDN,Indonesia,Peace and Security,867338.47,749530.83,0.8642
2013,PHL,Philippines,Health,3941258.02,3750239.55,0.9515
2013,PHL,Philippines,Humanitarian,117948.08,82071.54,0.6958
2013,PHL,Philippines,Education,4775347.79,3825983.92,0.8012
2013,PHL,Philippines,Governance,6154755.78,4648840.41,0.7553
2013,PHL,Philippines,Agriculture,810496.61,653319.73,0.8061
2013,PHL,Philippines,Peace and Security,1679697.93,1231333.56,0.7331
2013,VNM,Vietnam,Health,740045.59,619180.03,0.8367
2013,VNM,Vietnam,Humanitarian,256374.49,216714.75,0.8453
2013,VNM,Vietnam,Education,584888.76,531689.72,0.909
2013,VNM,Vietnam,Governance,1851373.79,1803157.46,0.974
2013,VNM,Vietnam,Agriculture,103298.38,84711.54,0.8201
2013,GHA,Ghana,Health,269949.81,211204.25,0.7824
2013,GHA,Ghana,Humanitarian,461074.88,398147.31,0.8635
2013,GHA,Ghana,Education,3346390.68,3002036.95,0.8971
2013,GHA,Ghana,Governance,967092.47,967092.47,1.0
2013,TZA,Tanzania,Health,50000.0,45907.8,0.9182
2013,TZA,Tanzania,Humanitarian,171038.82,136586.44,0.7986
2013,TZA,Tanzania,Education,1133342.38,904899.79,0.7984
2013,TZA,Tanzania,Economic Development,3029826.95,2513152.11,0.8295
2013,MOZ,Mozambique,Health,285059.59,198643.43,0.6968
2013,MOZ,Mozambique,Humanitarian,609026.61,500608.65,0.822
2013,MOZ,Mozambique,Education,134796.49,114539.58,0.8497
2013,MOZ,Mozambique,Economic Development,397636.11,356963.41,0.8977
2013,MOZ,Mozambique,Governance,125979.71,116950.64,0.9283
2013,MOZ,Mozambique,Agriculture,490082.15,490082.15,1.0
2013,MOZ,Mozambique,Peace and Security,199844.35,175391.66,0.8776
2013,MWI,Malawi,Humanitarian,1827239.57,1417336.45,0.7757
2013,MWI,Malawi,Education,1070100.6,1070100.6,1.0
2013,MWI,Malawi,Economic Development,122976.18,70551.11,0.5737
2013,MWI,Malawi,Governance,88498.29,71114.31,0.8036
2013,MWI,Malawi,Agriculture,335866.02,237889.68,0.7083
2013,PER,Peru,Health,746427.15,703560.78,0.9426
2013,PER,Peru,Humanitarian,190186.0,190186.0,1.0
2013,PER,Peru,Education,164935.92,130873.13,0.7935
2013,PER,Peru,Economic Development,132214.98,102390.04,0.7744
2013,PER,Peru,Governance,557304.7,496792.72,0.8914
2013,PER,Peru,Agriculture,96387.96,88910.91,0.9224
2013,PER,Peru,Peace and Security,2391665.56,2062778.79,0.8625
2013,GTM,Guatemala,Health,1069276.87,748439.38,0.6999
2013,GTM,Guatemala,Humanitarian,2427384.09,2427384.09,1.0
2013,GTM,Guatemala,Education,1294044.97,1115516.82,0.862
2013,GTM,Guatemala,Economic Development,50000.0,38847.48,0.7769
2013,GTM,Guatemala,Governance,987364.63,722681.89,0.7319
2013,GTM,Guatemala,Agriculture,2090529.46,1742673.61,0.8336
2013,GTM,Guatemala,Peace and Security,371695.82,313009.13,0.8421
2013,SLV,El Salvador,Health,3337056.6,2559475.81,0.767
2013,SLV,El Salvador,Humanitarian,222056.41,210163.01,0.9464
2013,SLV,El Salvador,Education,806835.59,713564.34,0.8844
2013,SLV,El Salvador,Economic Development,490453.08,341715.98,0.6967
2013,SLV,El Salvador,Governance,654485.7,571617.94,0.8734
2013,SLV,El Salvador,Agriculture,347102.27,344851.45,0.9935
2013,SLV,El Salvador,Peace and Security,736818.7,579019.59,0.7858
2013,MEX,Mexico,Humanitarian,300862.23,217823.12,0.724
2013,MEX,Mexico,Economic Development,348588.17,315650.47,0.9055
2013,MEX,Mexico,Agriculture,1516128.3,941634.23,0.6211
2013,MEX,Mexico,Peace and Security,182949.41,181241.05,0.9907
2013,PSE,West Bank and Gaza,Health,1016970.64,1016970.64,1.0
2013,PSE,West Bank and Gaza,Humanitarian,618612.11,541334.63,0.8751
2013,PSE,West Bank and Gaza,Education,2477132.08,2291818.08,0.9252
2013,PSE,West Bank and Gaza,Governance,378857.1,296059.26,0.7815
2013,PSE,West Bank and Gaza,Agriculture,82450.35,71675.42,0.8693
2013,LBN,Lebanon,Humanitarian,316663.3,262639.48,0.8294
2013,LBN,Lebanon,Education,830512.31,830512.31,1.0
2013,LBN,Lebanon,Economic Development,866735.66,787930.39,0.9091
2013,LBN,Lebanon,Peace and Security,282395.63,257229.94,0.9109
2013,SYR,Syria,Health,262616.45,231679.3,0.8822
2013,SYR,Syria,Education,752051.51,660756.39,0.8786
2013,SYR,Syria,Economic Development,145249.05,120604.47,0.8303
2013,SYR,Syria,Peace and Security,93865.35,83183.44,0.8862
2013,TUR,Turkey,Health,395525.93,319466.96,0.8077
2013,TUR,Turkey,Humanitarian,416088.59,349891.4,0.8409
2013,TUR,Turkey,Education,329414.85,240138.84,0.729
2013,TUR,Turkey,Economic Development,1430359.78,1106267.91,0.7734
2013,TUR,Turkey,Governance,425394.98,421158.14,0.99
2013,TUR,Turkey,Agriculture,251657.68,222006.91,0.8822
2013,TUR,Turkey,Peace and Security,469277.94,469277.94,1.0
2013,GEO,Georgia,Health,786855.3,594331.5,0.7553
2013,GEO,Georgia,Education,1822208.35,1690634.06,0.9278
2013,GEO,Georgia,Economic Development,84431.2,73291.27,0.8681
2013,GEO,Georgia,Governance,886039.18,827971.64,0.9345
2013,GEO,Georgia,Agriculture,722597.64,672141.55,0.9302
2013,MDA,Moldova,Education,129371.25,122018.6,0.9432
2013,MDA,Moldova,Economic Development,137778.72,113438.33,0.8233
2013,MDA,Moldova,Agriculture,2265572.22,2186522.32,0.9651
2013,MDA,Moldova,Peace and Security,244782.21,207744.33,0.8487
2013,KOS,Kosovo,Health,208786.28,159082.72,0.7619
2013,KOS,Kosovo,Education,714213.19,568405.67,0.7958
2013,KOS,Kosovo,Governance,562816.88,351024.81,0.6237
2013,KOS,Kosovo,Agriculture,75282.99,61250.3,0.8136
2013,KOS,Kosovo,Peace and Security,901712.92,770895.43,0.8549
2013,LBR,Liberia,Humanitarian,515998.35,434011.83,0.8411
2013,LBR,Liberia,Education,281865.86,275697.52,0.9781
2013,LBR,Liberia,Governance,406100.07,323981.92,0.7978
2013,LBR,Liberia,Agriculture,439503.45,381528.28,0.8681
2013,LBR,Liberia,Peace and Security,968049.54,956038.03,0.9876
2013,SLE,Sierra Leone,Health,3713962.53,2856946.38,0.7692
2013,SLE,Sierra Leone,Humanitarian,669236.64,527031.09,0.7875
2013,SLE,Sierra Leone,Education,3542692.33,2594193.25,0.7323
2013,SLE,Sierra Leone,Governance,605976.06,605976.06,1.0
2013,SLE,Sierra Leone,Agriculture,1252681.23,1068584.6,0.853
2013,SLE,Sierra Leone,Peace and Security,122600.17,103395.31,0.8434
2013,COD,DR Congo,Health,323306.97,275833.4,0.8532
2013,COD,DR Congo,Education,2425557.15,1619999.98,0.6679
2013,COD,DR Congo,Economic Development,3257029.23,2842517.08,0.8727
2013,COD,DR Congo,Agriculture,1471410.22,1471410.22,1.0
2013,RWA,Rwanda,Health,227868.71,179691.08,0.7886
2013,RWA,Rwanda,Humanitarian,527853.15,390973.01,0.7407
2013,RWA,Rwanda,Economic Development,449504.97,429163.74,0.9547
2013,RWA,Rwanda,Agriculture,1635266.59,1143293.28,0.6991
2013,ZMB,Zambia,Health,1177947.45,943686.3,0.8011
2013,ZMB,Zambia,Economic Development,768950.17,711745.87,0.9256
2013,ZMB,Zambia,Governance,354593.76,256223.71,0.7226
2013,ZMB,Zambia,Peace and Security,2194074.49,1806527.59,0.8234
2013,ZWE,Zimbabwe,Health,488866.5,373919.29,0.7649
2013,ZWE,Zimbabwe,Humanitarian,50000.0,31649.17,0.633
2013,ZWE,Zimbabwe,Education,938292.11,762791.95,0.813
2013,ZWE,Zimbabwe,Agriculture,2026384.12,1758588.93,0.8678
2013,ZWE,Zimbabwe,Peace and Security,3001788.76,1959684.33,0.6528
2013,MMR,Burma,Health,435271.77,378779.73,0.8702
2013,MMR,Burma,Humanitarian,50000.0,39334.95,0.7867
2013,MMR,Burma,Education,9948321.4,9799437.23,0.985
2013,MMR,Burma,Economic Development,159492.89,137580.78,0.8626
2013,MMR,Burma,Agriculture,835675.64,647235.61,0.7745
2013,MMR,Burma,Peace and Security,378590.38,285577.59,0.7543
2013,KHM,Cambodia,Health,1065607.27,837111.05,0.7856
2013,KHM,Cambodia,Humanitarian,673400.48,598726.17,0.8891
2013,KHM,Cambodia,Governance,154439.69,154439.69,1.0
2013,KHM,Cambodia,Peace and Security,2509317.89,1619756.66,0.6455
2013,NPL,Nepal,Education,144032.96,112870.81,0.7836
2013,NPL,Nepal,Governance,355123.59,355123.59,1.0
2013,NPL,Nepal,Agriculture,918476.86,729969.97,0.7948
2013,NPL,Nepal,Peace and Security,401590.21,290227.07,0.7227
2013,LKA,Sri Lanka,Health,123239.88,108998.17,0.8844
2013,LKA,Sri Lanka,Humanitarian,1561704.18,1200326.82,0.7686
2013,LKA,Sri Lanka,Education,862356.12,834395.49,0.9676
2013,LKA,Sri Lanka,Agriculture,109382.69,78455.66,0.7173
2013,LKA,Sri Lanka,Peace and Security,214516.98,160008.43,0.7459
2013,MAR,Morocco,Health,188002.28,135213.05,0.7192
2013,MAR,Morocco,Education,135557.23,135557.23,1.0
2013,MAR,Morocco,Governance,5078379.17,4633330.9,0.9124
2013,MAR,Morocco,Agriculture,1367075.57,1184260.49,0.8663
2013,MAR,Morocco,Peace and Security,74396.19,53086.95,0.7136
2013,TUN,Tunisia,Humanitarian,236116.61,221099.54,0.9364
2013,TUN,Tunisia,Economic Development,316000.59,263530.72,0.834
2013,TUN,Tunisia,Governance,540460.88,393684.72,0.7284
2013,TUN,Tunisia,Agriculture,533503.17,434740.4,0.8149
2013,TUN,Tunisia,Peace and Security,752357.41,527381.1,0.701
2013,SEN,Senegal,Humanitarian,153059.72,149136.33,0.9744
2013,SEN,Senegal,Economic Development,767586.36,683411.31,0.8903
2013,SEN,Senegal,Governance,76210.17,54682.14,0.7175
2013,SEN,Senegal,Peace and Security,714855.12,560476.49,0.784
2013,MLI,Mali,Health,293729.85,208858.02,0.7111
2013,MLI,Mali,Education,325635.21,258986.81,0.7953
2013,MLI,Mali,Agriculture,1051226.66,675334.16,0.6424
2013,MLI,Mali,Peace and Security,733392.76,585019.33,0.7977
2014,AFG,Afghanistan,Health,2841807.66,2175791.73,0.7656
2014,AFG,Afghanistan,Education,553345.6,552146.26,0.9978
2014,AFG,Afghanistan,Economic Development,835693.69,622209.94,0.7445
2014,AFG,Afghanistan,Governance,396836.45,294084.09,0.7411
2014,EGY,Egypt,Health,415505.37,295665.25,0.7116
2014,EGY,Egypt,Humanitarian,279400.49,213388.25,0.7637
2014,EGY,Egypt,Education,219874.21,131736.6,0.5991
2014,EGY,Egypt,Economic Development,1477563.42,972290.06,0.658
2014,EGY,Egypt,Agriculture,1097549.98,960279.96,0.8749
2014,ETH,Ethiopia,Health,230721.17,178280.8,0.7727
2014,ETH,Ethiopia,Humanitarian,921080.99,905795.45,0.9834
2014,ETH,Ethiopia,Education,2122555.13,1201503.3,0.5661
2014,ETH,Ethiopia,Economic Development,170535.47,170535.47,1.0
2014,ETH,Ethiopia,Agriculture,52111.08,43449.76,0.8338
2014,ETH,Ethiopia,Peace and Security,518702.87,256888.35,0.4953
2014,JOR,Jordan,Health,1367864.36,1337485.39,0.9778
2014,JOR,Jordan,Humanitarian,78338.29,62290.16,0.7951
2014,JOR,Jordan,Education,211953.73,188129.23,0.8876
2014,JOR,Jordan,Economic Development,601130.08,547424.64,0.9107
2014,JOR,Jordan,Peace and Security,801033.14,585869.04,0.7314
2014,KEN,Kenya,Health,397515.24,256564.99,0.6454
2014,KEN,Kenya,Humanitarian,751232.02,608135.15,0.8095
2014,KEN,Kenya,Economic Development,379227.49,307848.04,0.8118
2014,KEN,Kenya,Governance,130213.73,116015.76,0.891
2014,KEN,Kenya,Agriculture,301670.0,242245.66,0.803
2014,NGA,Nigeria,Health,1502011.06,1107735.33,0.7375
2014,NGA,Nigeria,Education,285965.28,220888.04,0.7724
2014,NGA,Nigeria,Economic Development,1226860.55,1068618.47,0.871
2014,NGA,Nigeria,Peace and Security,615851.64,576354.8,0.9359
2014,PAK,Pakistan,Health,1258544.15,1021892.07,0.812
2014,PAK,Pakistan,Economic Development,844091.26,737073.0,0.8732
2014,PAK,Pakistan,Governance,318915.98,318915.98,1.0
2014,PAK,Pakistan,Peace and Security,509384.63,348562.41,0.6843
2014,SOM,Somalia,Health,240712.93,187453.94,0.7787
2014,SOM,Somalia,Humanitarian,1376726.22,934189.28,0.6786
2014,SOM,Somalia,Education,2925282.52,2712190.92,0.9272
2014,SOM,Somalia,Economic Development,50000.0,46071.98,0.9214
2014,SOM,Somalia,Governance,275541.36,268289.16,0.9737
2014,SOM,Somalia,Agriculture,611788.9,425451.85,0.6954
2014,SOM,Somalia,Peace and Security,329455.05,250247.48,0.7596
2014,SSD,South Sudan,Health,691486.97,442924.62,0.6405
2014,SSD,South Sudan,Economic Development,343889.71,284210.31,0.8265
2014,SSD,South Sudan,Governance,623106.88,559544.37,0.898
2014,SSD,South Sudan,Agriculture,5914433.46,4344594.87,0.7346
2014,SSD,South Sudan,Peace and Security,5200027.72,5200027.72,1.0
2014,SDN,Sudan,Health,435683.53,301166.49,0.6913
2014,SDN,Sudan,Humanitarian,659428.38,473771.07,0.7185
2014,SDN,Sudan,Education,2613138.82,2357809.21,0.9023
2014,SDN,Sudan,Economic Development,2050428.27,1789756.1,0.8729
2014,SDN,Sudan,Peace and Security,1450666.47,1373171.24,0.9466
2014,UGA,Uganda,Health,1304599.17,1260018.22,0.9658
2014,UGA,Uganda,Humanitarian,121717.08,121717.08,1.0
2014,UGA,Uganda,Education,325928.38,276417.23,0.8481
2014,UGA,Uganda,Economic Development,76053.67,60688.5,0.798
2014,UGA,Uganda,Governance,682277.75,550521.87,0.8069
2014,UGA,Uganda,Agriculture,470689.57,407092.13,0.8649
2014,UKR,Ukraine,Health,108335.97,101711.58,0.9389
2014,UKR,Ukraine,Humanitarian,276440.87,233594.08,0.845
2014,UKR,Ukraine,Education,234976.55,199712.36,0.8499
2014,UKR,Ukraine,Economic Development,959761.8,926945.43,0.9658
2014,UKR,Ukraine,Agriculture,266501.77,266501.77,1.0
2014,UKR,Ukraine,Peace and Security,2118357.42,1676305.32,0.7913
2014,COL,Colombia,Health,478256.45,301645.31,0.6307
2014,COL,Colombia,Education,464416.05,412298.42,0.8878
2014,COL,Colombia,Economic Development,464380.43,398757.08,0.8587
2014,COL,Colombia,Governance,6939322.04,5677721.85,0.8182
2014,COL,Colombia,Agriculture,252556.69,167329.76,0.6625
2014,HTI,Haiti,Health,63621.6,62914.76,0.9889
2014,HTI,Haiti,Humanitarian,385585.2,262861.27,0.6817
2014,HTI,Haiti,Education,555514.39,530799.25,0.9555
2014,HTI,Haiti,Economic Development,350972.63,285684.91,0.814
2014,HTI,Haiti,Governance,264431.46,162518.35,0.6146
2014,HTI,Haiti,Peace and Security,418840.61,393800.51,0.9402
2014,IRQ,Iraq,Health,3893391.51,3378719.54,0.8678
2014,IRQ,Iraq,Humanitarian,474674.59,359421.8,0.7572
2014,IRQ,Iraq,Education,159072.96,122598.36,0.7707
2014,IRQ,Iraq,Governance,273957.78,250446.36,0.9142
2014,IRQ,Iraq,Agriculture,132966.53,112855.85,0.8488
2014,YEM,Yemen,Humanitarian,218176.34,204236.3,0.9361
2014,YEM,Yemen,Governance,314221.77,275843.66,0.8779
2014,YEM,Yemen,Agriculture,117504.59,86516.43,0.7363
2014,YEM,Yemen,Peace and Security,602986.48,571343.49,0.9475
2014,BGD,Bangladesh,Health,422499.17,366747.95,0.868
2014,BGD,Bangladesh,Humanitarian,724618.03,559153.45,0.7717
2014,BGD,Bangladesh,Education,1975338.99,1292144.56,0.6541
2014,BGD,Bangladesh,Economic Development,338330.46,239544.72,0.708
2014,BGD,Bangladesh,Agriculture,205599.43,175401.34,0.8531
2014,BGD,Bangladesh,Peace and Security,2266345.11,2087395.22,0.921
2014,IND,India,Humanitarian,50000.0,37303.52,0.7461
2014,IND,India,Education,772699.83,586308.79,0.7588
2014,IND,India,Economic Development,647854.66,411533.68,0.6352
2014,IND,India,Agriculture,738677.37,702090.18,0.9505
2014,IDN,Indonesia,Health,3569446.84,2810648.07,0.7874
2014,IDN,Indonesia,Humanitarian,764259.66,648617.04,0.8487
2014,IDN,Indonesia,Education,419471.55,333985.79,0.7962
2014,IDN,Indonesia,Governance,970684.22,658140.31,0.678
2014,IDN,Indonesia,Agriculture,2209962.87,2054023.56,0.9294
2014,IDN,Indonesia,Peace and Security,302788.2,226545.51,0.7482
2014,PHL,Philippines,Health,2805252.56,2319698.98,0.8269
2014,PHL,Philippines,Education,2185596.47,1534197.2,0.702
2014,PHL,Philippines,Agriculture,1062193.35,752024.77,0.708
2014,VNM,Vietnam,Health,99432.03,70676.55,0.7108
2014,VNM,Vietnam,Humanitarian,1350722.17,1334109.14,0.9877
2014,VNM,Vietnam,Education,395122.44,334849.18,0.8475
2014,VNM,Vietnam,Economic Development,399507.06,368427.93,0.9222
2014,VNM,Vietnam,Governance,498763.94,375671.34,0.7532
2014,VNM,Vietnam,Agriculture,271708.33,227245.49,0.8364
2014,VNM,Vietnam,Peace and Security,277765.4,231418.06,0.8331
2014,GHA,Ghana,Health,1014757.58,842214.27,0.83
2014,GHA,Ghana,Education,1724602.73,1296605.91,0.7518
2014,GHA,Ghana,Economic Development,558669.89,407919.17,0.7302
2014,GHA,Ghana,Governance,402424.66,331290.17,0.8232
2014,GHA,Ghana,Agriculture,1143334.02,1089574.36,0.953
2014,TZA,Tanzania,Humanitarian,731179.02,457450.43,0.6256
2014,TZA,Tanzania,Education,6136921.28,6090087.99,0.9924
2014,TZA,Tanzania,Governance,711639.53,620499.24,0.8719
2014,TZA,Tanzania,Agriculture,772320.3,549498.41,0.7115
2014,MOZ,Mozambique,Health,367227.95,318050.76,0.8661
2014,MOZ,Mozambique,Humanitarian,398866.93,307067.6,0.7698
2014,MOZ,Mozambique,Education,1577311.83,1340355.99,0.8498
2014,MOZ,Mozambique,Economic Development,104776.48,81508.51,0.7779
2014,MOZ,Mozambique,Governance,203702.28,156732.37,0.7694
2014,MWI,Malawi,Humanitarian,1111682.25,1059450.28,0.953
2014,MWI,Malawi,Economic Development,696678.4,561337.19,0.8057
2014,MWI,Malawi,Agriculture,275150.94,238053.95,0.8652
2014,PER,Peru,Education,113183.9,82189.42,0.7262
2014,PER,Peru,Governance,614875.52,416427.4,0.6773
2014,PER,Peru,Agriculture,158180.79,146400.27,0.9255
2014,PER,Peru,Peace and Security,1716503.08,1390468.26,0.8101
2014,GTM,Guatemala,Health,1042136.48,929890.49,0.8923
2014,GTM,Guatemala,Humanitarian,165411.17,126695.88,0.7659
2014,GTM,Guatemala,Governance,2986867.07,2956931.14,0.99
2014,GTM,Guatemala,Agriculture,1626549.79,1379574.63,0.8482
2014,SLV,El Salvador,Health,11352283.49,9833440.8,0.8662
2014,SLV,El Salvador,Education,673887.55,577972.49,0.8577
2014,SLV,El Salvador,Economic Development,1597102.77,1336104.35,0.8366
2014,SLV,El Salvador,Governance,420563.63,255397.74,0.6073
2014,SLV,El Salvador,Agriculture,2066685.73,1377907.33,0.6667
2014,SLV,El Salvador,Peace and Security,382993.02,302769.96,0.7905
2014,MEX,Mexico,Health,4073822.4,3835084.49,0.9414
2014,MEX,Mexico,Education,820435.37,820435.37,1.0
2014,MEX,Mexico,Economic Development,2038900.75,1441722.05,0.7071
2014,MEX,Mexico,Governance,96347.39,96347.39,1.0
2014,MEX,Mexico,Agriculture,50000.0,29914.11,0.5983
2014,PSE,West Bank and Gaza,Health,3243921.76,2538966.23,0.7827
2014,PSE,West Bank and Gaza,Humanitarian,5434000.14,4694310.31,0.8639
2014,PSE,West Bank and Gaza,Education,449765.86,298007.95,0.6626
2014,PSE,West Bank and Gaza,Economic Development,784465.84,627047.69,0.7993
2014,PSE,West Bank and Gaza,Governance,522019.71,376694.3,0.7216
2014,PSE,West Bank and Gaza,Agriculture,406490.68,352112.05,0.8662
2014,PSE,West Bank and Gaza,Peace and Security,1268097.89,1018101.54,0.8029
2014,LBN,Lebanon,Economic Development,11485262.71,8467429.67,0.7372
2014,LBN,Lebanon,Governance,309778.77,235510.3,0.7603
2014,LBN,Lebanon,Agriculture,296677.83,227645.91,0.7673
2014,LBN,Lebanon,Peace and Security,184342.07,125036.4,0.6783
2014,SYR,Syria,Health,114882.87,79233.07,0.6897
2014,SYR,Syria,Humanitarian,2749693.19,1691522.17,0.6152
2014,SYR,Syria,Education,613886.69,527188.2,0.8588
2014,SYR,Syria,Governance,175847.26,159633.96,0.9078
2014,SYR,Syria,Peace and Security,468818.53,381627.6,0.814
2014,TUR,Turkey,Health,462139.82,391052.51,0.8462
2014,TUR,Turkey,Humanitarian,265408.12,231966.76,0.874
2014,TUR,Turkey,Education,223821.28,200678.92,0.8966
2014,TUR,Turkey,Economic Development,523986.05,380708.8,0.7266
2014,TUR,Turkey,Agriculture,205126.31,129759.89,0.6326
2014,TUR,Turkey,Peace and Security,180361.0,120072.23,0.6657
2014,GEO,Georgia,Health,1396911.62,1285847.67,0.9205
2014,GEO,Georgia,Humanitarian,1242424.8,944215.83,0.76
2014,GEO,Georgia,Governance,136484.95,131615.42,0.9643
2014,GEO,Georgia,Peace and Security,367494.16,301803.14,0.8212
2014,MDA,Moldova,Health,1386001.93,1143278.79,0.8249
2014,MDA,Moldova,Humanitarian,93430.86,72937.5,0.7807
2014,MDA,Moldova,Education,4069148.66,4004565.25,0.9841
2014,MDA,Moldova,Economic Development,1878000.17,1878000.17,1.0
2014,MDA,Moldova,Agriculture,412399.34,220262.38,0.5341
2014,MDA,Moldova,Peace and Security,124963.77,101895.57,0.8154
2014,KOS,Kosovo,Health,179468.62,140401.64,0.7823
2014,KOS,Kosovo,Humanitarian,434999.09,345702.46,0.7947
2014,KOS,Kosovo,Economic Development,1293493.88,1095534.74,0.847
2014,KOS,Kosovo,Governance,379786.96,321987.4,0.8478
2014,KOS,Kosovo,Agriculture,1127412.95,811334.88,0.7196
2014,KOS,Kosovo,Peace and Security,457672.44,457672.44,1.0
2014,LBR,Liberia,Humanitarian,1180723.25,896321.36,0.7591
2014,LBR,Liberia,Economic Development,729947.74,593655.12,0.8133
2014,LBR,Liberia,Governance,2465671.31,1940403.99,0.787
2014,LBR,Liberia,Peace and Security,79884.04,59702.02,0.7474
2014,SLE,Sierra Leone,Humanitarian,1405981.46,1039468.89,0.7393
2014,SLE,Sierra Leone,Education,328848.81,226313.25,0.6882
2014,SLE,Sierra Leone,Economic Development,635767.48,485868.73,0.7642
2014,SLE,Sierra Leone,Governance,1709781.2,1709781.2,1.0
2014,SLE,Sierra Leone,Agriculture,1184890.22,932177.86,0.7867
2014,SLE,Sierra Leone,Peace and Security,2253486.3,1943165.63,0.8623
2014,COD,DR Congo,Health,775491.12,617000.31,0.7956
2014,COD,DR Congo,Humanitarian,3972007.22,3666298.25,0.923
2014,COD,DR Congo,Education,1564270.97,1516300.94,0.9693
2014,COD,DR Congo,Agriculture,1081280.84,848297.46,0.7845
2014,RWA,Rwanda,Health,2429564.79,1876057.69,0.7722
2014,RWA,Rwanda,Economic Development,1512013.29,1217167.84,0.805
2014,RWA,Rwanda,Governance,516042.91,374090.16,0.7249
2014,RWA,Rwanda,Agriculture,1057104.58,986115.73,0.9328
2014,RWA,Rwanda,Peace and Security,703301.55,508313.79,0.7228
2014,ZMB,Zambia,Humanitarian,692185.99,549551.78,0.7939
2014,ZMB,Zambia,Education,1647174.72,1647174.72,1.0
2014,ZMB,Zambia,Economic Development,750656.88,574287.8,0.765
2014,ZMB,Zambia,Governance,588170.51,397326.26,0.6755
2014,ZMB,Zambia,Agriculture,182510.27,143030.07,0.7837
2014,ZMB,Zambia,Peace and Security,224762.42,151669.86,0.6748
2014,ZWE,Zimbabwe,Humanitarian,390951.82,325595.11,0.8328
2014,ZWE,Zimbabwe,Governance,625170.33,391812.96,0.6267
2014,ZWE,Zimbabwe,Agriculture,1956768.26,1713485.15,0.8757
2014,MMR,Burma,Health,156690.85,147899.76,0.9439
2014,MMR,Burma,Humanitarian,4643918.2,3911052.09,0.8422
2014,MMR,Burma,Education,1400300.62,1400300.62,1.0
2014,MMR,Burma,Peace and Security,50000.0,48176.55,0.9635
2014,KHM,Cambodia,Health,798894.11,542571.67,0.6792
2014,KHM,Cambodia,Humanitarian,1866366.8,1435013.2,0.7689
2014,KHM,Cambodia,Economic Development,657664.07,597686.31,0.9088
2014,KHM,Cambodia,Agriculture,126899.29,124845.19,0.9838
2014,KHM,Cambodia,Peace and Security,432513.79,432513.79,1.0
2014,NPL,Nepal,Health,86666.18,61033.33,0.7042
2014,NPL,Nepal,Humanitarian,4041523.29,3405310.11,0.8426
2014,NPL,Nepal,Economic Development,2336103.43,1692675.31,0.7246
2014,NPL,Nepal,Governance,1400412.33,1218497.81,0.8701
2014,NPL,Nepal,Agriculture,652933.29,642588.21,0.9842
2014,NPL,Nepal,Peace and Security,7517538.59,6203298.38,0.8252
2014,LKA,Sri Lanka,Health,1036288.37,882831.6,0.8519
2014,LKA,Sri Lanka,Education,2359739.15,1768633.84,0.7495
2014,LKA,Sri Lanka,Economic Development,123609.28,89012.81,0.7201
2014,LKA,Sri Lanka,Governance,244924.27,186744.0,0.7625
2014,MAR,Morocco,Health,1278269.59,1202627.29,0.9408
2014,MAR,Morocco,Humanitarian,279148.38,174494.38,0.6251
2014,MAR,Morocco,Governance,3561803.45,2116877.2,0.5943
2014,MAR,Morocco,Peace and Security,400805.42,400805.42,1.0
2014,TUN,Tunisia,Humanitarian,4077822.66,2936899.65,0.7202
2014,TUN,Tunisia,Education,163509.32,120891.85,0.7394
2014,TUN,Tunisia,Economic Development,779885.66,493303.66,0.6325
2014,TUN,Tunisia,Governance,7090158.47,5179418.48,0.7305
2014,TUN,Tunisia,Agriculture,1184172.24,1141309.43,0.9638
2014,SEN,Senegal,Health,162502.46,154488.56,0.9507
2014,SEN,Senegal,Economic Development,124404.83,78965.16,0.6347
2014,SEN,Senegal,Governance,680497.55,680497.55,1.0
2014,SEN,Senegal,Agriculture,607312.49,583649.81,0.961
2014,MLI,Mali,Health,547406.32,510017.74,0.9317
2014,MLI,Mali,Humanitarian,1497003.16,1380273.37,0.922
2014,MLI,Mali,Education,641921.05,503262.5,0.784
2014,MLI,Mali,Governance,206209.07,194676.23,0.9441
2014,MLI,Mali,Agriculture,1520111.09,877565.93,0.5773
2014,MLI,Mali,Peace and Security,1182291.04,881864.55,0.7459
2015,AFG,Afghanistan,Humanitarian,109835.11,85932.46,0.7824
2015,AFG,Afghanistan,Education,244846.31,214406.06,0.8757
2015,AFG,Afghanistan,Economic Development,1959287.31,1070321.7,0.5463
2015,AFG,Afghanistan,Agriculture,1040734.13,966443.07,0.9286
2015,AFG,Afghanistan,Peace and Security,1256791.42,1010547.57,0.8041
2015,EGY,Egypt,Humanitarian,2006840.9,1505013.04,0.7499
2015,EGY,Egypt,Education,260147.37,222932.18,0.8569
2015,EGY,Egypt,Economic Development,1918273.77,1698383.76,0.8854
2015,EGY,Egypt,Governance,50535.86,50535.86,1.0
2015,EGY,Egypt,Peace and Security,350978.01,280345.18,0.7988
2015,ETH,Ethiopia,Health,3333396.14,3333396.14,1.0
2015,ETH,Ethiopia,Humanitarian,5398377.0,4152565.09,0.7692
2015,ETH,Ethiopia,Economic Development,2411532.75,1982761.13,0.8222
2015,ETH,Ethiopia,Governance,3994199.17,2253831.66,0.5643
2015,ETH,Ethiopia,Peace and Security,364713.39,212789.61,0.5834
2015,JOR,Jordan,Health,50000.0,41449.6,0.829
2015,JOR,Jordan,Humanitarian,4524258.63,3520756.72,0.7782
2015,JOR,Jordan,Education,2093851.35,2093851.35,1.0
2015,JOR,Jordan,Economic Development,1302764.44,823425.27,0.6321
2015,JOR,Jordan,Governance,386493.88,315284.39,0.8158
2015,JOR,Jordan,Agriculture,328443.19,297174.1,0.9048
2015,JOR,Jordan,Peace and Security,445215.28,315866.55,0.7095
2015,KEN,Kenya,Health,4347992.13,3670304.86,0.8441
2015,KEN,Kenya,Education,941216.6,693424.91,0.7367
2015,KEN,Kenya,Economic Development,267562.59,267562.59,1.0
2015,KEN,Kenya,Agriculture,535063.1,424121.36,0.7927
2015,KEN,Kenya,Peace and Security,401938.1,348053.27,0.8659
2015,NGA,Nigeria,Health,123766.12,90172.79,0.7286
2015,NGA,Nigeria,Humanitarian,245397.65,141782.12,0.5778
2015,NGA,Nigeria,Agriculture,50000.0,50000.0,1.0
2015,NGA,Nigeria,Peace and Security,1002387.35,993434.01,0.9911
2015,PAK,Pakistan,Health,683773.63,561236.03,0.8208
2015,PAK,Pakistan,Humanitarian,1571244.71,1399991.97,0.891
2015,PAK,Pakistan,Education,916732.29,794126.51,0.8663
2015,PAK,Pakistan,Economic Development,686685.82,678776.49,0.9885
2015,PAK,Pakistan,Governance,1539051.54,1269983.34,0.8252
2015,PAK,Pakistan,Agriculture,176591.72,141314.08,0.8002
2015,PAK,Pakistan,Peace and Security,2408084.66,1947635.19,0.8088
2015,SOM,Somalia,Health,296177.51,289886.67,0.9788
2015,SOM,Somalia,Economic Development,113562.96,94736.66,0.8342
2015,SOM,Somalia,Governance,460653.74,312236.13,0.6778
2015,SOM,Somalia,Agriculture,3928356.24,2580544.47,0.6569
2015,SOM,Somalia,Peace and Security,1155496.15,1155496.15,1.0
2015,SSD,South Sudan,Humanitarian,537141.43,537141.43,1.0
2015,SSD,South Sudan,Economic Development,4381055.0,2440889.14,0.5571
2015,SSD,South Sudan,Governance,1574713.37,1441311.25,0.9153
2015,SSD,South Sudan,Agriculture,994610.59,820584.35,0.825
2015,SDN,Sudan,Health,316573.62,225420.04,0.7121
2015,SDN,Sudan,Humanitarian,411337.12,411337.12,1.0
2015,SDN,Sudan,Education,84451.21,73568.58,0.8711
2015,SDN,Sudan,Economic Development,753009.1,718091.88,0.9536
2015,SDN,Sudan,Governance,1240175.08,874235.94,0.7049
2015,SDN,Sudan,Agriculture,106319.7,104086.36,0.979
2015,SDN,Sudan,Peace and Security,50000.0,44262.95,0.8853
2015,UGA,Uganda,Health,618019.97,539290.84,0.8726
2015,UGA,Uganda,Education,693098.62,597969.87,0.8627
2015,UGA,Uganda,Economic Development,5623854.23,4102860.83,0.7295
2015,UGA,Uganda,Governance,1045630.46,799888.02,0.765
2015,UGA,Uganda,Agriculture,276705.26,263142.54,0.951
2015,UKR,Ukraine,Health,227264.96,198832.63,0.8749
2015,UKR,Ukraine,Humanitarian,200058.38,166813.02,0.8338
2015,UKR,Ukraine,Education,3072536.93,1905140.58,0.6201
2015,UKR,Ukraine,Agriculture,343580.9,252915.16,0.7361
2015,UKR,Ukraine,Peace and Security,770476.5,649743.36,0.8433
2015,COL,Colombia,Health,1094690.68,753475.31,0.6883
2015,COL,Colombia,Education,110940.77,89615.76,0.8078
2015,COL,Colombia,Economic Development,10711052.71,9486228.5,0.8856
2015,COL,Colombia,Governance,2881567.77,2102415.53,0.7296
2015,COL,Colombia,Agriculture,277192.04,238879.39,0.8618
2015,HTI,Haiti,Health,870090.6,676122.59,0.7771
2015,HTI,Haiti,Humanitarian,450966.04,336739.4,0.7467
2015,HTI,Haiti,Education,460074.86,409061.84,0.8891
2015,HTI,Haiti,Economic Development,1702337.68,1217328.28,0.7151
2015,HTI,Haiti,Governance,106621.48,79188.73,0.7427
2015,HTI,Haiti,Peace and Security,135431.92,112495.56,0.8306
2015,IRQ,Iraq,Health,85078.86,59392.91,0.6981
2015,IRQ,Iraq,Humanitarian,193758.35,95705.94,0.4939
2015,IRQ,Iraq,Education,179220.93,129389.84,0.722
2015,IRQ,Iraq,Economic Development,2111464.18,1640942.92,0.7772
2015,IRQ,Iraq,Governance,1315167.15,1224067.09,0.9307
2015,IRQ,Iraq,Peace and Security,148316.33,107428.71,0.7243
2015,YEM,Yemen,Health,543468.71,439906.2,0.8094
2015,YEM,Yemen,Humanitarian,478528.45,478528.45,1.0
2015,YEM,Yemen,Economic Development,1488194.77,694704.48,0.4668
2015,YEM,Yemen,Governance,877106.18,761999.76,0.8688
2015,YEM,Yemen,Peace and Security,400428.25,321296.43,0.8024
2015,BGD,Bangladesh,Health,430031.56,307692.04,0.7155
2015,BGD,Bangladesh,Humanitarian,163865.23,149307.28,0.9112
2015,BGD,Bangladesh,Education,2034333.97,1365657.71,0.6713
2015,BGD,Bangladesh,Economic Development,763237.9,763237.9,1.0
2015,BGD,Bangladesh,Governance,4799523.35,4350004.8,0.9063
2015,BGD,Bangladesh,Agriculture,229619.76,204014.44,0.8885
2015,BGD,Bangladesh,Peace and Security,203314.84,137842.19,0.678
2015,IND,India,Health,3016989.2,2531860.04,0.8392
2015,IND,India,Education,619467.61,524836.61,0.8472
2015,IND,India,Economic Development,2271068.79,1910480.87,0.8412
2015,IND,India,Agriculture,776934.6,572702.37,0.7371
2015,IND,India,Peace and Security,1828117.51,1254026.16,0.686
2015,IDN,Indonesia,Health,1131446.22,1087660.02,0.9613
2015,IDN,Indonesia,Humanitarian,786482.42,672467.86,0.855
2015,IDN,Indonesia,Economic Development,56008.79,50046.16,0.8935
2015,IDN,Indonesia,Governance,111750.64,82856.33,0.7414
2015,IDN,Indonesia,Agriculture,354543.9,289386.39,0.8162
2015,IDN,Indonesia,Peace and Security,215400.19,180395.12,0.8375
2015,PHL,Philippines,Health,257906.68,183613.8,0.7119
2015,PHL,Philippines,Humanitarian,281930.77,243233.82,0.8627
2015,PHL,Philippines,Governance,136602.37,117956.6,0.8635
2015,PHL,Philippines,Agriculture,233506.76,229413.6,0.9825
2015,PHL,Philippines,Peace and Security,803664.1,476778.8,0.5933
2015,VNM,Vietnam,Health,601789.05,453047.58,0.7528
2015,VNM,Vietnam,Humanitarian,230371.42,218953.9,0.9504
2015,VNM,Vietnam,Education,1013307.14,697085.53,0.6879
2015,VNM,Vietnam,Governance,233922.52,197148.53,0.8428
2015,VNM,Vietnam,Agriculture,673316.49,657921.58,0.9771
2015,VNM,Vietnam,Peace and Security,60717.98,47638.23,0.7846
2015,GHA,Ghana,Health,1785832.54,1690466.24,0.9466
2015,GHA,Ghana,Education,1152000.6,740854.85,0.6431
2015,GHA,Ghana,Economic Development,903263.7,796800.23,0.8821
2015,GHA,Ghana,Peace and Security,1050156.49,690071.01,0.6571
2015,TZA,Tanzania,Humanitarian,5825835.7,4749139.35,0.8152
2015,TZA,Tanzania,Education,677681.54,558703.34,0.8244
2015,TZA,Tanzania,Economic Development,147849.8,101190.83,0.6844
2015,TZA,Tanzania,Governance,383853.07,258908.8,0.6745
2015,TZA,Tanzania,Agriculture,386928.26,352416.37,0.9108
2015,TZA,Tanzania,Peace and Security,1197754.5,1124810.17,0.9391
2015,MOZ,Mozambique,Health,524743.83,403172.68,0.7683
2015,MOZ,Mozambique,Humanitarian,60458.89,44511.22,0.7362
2015,MOZ,Mozambique,Education,150600.83,148472.25,0.9859
2015,MOZ,Mozambique,Agriculture,102245.51,70698.87,0.6915
2015,MOZ,Mozambique,Peace and Security,545850.1,435153.65,0.7972
2015,MWI,Malawi,Health,5437102.81,4652362.1,0.8557
2015,MWI,Malawi,Humanitarian,1202326.47,1011757.2,0.8415
2015,MWI,Malawi,Education,281044.98,174065.03,0.6193
2015,MWI,Malawi,Economic Development,183215.07,112896.21,0.6162
2015,MWI,Malawi,Governance,82348.09,82348.09,1.0
2015,PER,Peru,Health,1053438.84,937742.94,0.8902
2015,PER,Peru,Humanitarian,489485.47,365150.83,0.746
2015,PER,Peru,Education,237722.36,231821.11,0.9752
2015,PER,Peru,Economic Development,476904.21,293438.0,0.6153
2015,PER,Peru,Governance,1525812.42,1238403.58,0.8116
2015,PER,Peru,Agriculture,897808.21,851709.86,0.9487
2015,GTM,Guatemala,Health,64177.4,53245.66,0.8297
2015,GTM,Guatemala,Education,949215.64,740990.36,0.7806
2015,GTM,Guatemala,Economic Development,8510802.35,8368390.27,0.9833
2015,GTM,Guatemala,Governance,345650.31,284202.3,0.8222
2015,GTM,Guatemala,Agriculture,690343.44,660069.4,0.9561
2015,SLV,El Salvador,Health,2552039.13,2068840.65,0.8107
2015,SLV,El Salvador,Humanitarian,239921.73,177040.83,0.7379
2015,SLV,El Salvador,Education,88889.6,85945.41,0.9669
2015,SLV,El Salvador,Agriculture,811272.23,681810.09,0.8404
2015,SLV,El Salvador,Peace and Security,1403336.57,1212226.44,0.8638
2015,MEX,Mexico,Health,132375.19,95613.76,0.7223
2015,MEX,Mexico,Education,127100.26,127100.26,1.0
2015,MEX,Mexico,Economic Development,51055.02,35058.0,0.6867
2015,MEX,Mexico,Governance,714294.32,678699.05,0.9502
2015,MEX,Mexico,Agriculture,1114471.99,876296.42,0.7863
2015,MEX,Mexico,Peace and Security,2666435.93,2287631.4,0.8579
2015,PSE,West Bank and Gaza,Health,538451.03,417006.09,0.7745
2015,PSE,West Bank and Gaza,Humanitarian,791717.71,642433.45,0.8114
2015,PSE,West Bank and Gaza,Education,494309.84,394169.35,0.7974
2015,PSE,West Bank and Gaza,Economic Development,291771.87,279836.78,0.9591
2015,PSE,West Bank and Gaza,Governance,2754361.87,1871777.31,0.6796
2015,PSE,West Bank and Gaza,Agriculture,626924.25,573269.73,0.9144
2015,PSE,West Bank and Gaza,Peace and Security,1120071.1,1045642.42,0.9336
2015,LBN,Lebanon,Health,474789.73,386358.0,0.8137
2015,LBN,Lebanon,Humanitarian,555033.94,474072.33,0.8541
2015,LBN,Lebanon,Education,122861.77,88105.38,0.7171
2015,LBN,Lebanon,Governance,50000.0,34423.95,0.6885
2015,LBN,Lebanon,Peace and Security,565858.27,372660.77,0.6586
2015,SYR,Syria,Humanitarian,1025594.0,813421.79,0.7931
2015,SYR,Syria,Education,1422899.99,1165681.98,0.8192
2015,SYR,Syria,Economic Development,857860.92,654863.43,0.7634
2015,SYR,Syria,Governance,302590.82,263944.06,0.8723
2015,SYR,Syria,Agriculture,413450.72,326508.37,0.7897
2015,TUR,Turkey,Health,2476498.17,2476498.17,1.0
2015,TUR,Turkey,Humanitarian,442368.35,440861.78,0.9966
2015,TUR,Turkey,Education,4355111.66,2906782.6,0.6674
2015,TUR,Turkey,Economic Development,269766.29,259021.36,0.9602
2015,TUR,Turkey,Governance,1558406.51,1224792.51,0.7859
2015,TUR,Turkey,Agriculture,175823.32,139049.28,0.7908
2015,TUR,Turkey,Peace and Security,50000.0,33751.33,0.675
2015,GEO,Georgia,Health,422830.83,358018.61,0.8467
2015,GEO,Georgia,Humanitarian,93086.41,79737.87,0.8566
2015,GEO,Georgia,Education,1512707.87,1144247.16,0.7564
2015,GEO,Georgia,Agriculture,599933.94,524574.3,0.8744
2015,GEO,Georgia,Peace and Security,469366.68,336755.06,0.7175
2015,MDA,Moldova,Health,1111081.19,1111081.19,1.0
2015,MDA,Moldova,Humanitarian,1237265.14,1031528.47,0.8337
2015,MDA,Moldova,Education,923485.28,873927.0,0.9463
2015,MDA,Moldova,Economic Development,8705803.58,8588467.78,0.9865
2015,MDA,Moldova,Agriculture,592693.16,328312.5,0.5539
2015,MDA,Moldova,Peace and Security,318010.15,232662.32,0.7316
2015,KOS,Kosovo,Health,68034.88,61941.34,0.9104
2015,KOS,Kosovo,Education,370509.73,304193.53,0.821
2015,KOS,Kosovo,Economic Development,2039822.84,1798053.95,0.8815
2015,KOS,Kosovo,Governance,355138.73,353540.45,0.9955
2015,KOS,Kosovo,Peace and Security,162719.33,143802.12,0.8837
2015,LBR,Liberia,Humanitarian,3041786.49,2475791.65,0.8139
2015,LBR,Liberia,Economic Development,508234.0,383591.22,0.7548
2015,LBR,Liberia,Governance,973095.99,890117.83,0.9147
2015,LBR,Liberia,Peace and Security,909673.77,881518.65,0.969
2015,SLE,Sierra Leone,Health,827773.58,617736.2,0.7463
2015,SLE,Sierra Leone,Humanitarian,4038062.38,3398714.63,0.8417
2015,SLE,Sierra Leone,Education,811503.05,687172.58,0.8468
2015,SLE,Sierra Leone,Agriculture,111892.05,79509.94,0.7106
2015,SLE,Sierra Leone,Peace and Security,90822.75,86973.07,0.9576
2015,COD,DR Congo,Health,209123.56,134496.58,0.6431
2015,COD,DR Congo,Economic Development,1585951.82,1417046.2,0.8935
2015,COD,DR Congo,Governance,771715.64,462112.25,0.5988
2015,COD,DR Congo,Peace and Security,291175.02,256254.15,0.8801
2015,RWA,Rwanda,Health,4014096.18,3584133.79,0.8929
2015,RWA,Rwanda,Humanitarian,1307189.97,1213557.05,0.9284
2015,RWA,Rwanda,Governance,928316.55,762570.61,0.8215
2015,RWA,Rwanda,Agriculture,787134.76,575255.02,0.7308
2015,RWA,Rwanda,Peace and Security,1348585.77,1123022.19,0.8327
2015,ZMB,Zambia,Health,164772.07,99435.16,0.6035
2015,ZMB,Zambia,Humanitarian,415317.1,415317.1,1.0
2015,ZMB,Zambia,Education,1792907.57,1654338.65,0.9227
2015,ZMB,Zambia,Economic Development,624261.2,561619.93,0.8997
2015,ZMB,Zambia,Agriculture,171524.86,124666.87,0.7268
2015,ZWE,Zimbabwe,Humanitarian,557169.9,419689.33,0.7533
2015,ZWE,Zimbabwe,Economic Development,1156956.95,1076714.74,0.9306
2015,ZWE,Zimbabwe,Governance,713578.38,703880.49,0.9864
2015,ZWE,Zimbabwe,Peace and Security,663381.63,632493.88,0.9534
2015,MMR,Burma,Health,424529.3,374135.19,0.8813
2015,MMR,Burma,Humanitarian,856734.71,856734.71,1.0
2015,MMR,Burma,Education,163143.74,118611.56,0.727
2015,MMR,Burma,Economic Development,430923.57,386070.41,0.8959
2015,MMR,Burma,Governance,3942165.95,3622197.5,0.9188
2015,MMR,Burma,Agriculture,227455.56,175158.93,0.7701
2015,MMR,Burma,Peace and Security,609383.43,546557.6,0.8969
2015,KHM,Cambodia,Health,268537.5,268537.5,1.0
2015,KHM,Cambodia,Humanitarian,91763.68,68604.45,0.7476
2015,KHM,Cambodia,Education,1201430.85,976938.25,0.8131
2015,KHM,Cambodia,Economic Development,1431071.11,1140524.92,0.797
2015,KHM,Cambodia,Governance,779925.01,734866.1,0.9422
2015,KHM,Cambodia,Agriculture,1522171.38,1158473.59,0.7611
2015,NPL,Nepal,Humanitarian,350792.42,274251.61,0.7818
2015,NPL,Nepal,Education,1214906.35,836668.68,0.6887
2015,NPL,Nepal,Economic Development,513540.76,357349.91,0.6959
2015,NPL,Nepal,Governance,230974.28,156965.78,0.6796
2015,NPL,Nepal,Agriculture,1558157.23,1158717.62,0.7436
2015,NPL,Nepal,Peace and Security,1754808.2,1334834.33,0.7607
2015,LKA,Sri Lanka,Humanitarian,719760.12,386571.47,0.5371
2015,LKA,Sri Lanka,Education,273199.8,239277.96,0.8758
2015,LKA,Sri Lanka,Economic Development,2100073.86,2095115.09,0.9976
2015,LKA,Sri Lanka,Governance,50000.0,44683.85,0.8937
2015,LKA,Sri Lanka,Agriculture,50000.0,36790.94,0.7358
2015,MAR,Morocco,Health,215255.09,182648.12,0.8485
2015,MAR,Morocco,Economic Development,355800.27,331280.47,0.9311
2015,MAR,Morocco,Governance,118021.16,113137.04,0.9586
2015,TUN,Tunisia,Health,632469.14,565184.72,0.8936
2015,TUN,Tunisia,Humanitarian,1126056.08,856389.28,0.7605
2015,TUN,Tunisia,Education,1240882.24,1136652.22,0.916
2015,TUN,Tunisia,Economic Development,457923.9,424968.84,0.928
2015,TUN,Tunisia,Governance,118448.91,101780.56,0.8593
2015,TUN,Tunisia,Agriculture,1387903.13,997897.31,0.719
2015,TUN,Tunisia,Peace and Security,837496.52,647040.6,0.7726
2015,SEN,Senegal,Humanitarian,902350.28,902350.28,1.0
2015,SEN,Senegal,Education,4097689.14,3910428.79,0.9543
2015,SEN,Senegal,Governance,526992.12,518540.81,0.984
2015,SEN,Senegal,Peace and Security,776903.02,678656.66,0.8735
2015,MLI,Mali,Humanitarian,413175.9,341278.94,0.826
2015,MLI,Mali,Education,475614.82,455515.57,0.9577
2015,MLI,Mali,Agriculture,1958607.78,1810172.21,0.9242
2015,MLI,Mali,Peace and Security,511773.09,433648.15,0.8473
2016,AFG,Afghanistan,Health,576110.61,576110.61,1.0
2016,AFG,Afghanistan,Governance,270366.51,202063.21,0.7474
2016,AFG,Afghanistan,Agriculture,2351440.99,1985235.31,0.8443
2016,EGY,Egypt,Health,802038.7,676606.85,0.8436
2016,EGY,Egypt,Humanitarian,443998.79,232967.68,0.5247
2016,EGY,Egypt,Education,989391.74,826384.17,0.8352
2016,EGY,Egypt,Economic Development,123720.78,60324.53,0.4876
2016,EGY,Egypt,Agriculture,93324.74,73163.42,0.784
2016,EGY,Egypt,Peace and Security,2509626.9,2274590.3,0.9063
2016,ETH,Ethiopia,Health,1148499.1,1148499.1,1.0
2016,ETH,Ethiopia,Humanitarian,588293.01,512426.85,0.871
2016,ETH,Ethiopia,Economic Development,417044.32,297812.91,0.7141
2016,ETH,Ethiopia,Governance,5523139.17,4654968.06,0.8428
2016,ETH,Ethiopia,Peace and Security,3328682.58,3328682.58,1.0
2016,JOR,Jordan,Health,761468.4,714747.29,0.9386
2016,JOR,Jordan,Humanitarian,159125.58,113979.55,0.7163
2016,JOR,Jordan,Governance,464861.3,438549.62,0.9434
2016,JOR,Jordan,Peace and Security,5370213.57,3967062.03,0.7387
2016,KEN,Kenya,Humanitarian,1477017.02,1207223.98,0.8173
2016,KEN,Kenya,Education,235983.76,235983.76,1.0
2016,KEN,Kenya,Economic Development,688500.5,643749.16,0.935
2016,KEN,Kenya,Governance,235727.94,158876.59,0.674
2016,KEN,Kenya,Peace and Security,1107398.97,1053938.91,0.9517
2016,NGA,Nigeria,Health,12954659.39,10012650.62,0.7729
2016,NGA,Nigeria,Humanitarian,1079151.41,790942.83,0.7329
2016,NGA,Nigeria,Education,961923.69,698648.55,0.7263
2016,NGA,Nigeria,Governance,168633.87,94302.49,0.5592
2016,NGA,Nigeria,Agriculture,183331.22,156153.19,0.8518
2016,NGA,Nigeria,Peace and Security,429757.18,372704.56,0.8672
2016,PAK,Pakistan,Health,1525468.32,1202435.65,0.7882
2016,PAK,Pakistan,Humanitarian,50000.0,28581.58,0.5716
2016,PAK,Pakistan,Education,665348.65,498594.2,0.7494
2016,PAK,Pakistan,Governance,89558.5,55817.23,0.6232
2016,PAK,Pakistan,Agriculture,60803.6,55219.34,0.9082
2016,PAK,Pakistan,Peace and Security,1062863.2,908522.3,0.8548
2016,SOM,Somalia,Health,2212027.09,1618617.74,0.7317
2016,SOM,Somalia,Humanitarian,341212.01,249699.05,0.7318
2016,SOM,Somalia,Economic Development,558537.2,487155.31,0.8722
2016,SOM,Somalia,Governance,1933757.44,1165425.53,0.6027
2016,SOM,Somalia,Agriculture,970825.06,708589.08,0.7299
2016,SOM,Somalia,Peace and Security,1535017.12,1201894.98,0.783
2016,SSD,South Sudan,Health,116420.79,109537.65,0.9409
2016,SSD,South Sudan,Humanitarian,2429667.62,2390466.24,0.9839
2016,SSD,South Sudan,Education,1008933.0,728032.14,0.7216
2016,SSD,South Sudan,Governance,1060543.97,707246.34,0.6669
2016,SSD,South Sudan,Agriculture,1129347.92,908272.47,0.8042
2016,SDN,Sudan,Humanitarian,69621.82,49747.45,0.7145
2016,SDN,Sudan,Education,630135.76,530752.8,0.8423
2016,SDN,Sudan,Economic Development,1133363.43,1007823.65,0.8892
2016,SDN,Sudan,Governance,1310566.67,1181335.92,0.9014
2016,UGA,Uganda,Health,3050550.09,2207532.05,0.7237
2016,UGA,Uganda,Humanitarian,1360950.63,1233096.55,0.9061
2016,UGA,Uganda,Education,320828.23,320828.23,1.0
2016,UGA,Uganda,Economic Development,132170.54,100643.93,0.7615
2016,UGA,Uganda,Governance,264437.26,204118.41,0.7719
2016,UGA,Uganda,Peace and Security,614147.58,499391.54,0.8131
2016,UKR,Ukraine,Health,575945.93,391463.66,0.6797
2016,UKR,Ukraine,Humanitarian,182705.49,144261.03,0.7896
2016,UKR,Ukraine,Education,318047.57,212775.76,0.669
2016,UKR,Ukraine,Economic Development,460933.26,405618.44,0.88
2016,UKR,Ukraine,Governance,128471.06,102450.03,0.7975
2016,UKR,Ukraine,Agriculture,1943884.51,1495961.8,0.7696
2016,COL,Colombia,Health,444302.29,404094.79,0.9095
2016,COL,Colombia,Humanitarian,799113.17,766871.33,0.9597
2016,COL,Colombia,Education,606505.85,471683.3,0.7777
2016,COL,Colombia,Economic Development,1133611.05,893336.52,0.788
2016,COL,Colombia,Governance,633227.0,506165.39,0.7993
2016,COL,Colombia,Agriculture,549706.44,549706.44,1.0
2016,COL,Colombia,Peace and Security,174507.41,156057.94,0.8943
2016,HTI,Haiti,Health,759396.97,618891.88,0.815
2016,HTI,Haiti,Humanitarian,1116768.01,1093169.6,0.9789
2016,HTI,Haiti,Governance,161150.42,129310.48,0.8024
2016,HTI,Haiti,Peace and Security,77118.99,61681.21,0.7998
2016,IRQ,Iraq,Health,199090.42,144236.06,0.7245
2016,IRQ,Iraq,Education,307251.56,229261.22,0.7462
2016,IRQ,Iraq,Economic Development,579718.6,461446.1,0.796
2016,IRQ,Iraq,Governance,342975.0,254618.64,0.7424
2016,IRQ,Iraq,Agriculture,1911187.75,1772972.55,0.9277
2016,YEM,Yemen,Health,361679.97,309378.04,0.8554
2016,YEM,Yemen,Agriculture,4102879.07,3613011.78,0.8806
2016,YEM,Yemen,Peace and Security,1238235.54,941842.66,0.7606
2016,BGD,Bangladesh,Humanitarian,13264616.77,9144006.79,0.6894
2016,BGD,Bangladesh,Education,456768.07,388471.28,0.8505
2016,BGD,Bangladesh,Economic Development,174672.37,127743.08,0.7313
2016,BGD,Bangladesh,Agriculture,148498.89,94336.67,0.6353
2016,IND,India,Health,1743792.94,1225670.56,0.7029
2016,IND,India,Humanitarian,668785.65,579909.39,0.8671
2016,IND,India,Education,491406.35,458652.83,0.9333
2016,IND,India,Economic Development,425381.69,325614.36,0.7655
2016,IND,India,Agriculture,294610.73,244848.45,0.8311
2016,IDN,Indonesia,Health,2516734.93,2141251.57,0.8508
2016,IDN,Indonesia,Humanitarian,2107901.58,1585629.54,0.7522
2016,IDN,Indonesia,Economic Development,468491.33,351172.39,0.7496
2016,IDN,Indonesia,Governance,570114.5,370890.96,0.6506
2016,IDN,Indonesia,Agriculture,684496.9,580229.78,0.8477
2016,IDN,Indonesia,Peace and Security,6875012.8,6135684.32,0.8925
2016,PHL,Philippines,Health,454365.74,370575.94,0.8156
2016,PHL,Philippines,Humanitarian,374610.1,370483.44,0.989
2016,PHL,Philippines,Education,1039675.33,908160.69,0.8735
2016,PHL,Philippines,Economic Development,1035136.62,910396.64,0.8795
2016,PHL,Philippines,Governance,6584098.93,5906843.2,0.8971
2016,VNM,Vietnam,Health,688476.33,566445.09,0.8228
2016,VNM,Vietnam,Humanitarian,165895.32,121764.28,0.734
2016,VNM,Vietnam,Economic Development,249512.86,221773.73,0.8888
2016,VNM,Vietnam,Governance,561957.68,317475.17,0.5649
2016,GHA,Ghana,Education,101207.2,53313.2,0.5268
2016,GHA,Ghana,Governance,814105.13,635612.13,0.7807
2016,GHA,Ghana,Agriculture,2309850.32,1567960.64,0.6788
2016,GHA,Ghana,Peace and Security,156551.07,128922.73,0.8235
2016,TZA,Tanzania,Humanitarian,609189.37,400873.09,0.658
2016,TZA,Tanzania,Education,1370398.31,1272755.77,0.9287
2016,TZA,Tanzania,Economic Development,955487.11,668155.37,0.6993
2016,TZA,Tanzania,Governance,567242.07,530189.21,0.9347
2016,TZA,Tanzania,Agriculture,1401613.32,1246879.0,0.8896
2016,TZA,Tanzania,Peace and Security,1004043.51,731291.69,0.7283
2016,MOZ,Mozambique,Education,669349.55,455819.14,0.681
2016,MOZ,Mozambique,Economic Development,50000.0,38455.11,0.7691
2016,MOZ,Mozambique,Governance,2888849.46,2532157.24,0.8765
2016,MOZ,Mozambique,Agriculture,194967.9,159738.19,0.8193
2016,MOZ,Mozambique,Peace and Security,5928548.11,2960519.65,0.4994
2016,MWI,Malawi,Humanitarian,1604739.91,1161690.95,0.7239
2016,MWI,Malawi,Education,285248.16,267755.68,0.9387
2016,MWI,Malawi,Economic Development,1879750.34,1537716.55,0.818
2016,MWI,Malawi,Governance,234685.01,149727.27,0.638
2016,MWI,Malawi,Agriculture,930181.71,759179.63,0.8162
2016,MWI,Malawi,Peace and Security,641559.75,481421.44,0.7504
2016,PER,Peru,Health,671967.7,533174.1,0.7935
2016,PER,Peru,Education,524279.38,416891.7,0.7952
2016,PER,Peru,Economic Development,489589.66,336580.01,0.6875
2016,PER,Peru,Governance,95572.56,68568.91,0.7175
2016,PER,Peru,Peace and Security,882864.79,727491.56,0.824
2016,GTM,Guatemala,Health,334617.1,303408.57,0.9067
2016,GTM,Guatemala,Humanitarian,103491.19,79321.82,0.7665
2016,GTM,Guatemala,Education,759009.31,619775.87,0.8166
2016,GTM,Guatemala,Economic Development,106807.23,106083.03,0.9932
2016,GTM,Guatemala,Governance,553499.68,484535.07,0.8754
2016,GTM,Guatemala,Agriculture,1396417.23,1278401.03,0.9155
2016,GTM,Guatemala,Peace and Security,440882.63,397568.7,0.9018
2016,SLV,El Salvador,Health,227722.33,149522.2,0.6566
2016,SLV,El Salvador,Humanitarian,2451728.0,2349773.51,0.9584
2016,SLV,El Salvador,Governance,1654011.15,995252.06,0.6017
2016,MEX,Mexico,Health,570628.02,445564.33,0.7808
2016,MEX,Mexico,Humanitarian,50000.0,50000.0,1.0
2016,MEX,Mexico,Economic Development,256115.34,221525.19,0.8649
2016,MEX,Mexico,Agriculture,573260.16,387242.63,0.6755
2016,PSE,West Bank and Gaza,Education,430084.57,365024.39,0.8487
2016,PSE,West Bank and Gaza,Economic Development,1686998.47,1159968.33,0.6876
2016,PSE,West Bank and Gaza,Governance,360177.86,328876.58,0.9131
2016,PSE,West Bank and Gaza,Agriculture,276316.89,251542.4,0.9103
2016,PSE,West Bank and Gaza,Peace and Security,296848.21,247015.62,0.8321
2016,LBN,Lebanon,Health,1035618.51,864083.87,0.8344
2016,LBN,Lebanon,Humanitarian,313171.69,241244.93,0.7703
2016,LBN,Lebanon,Education,800847.13,578574.64,0.7225
2016,LBN,Lebanon,Economic Development,743890.62,702250.57,0.944
2016,LBN,Lebanon,Governance,4535683.28,3722982.55,0.8208
2016,LBN,Lebanon,Agriculture,369681.26,260112.43,0.7036
2016,SYR,Syria,Health,756027.39,630937.89,0.8345
2016,SYR,Syria,Education,380093.26,331297.35,0.8716
2016,SYR,Syria,Economic Development,50000.0,44391.98,0.8878
2016,SYR,Syria,Governance,2126843.48,1832793.9,0.8617
2016,SYR,Syria,Agriculture,324199.12,261845.36,0.8077
2016,SYR,Syria,Peace and Security,158188.64,114984.71,0.7269
2016,TUR,Turkey,Health,121661.82,100227.65,0.8238
2016,TUR,Turkey,Humanitarian,655632.23,538259.79,0.821
2016,TUR,Turkey,Economic Development,302477.6,169445.83,0.5602
2016,TUR,Turkey,Governance,602493.29,576172.2,0.9563
2016,GEO,Georgia,Health,3585490.35,2730935.7,0.7617
2016,GEO,Georgia,Education,933862.06,657701.57,0.7043
2016,GEO,Georgia,Governance,6923594.15,5518993.76,0.7971
2016,GEO,Georgia,Agriculture,4273280.33,2880335.78,0.674
2016,GEO,Georgia,Peace and Security,2797020.86,2601412.05,0.9301
2016,MDA,Moldova,Health,522143.56,464844.42,0.8903
2016,MDA,Moldova,Humanitarian,8369056.01,5733027.77,0.685
2016,MDA,Moldova,Education,623185.26,613246.91,0.9841
2016,MDA,Moldova,Economic Development,498367.61,348917.23,0.7001
2016,MDA,Moldova,Governance,2476123.99,1734881.55,0.7006
2016,MDA,Moldova,Agriculture,104004.95,78480.31,0.7546
2016,KOS,Kosovo,Health,654114.64,654114.64,1.0
2016,KOS,Kosovo,Humanitarian,175634.81,154186.36,0.8779
2016,KOS,Kosovo,Education,763425.74,725990.33,0.951
2016,KOS,Kosovo,Economic Development,297250.14,297250.14,1.0
2016,KOS,Kosovo,Governance,249000.89,210435.47,0.8451
2016,KOS,Kosovo,Agriculture,206037.3,206037.3,1.0
2016,KOS,Kosovo,Peace and Security,762287.13,587150.89,0.7702
2016,LBR,Liberia,Health,115742.56,107012.39,0.9246
2016,LBR,Liberia,Humanitarian,2165090.26,1479378.24,0.6833
2016,LBR,Liberia,Education,896884.16,744731.37,0.8304
2016,LBR,Liberia,Economic Development,454434.72,303514.78,0.6679
2016,LBR,Liberia,Agriculture,639629.11,623152.19,0.9742
2016,LBR,Liberia,Peace and Security,1355131.78,1042314.38,0.7692
2016,SLE,Sierra Leone,Health,338496.64,273225.22,0.8072
2016,SLE,Sierra Leone,Economic Development,874239.63,799837.52,0.9149
2016,SLE,Sierra Leone,Agriculture,900028.23,503756.49,0.5597
2016,SLE,Sierra Leone,Peace and Security,559720.48,414717.23,0.7409
2016,COD,DR Congo,Health,6248165.6,4646922.41,0.7437
2016,COD,DR Congo,Humanitarian,64494.08,42578.07,0.6602
2016,COD,DR Congo,Education,116512.92,87479.17,0.7508
2016,COD,DR Congo,Economic Development,119746.6,102956.68,0.8598
2016,COD,DR Congo,Governance,1775826.09,1775826.09,1.0
2016,COD,DR Congo,Peace and Security,3805286.81,3422864.0,0.8995
2016,RWA,Rwanda,Health,428510.76,246481.21,0.5752
2016,RWA,Rwanda,Humanitarian,647929.74,571296.3,0.8817
2016,RWA,Rwanda,Education,1611792.47,1105052.38,0.6856
2016,RWA,Rwanda,Agriculture,593894.18,582889.68,0.9815
2016,RWA,Rwanda,Peace and Security,221784.22,186782.91,0.8422
2016,ZMB,Zambia,Health,528427.33,456722.79,0.8643
2016,ZMB,Zambia,Education,4908085.46,4302589.58,0.8766
2016,ZMB,Zambia,Economic Development,2834218.88,2266009.65,0.7995
2016,ZMB,Zambia,Governance,824232.37,529865.99,0.6429
2016,ZMB,Zambia,Agriculture,288027.99,271774.79,0.9436
2016,ZMB,Zambia,Peace and Security,1610875.16,1233041.2,0.7654
2016,ZWE,Zimbabwe,Humanitarian,11047776.47,9549527.13,0.8644
2016,ZWE,Zimbabwe,Economic Development,158768.07,126390.48,0.7961
2016,ZWE,Zimbabwe,Governance,923967.6,784254.04,0.8488
2016,ZWE,Zimbabwe,Peace and Security,100747.53,73012.15,0.7247
2016,MMR,Burma,Humanitarian,2185117.1,1573451.32,0.7201
2016,MMR,Burma,Economic Development,405882.5,369035.71,0.9092
2016,MMR,Burma,Governance,1230067.58,1107688.1,0.9005
2016,MMR,Burma,Agriculture,589518.61,468517.45,0.7947
2016,MMR,Burma,Peace and Security,577670.06,417296.07,0.7224
2016,KHM,Cambodia,Humanitarian,816269.97,672353.32,0.8237
2016,KHM,Cambodia,Economic Development,325533.68,196256.12,0.6029
2016,KHM,Cambodia,Governance,1609904.02,1248254.4,0.7754
2016,KHM,Cambodia,Agriculture,1460001.1,1225250.47,0.8392
2016,KHM,Cambodia,Peace and Security,912104.16,821625.8,0.9008
2016,NPL,Nepal,Humanitarian,3698389.34,3057909.84,0.8268
2016,NPL,Nepal,Education,664734.7,636473.29,0.9575
2016,NPL,Nepal,Economic Development,2296534.67,1848104.42,0.8047
2016,NPL,Nepal,Agriculture,482759.41,465612.84,0.9645
2016,NPL,Nepal,Peace and Security,368798.2,312446.88,0.8472
2016,LKA,Sri Lanka,Health,1489548.03,981653.03,0.659
2016,LKA,Sri Lanka,Humanitarian,52143.51,46308.98,0.8881
2016,LKA,Sri Lanka,Governance,368498.6,283583.05,0.7696
2016,LKA,Sri Lanka,Agriculture,324789.14,201238.87,0.6196
2016,LKA,Sri Lanka,Peace and Security,1314005.15,1192875.9,0.9078
2016,MAR,Morocco,Education,1552484.33,1343644.97,0.8655
2016,MAR,Morocco,Governance,50000.0,44710.96,0.8942
2016,MAR,Morocco,Agriculture,4795312.99,2847217.84,0.5938
2016,MAR,Morocco,Peace and Security,191960.97,157432.71,0.8201
2016,TUN,Tunisia,Humanitarian,525481.13,483867.36,0.9208
2016,TUN,Tunisia,Education,917450.99,886663.45,0.9664
2016,TUN,Tunisia,Agriculture,480392.67,416635.41,0.8673
2016,TUN,Tunisia,Peace and Security,263194.08,125737.76,0.4777
2016,SEN,Senegal,Health,153936.87,139258.81,0.9046
2016,SEN,Senegal,Education,1422947.15,1152200.43,0.8097
2016,SEN,Senegal,Agriculture,646471.11,636241.98,0.9842
2016,SEN,Senegal,Peace and Security,769344.66,599575.37,0.7793
2016,MLI,Mali,Humanitarian,513471.02,427575.51,0.8327
2016,MLI,Mali,Education,1188350.64,897887.89,0.7556
2016,MLI,Mali,Economic Development,4277177.52,4277177.52,1.0
2016,MLI,Mali,Peace and Security,1682923.8,1283579.71,0.7627
2017,AFG,Afghanistan,Humanitarian,277499.19,229244.95,0.8261
2017,AFG,Afghanistan,Governance,591994.1,454807.4,0.7683
2017,AFG,Afghanistan,Agriculture,473116.45,426679.57,0.9018
2017,AFG,Afghanistan,Peace and Security,674081.16,533253.11,0.7911
2017,EGY,Egypt,Health,4445187.49,4117350.45,0.9262
2017,EGY,Egypt,Economic Development,369604.73,232800.35,0.6299
2017,EGY,Egypt,Governance,124852.27,94245.46,0.7549
2017,EGY,Egypt,Agriculture,1642050.67,1187019.69,0.7229
2017,EGY,Egypt,Peace and Security,203350.46,123417.45,0.6069
2017,ETH,Ethiopia,Humanitarian,175364.66,159292.82,0.9084
2017,ETH,Ethiopia,Governance,1197071.98,993725.38,0.8301
2017,ETH,Ethiopia,Peace and Security,254941.81,219023.1,0.8591
2017,JOR,Jordan,Health,114479.78,114479.78,1.0
2017,JOR,Jordan,Humanitarian,137197.6,120519.38,0.8784
2017,JOR,Jordan,Education,1790487.8,1461285.86,0.8161
2017,JOR,Jordan,Agriculture,415425.27,385002.95,0.9268
2017,JOR,Jordan,Peace and Security,1439099.62,1183625.68,0.8225
2017,KEN,Kenya,Health,1099778.12,1003963.61,0.9129
2017,KEN,Kenya,Humanitarian,4370321.17,3512558.21,0.8037
2017,KEN,Kenya,Education,286549.81,226634.13,0.7909
2017,KEN,Kenya,Economic Development,1973473.02,1526003.58,0.7733
2017,KEN,Kenya,Governance,98267.22,75388.86,0.7672
2017,KEN,Kenya,Agriculture,490368.75,297504.84,0.6067
2017,KEN,Kenya,Peace and Security,190338.11,190338.11,1.0
2017,NGA,Nigeria,Education,918927.75,704806.19,0.767
2017,NGA,Nigeria,Economic Development,911611.19,544813.59,0.5976
2017,NGA,Nigeria,Governance,151325.48,119924.82,0.7925
2017,NGA,Nigeria,Agriculture,913687.18,830122.19,0.9085
2017,PAK,Pakistan,Health,365864.23,307276.54,0.8399
2017,PAK,Pakistan,Humanitarian,344476.76,303263.21,0.8804
2017,PAK,Pakistan,Education,425561.84,361629.29,0.8498
2017,PAK,Pakistan,Economic Development,318693.39,318693.39,1.0
2017,PAK,Pakistan,Governance,3690861.15,3492069.37,0.9461
2017,PAK,Pakistan,Agriculture,729634.07,687154.83,0.9418
2017,PAK,Pakistan,Peace and Security,202096.95,172231.44,0.8522
2017,SOM,Somalia,Health,173677.68,137961.36,0.7944
2017,SOM,Somalia,Humanitarian,3291563.7,2842862.1,0.8637
2017,SOM,Somalia,Economic Development,152164.47,116504.87,0.7657
2017,SOM,Somalia,Governance,124075.55,79167.62,0.6381
2017,SSD,South Sudan,Health,415324.81,275783.33,0.664
2017,SSD,South Sudan,Humanitarian,1190998.31,1016854.8,0.8538
2017,SSD,South Sudan,Education,422913.92,354358.39,0.8379
2017,SSD,South Sudan,Economic Development,205092.38,141979.72,0.6923
2017,SSD,South Sudan,Governance,225868.28,208608.53,0.9236
2017,SSD,South Sudan,Agriculture,1035385.75,915145.28,0.8839
2017,SSD,South Sudan,Peace and Security,414017.04,267657.49,0.6465
2017,SDN,Sudan,Health,1944172.61,1528000.95,0.7859
2017,SDN,Sudan,Humanitarian,285034.89,231991.57,0.8139
2017,SDN,Sudan,Governance,1689228.02,1673023.97,0.9904
2017,UGA,Uganda,Health,448885.75,306981.63,0.6839
2017,UGA,Uganda,Humanitarian,1190580.09,1190580.09,1.0
2017,UGA,Uganda,Education,1000147.5,782800.61,0.7827
2017,UGA,Uganda,Economic Development,729841.31,621692.1,0.8518
2017,UGA,Uganda,Governance,382291.19,299467.92,0.7834
2017,UGA,Uganda,Peace and Security,540175.01,430431.66,0.7968
2017,UKR,Ukraine,Health,562075.62,477349.47,0.8493
2017,UKR,Ukraine,Humanitarian,627732.65,523728.75,0.8343
2017,UKR,Ukraine,Education,103507.62,83294.95,0.8047
2017,UKR,Ukraine,Governance,2378817.51,2194845.36,0.9227
2017,UKR,Ukraine,Agriculture,297793.52,224807.21,0.7549
2017,UKR,Ukraine,Peace and Security,259050.44,196483.08,0.7585
2017,COL,Colombia,Education,298260.32,287111.07,0.9626
2017,COL,Colombia,Economic Development,123168.86,109737.25,0.8909
2017,COL,Colombia,Governance,453457.59,381400.1,0.8411
2017,COL,Colombia,Agriculture,228499.12,212041.51,0.928
2017,COL,Colombia,Peace and Security,177112.59,139745.8,0.789
2017,HTI,Haiti,Health,431469.35,303736.33,0.704
2017,HTI,Haiti,Education,178756.53,152006.51,0.8504
2017,HTI,Haiti,Economic Development,262495.73,232740.14,0.8866
2017,HTI,Haiti,Governance,1659547.74,1542503.91,0.9295
2017,HTI,Haiti,Agriculture,1478694.12,1313978.27,0.8886
2017,HTI,Haiti,Peace and Security,210473.32,194924.65,0.9261
2017,IRQ,Iraq,Health,149208.59,144602.19,0.9691
2017,IRQ,Iraq,Humanitarian,175237.18,151946.18,0.8671
2017,IRQ,Iraq,Education,815173.82,645801.85,0.7922
2017,IRQ,Iraq,Economic Development,1354569.08,1106692.08,0.817
2017,IRQ,Iraq,Governance,1404079.43,1015741.79,0.7234
2017,IRQ,Iraq,Agriculture,1087597.41,909951.15,0.8367
2017,IRQ,Iraq,Peace and Security,3461925.31,3148842.19,0.9096
2017,YEM,Yemen,Health,897381.25,723165.16,0.8059
2017,YEM,Yemen,Economic Development,3376853.45,2881914.1,0.8534
2017,YEM,Yemen,Governance,1313102.42,1201054.31,0.9147
2017,YEM,Yemen,Peace and Security,527424.85,441696.9,0.8375
2017,BGD,Bangladesh,Humanitarian,1749306.69,1370925.14,0.7837
2017,BGD,Bangladesh,Education,1857851.68,1857851.68,1.0
2017,BGD,Bangladesh,Economic Development,776718.75,776718.75,1.0
2017,BGD,Bangladesh,Governance,854004.38,679017.72,0.7951
2017,BGD,Bangladesh,Agriculture,403190.96,330565.63,0.8199
2017,BGD,Bangladesh,Peace and Security,224649.1,197835.72,0.8806
2017,IND,India,Health,987611.19,848138.82,0.8588
2017,IND,India,Education,242638.59,175580.08,0.7236
2017,IND,India,Economic Development,72350.99,64176.76,0.887
2017,IND,India,Governance,284453.5,269865.71,0.9487
2017,IND,India,Peace and Security,989334.03,867082.46,0.8764
2017,IDN,Indonesia,Health,1047308.68,952372.41,0.9094
2017,IDN,Indonesia,Education,862733.14,634702.94,0.7357
2017,IDN,Indonesia,Economic Development,359063.76,195597.04,0.5447
2017,IDN,Indonesia,Governance,2942006.28,1441994.62,0.4901
2017,IDN,Indonesia,Peace and Security,347922.08,249050.75,0.7158
2017,PHL,Philippines,Education,127779.57,98679.06,0.7723
2017,PHL,Philippines,Economic Development,141982.23,123609.8,0.8706
2017,PHL,Philippines,Governance,529534.51,311814.37,0.5888
2017,PHL,Philippines,Agriculture,526922.39,526922.39,1.0
2017,PHL,Philippines,Peace and Security,416928.13,335223.69,0.804
2017,VNM,Vietnam,Health,118384.99,108332.93,0.9151
2017,VNM,Vietnam,Humanitarian,351086.64,281604.33,0.8021
2017,VNM,Vietnam,Education,1585059.09,1303246.81,0.8222
2017,VNM,Vietnam,Governance,5629026.99,3259060.58,0.579
2017,VNM,Vietnam,Agriculture,940455.62,789489.3,0.8395
2017,VNM,Vietnam,Peace and Security,2410802.57,2410802.57,1.0
2017,GHA,Ghana,Health,1101450.46,875155.1,0.7945
2017,GHA,Ghana,Humanitarian,681691.2,631495.43,0.9264
2017,GHA,Ghana,Education,666386.07,507979.24,0.7623
2017,GHA,Ghana,Governance,173852.41,165810.28,0.9537
2017,GHA,Ghana,Agriculture,1895778.82,1338091.31,0.7058
2017,TZA,Tanzania,Health,467886.21,428451.81,0.9157
2017,TZA,Tanzania,Humanitarian,2196618.91,2196618.91,1.0
2017,TZA,Tanzania,Governance,1204950.41,920599.68,0.764
2017,TZA,Tanzania,Agriculture,1077349.46,914511.6,0.8489
2017,TZA,Tanzania,Peace and Security,247891.67,238187.21,0.9609
2017,MOZ,Mozambique,Governance,2702789.27,1773081.36,0.656
2017,MOZ,Mozambique,Peace and Security,290573.3,222965.94,0.7673
2017,MWI,Malawi,Health,1544864.2,1374013.29,0.8894
2017,MWI,Malawi,Economic Development,4578073.64,3224679.64,0.7044
2017,MWI,Malawi,Governance,1975901.22,1277269.53,0.6464
2017,MWI,Malawi,Agriculture,1591508.91,1356382.37,0.8523
2017,PER,Peru,Health,139707.54,111783.72,0.8001
2017,PER,Peru,Humanitarian,504956.07,443206.2,0.8777
2017,PER,Peru,Education,50074.38,43593.82,0.8706
2017,PER,Peru,Governance,5805014.89,4830951.32,0.8322
2017,PER,Peru,Peace and Security,1546239.73,1334066.79,0.8628
2017,GTM,Guatemala,Health,1557450.51,1073673.78,0.6894
2017,GTM,Guatemala,Humanitarian,928926.7,928926.7,1.0
2017,GTM,Guatemala,Education,500803.07,500803.07,1.0
2017,GTM,Guatemala,Governance,4149137.32,4149137.32,1.0
2017,GTM,Guatemala,Agriculture,247325.21,186150.22,0.7527
2017,GTM,Guatemala,Peace and Security,213342.05,155155.02,0.7273
2017,SLV,El Salvador,Humanitarian,948546.01,783116.05,0.8256
2017,SLV,El Salvador,Education,1273443.36,1084252.68,0.8514
2017,SLV,El Salvador,Governance,794621.01,660810.59,0.8316
2017,SLV,El Salvador,Agriculture,1312422.53,1243816.2,0.9477
2017,SLV,El Salvador,Peace and Security,539772.48,373404.79,0.6918
2017,MEX,Mexico,Health,945841.3,874121.67,0.9242
2017,MEX,Mexico,Humanitarian,500397.12,369274.93,0.738
2017,MEX,Mexico,Education,161187.73,134961.11,0.8373
2017,MEX,Mexico,Economic Development,198649.46,171018.99,0.8609
2017,MEX,Mexico,Governance,1086587.34,831510.96,0.7652
2017,MEX,Mexico,Agriculture,3214943.28,2711075.32,0.8433
2017,MEX,Mexico,Peace and Security,267756.89,209011.48,0.7806
2017,PSE,West Bank and Gaza,Health,465005.58,320484.05,0.6892
2017,PSE,West Bank and Gaza,Education,208657.83,173552.0,0.8318
2017,PSE,West Bank and Gaza,Economic Development,85205.74,65884.03,0.7732
2017,PSE,West Bank and Gaza,Agriculture,659630.53,328502.66,0.498
2017,LBN,Lebanon,Health,717297.14,627863.84,0.8753
2017,LBN,Lebanon,Humanitarian,614063.07,566101.36,0.9219
2017,LBN,Lebanon,Education,9203044.75,7240504.96,0.7868
2017,LBN,Lebanon,Economic Development,2979053.74,2659633.58,0.8928
2017,LBN,Lebanon,Governance,273633.75,233896.68,0.8548
2017,LBN,Lebanon,Agriculture,152436.89,121336.09,0.796
2017,SYR,Syria,Health,249142.72,167801.29,0.6735
2017,SYR,Syria,Humanitarian,721178.32,690252.08,0.9571
2017,SYR,Syria,Education,257430.26,167622.23,0.6511
2017,SYR,Syria,Economic Development,385844.99,385844.99,1.0
2017,SYR,Syria,Governance,3229987.53,2309871.84,0.7151
2017,SYR,Syria,Agriculture,419832.94,300711.2,0.7163
2017,SYR,Syria,Peace and Security,623312.36,482132.28,0.7735
2017,TUR,Turkey,Health,2247442.51,1596431.43,0.7103
2017,TUR,Turkey,Humanitarian,123244.27,98201.77,0.7968
2017,TUR,Turkey,Education,778623.08,653493.82,0.8393
2017,TUR,Turkey,Economic Development,1182621.81,887056.57,0.7501
2017,TUR,Turkey,Governance,218194.23,168186.4,0.7708
2017,TUR,Turkey,Agriculture,232164.55,220084.65,0.948
2017,TUR,Turkey,Peace and Security,401763.94,306427.78,0.7627
2017,GEO,Georgia,Health,518542.52,424271.57,0.8182
2017,GEO,Georgia,Humanitarian,335547.02,201529.72,0.6006
2017,GEO,Georgia,Education,1164420.9,810442.44,0.696
2017,GEO,Georgia,Governance,248785.45,248785.45,1.0
2017,GEO,Georgia,Agriculture,938089.12,722028.26,0.7697
2017,MDA,Moldova,Humanitarian,197735.88,160615.34,0.8123
2017,MDA,Moldova,Economic Development,3646622.45,3342238.05,0.9165
2017,MDA,Moldova,Governance,104087.09,76534.46,0.7353
2017,MDA,Moldova,Agriculture,273727.02,175970.26,0.6429
2017,MDA,Moldova,Peace and Security,583075.42,506674.43,0.869
2017,KOS,Kosovo,Health,541640.11,381487.81,0.7043
2017,KOS,Kosovo,Humanitarian,378583.69,280035.05,0.7397
2017,KOS,Kosovo,Governance,262181.4,262181.4,1.0
2017,KOS,Kosovo,Agriculture,839122.08,673215.75,0.8023
2017,KOS,Kosovo,Peace and Security,2788186.85,2114556.6,0.7584
2017,LBR,Liberia,Health,453236.74,430191.16,0.9492
2017,LBR,Liberia,Humanitarian,585215.04,448699.72,0.7667
2017,LBR,Liberia,Economic Development,196371.46,154171.46,0.7851
2017,LBR,Liberia,Governance,319538.9,319538.9,1.0
2017,LBR,Liberia,Agriculture,9609586.76,7134446.6,0.7424
2017,SLE,Sierra Leone,Health,991832.82,648062.41,0.6534
2017,SLE,Sierra Leone,Education,1030476.46,965366.97,0.9368
2017,SLE,Sierra Leone,Economic Development,2890416.22,2044811.92,0.7074
2017,SLE,Sierra Leone,Governance,74690.05,62582.26,0.8379
2017,SLE,Sierra Leone,Agriculture,71441.3,66391.84,0.9293
2017,SLE,Sierra Leone,Peace and Security,1671372.82,1056596.84,0.6322
2017,COD,DR Congo,Health,483510.36,358321.2,0.7411
2017,COD,DR Congo,Humanitarian,266171.46,207561.02,0.7798
2017,COD,DR Congo,Education,2336206.75,1827447.21,0.7822
2017,COD,DR Congo,Economic Development,1175397.09,1031691.05,0.8777
2017,COD,DR Congo,Governance,698285.52,539947.4,0.7732
2017,COD,DR Congo,Peace and Security,91623.57,61731.23,0.6737
2017,RWA,Rwanda,Economic Development,1959513.89,1522232.81,0.7768
2017,RWA,Rwanda,Governance,885723.5,586394.23,0.6621
2017,RWA,Rwanda,Agriculture,684067.3,467420.07,0.6833
2017,RWA,Rwanda,Peace and Security,126328.82,124268.96,0.9837
2017,ZMB,Zambia,Health,1213944.32,1213944.32,1.0
2017,ZMB,Zambia,Governance,184824.35,175530.26,0.9497
2017,ZMB,Zambia,Agriculture,1853430.56,1378244.59,0.7436
2017,ZWE,Zimbabwe,Health,933738.16,754594.02,0.8081
2017,ZWE,Zimbabwe,Humanitarian,1391380.03,1210403.15,0.8699
2017,ZWE,Zimbabwe,Education,383573.55,314867.61,0.8209
2017,ZWE,Zimbabwe,Economic Development,628782.19,537652.71,0.8551
2017,ZWE,Zimbabwe,Governance,497182.41,368360.63,0.7409
2017,ZWE,Zimbabwe,Agriculture,1044665.28,926907.04,0.8873
2017,MMR,Burma,Health,142375.94,133779.7,0.9396
2017,MMR,Burma,Humanitarian,778359.41,744443.37,0.9564
2017,MMR,Burma,Governance,134000.98,112984.66,0.8432
2017,MMR,Burma,Agriculture,1486553.15,1213971.4,0.8166
2017,MMR,Burma,Peace and Security,1190254.74,1190254.74,1.0
2017,KHM,Cambodia,Health,1246316.3,1064054.66,0.8538
2017,KHM,Cambodia,Humanitarian,169219.71,164534.98,0.9723
2017,KHM,Cambodia,Education,426822.68,355339.07,0.8325
2017,KHM,Cambodia,Economic Development,605299.56,605299.56,1.0
2017,KHM,Cambodia,Governance,220978.08,178358.64,0.8071
2017,KHM,Cambodia,Peace and Security,2215234.54,2215234.54,1.0
2017,NPL,Nepal,Health,681794.84,485282.36,0.7118
2017,NPL,Nepal,Humanitarian,830657.16,698257.0,0.8406
2017,NPL,Nepal,Education,325772.65,325772.65,1.0
2017,NPL,Nepal,Economic Development,577917.81,490069.96,0.848
2017,NPL,Nepal,Governance,822279.95,698287.73,0.8492
2017,NPL,Nepal,Agriculture,78387.2,46401.46,0.592
2017,NPL,Nepal,Peace and Security,535167.71,460344.71,0.8602
2017,LKA,Sri Lanka,Health,902096.39,788125.22,0.8737
2017,LKA,Sri Lanka,Humanitarian,100124.61,99478.85,0.9936
2017,LKA,Sri Lanka,Education,280207.85,280207.85,1.0
2017,LKA,Sri Lanka,Economic Development,220648.81,170254.44,0.7716
2017,LKA,Sri Lanka,Governance,363600.27,228626.19,0.6288
2017,LKA,Sri Lanka,Agriculture,784984.15,513477.61,0.6541
2017,LKA,Sri Lanka,Peace and Security,75617.27,63472.1,0.8394
2017,MAR,Morocco,Peace and Security,3803769.67,3803769.67,1.0
2017,TUN,Tunisia,Health,229748.28,189106.85,0.8231
2017,TUN,Tunisia,Education,268174.21,268174.21,1.0
2017,TUN,Tunisia,Economic Development,232252.6,170849.87,0.7356
2017,TUN,Tunisia,Agriculture,373610.86,238439.67,0.6382
2017,TUN,Tunisia,Peace and Security,543330.29,402296.37,0.7404
2017,SEN,Senegal,Humanitarian,99124.53,62848.36,0.634
2017,SEN,Senegal,Education,198076.01,89963.88,0.4542
2017,SEN,Senegal,Economic Development,1945991.5,1518801.27,0.7805
2017,SEN,Senegal,Governance,50000.0,40325.84,0.8065
2017,SEN,Senegal,Agriculture,3301061.99,2509070.11,0.7601
2017,SEN,Senegal,Peace and Security,841798.09,567228.91,0.6738
2017,MLI,Mali,Humanitarian,355416.41,220105.98,0.6193
2017,MLI,Mali,Economic Development,149122.8,149122.8,1.0
2017,MLI,Mali,Governance,252846.01,204532.29,0.8089
2017,MLI,Mali,Peace and Security,422285.84,367657.85,0.8706
2018,AFG,Afghanistan,Humanitarian,788023.38,716065.73,0.9087
2018,AFG,Afghanistan,Education,4824959.08,3538452.96,0.7334
2018,AFG,Afghanistan,Economic Development,1334024.77,1249107.67,0.9363
2018,AFG,Afghanistan,Governance,1729490.35,1202792.99,0.6955
2018,EGY,Egypt,Health,238373.11,217019.78,0.9104
2018,EGY,Egypt,Humanitarian,115311.45,104284.53,0.9044
2018,EGY,Egypt,Education,681358.13,596451.37,0.8754
2018,EGY,Egypt,Economic Development,547942.39,518848.11,0.9469
2018,EGY,Egypt,Governance,135137.56,98446.03,0.7285
2018,EGY,Egypt,Peace and Security,4912394.29,2206926.49,0.4493
2018,ETH,Ethiopia,Humanitarian,738099.17,723949.44,0.9808
2018,ETH,Ethiopia,Education,569651.1,397434.22,0.6977
2018,ETH,Ethiopia,Governance,50000.0,44484.8,0.8897
2018,ETH,Ethiopia,Agriculture,206791.71,157730.69,0.7628
2018,JOR,Jordan,Health,405548.64,275596.03,0.6796
2018,JOR,Jordan,Education,596791.81,447189.96,0.7493
2018,JOR,Jordan,Economic Development,1277470.7,1083532.95,0.8482
2018,JOR,Jordan,Agriculture,921422.0,787582.87,0.8547
2018,KEN,Kenya,Health,50000.0,41465.69,0.8293
2018,KEN,Kenya,Education,965757.72,717443.3,0.7429
2018,KEN,Kenya,Economic Development,408777.11,358802.97,0.8777
2018,KEN,Kenya,Agriculture,949863.79,873560.1,0.9197
2018,KEN,Kenya,Peace and Security,554461.4,414699.82,0.7479
2018,NGA,Nigeria,Health,2416010.41,2258637.98,0.9349
2018,NGA,Nigeria,Humanitarian,148455.16,136238.39,0.9177
2018,NGA,Nigeria,Education,368665.04,214717.33,0.5824
2018,NGA,Nigeria,Economic Development,1985150.36,1516466.38,0.7639
2018,NGA,Nigeria,Governance,4000605.6,3699361.82,0.9247
2018,NGA,Nigeria,Agriculture,1108582.03,1068012.03,0.9634
2018,NGA,Nigeria,Peace and Security,208551.86,129399.42,0.6205
2018,PAK,Pakistan,Health,661075.35,531599.98,0.8041
2018,PAK,Pakistan,Humanitarian,166760.72,80455.13,0.4825
2018,PAK,Pakistan,Education,487112.02,402649.59,0.8266
2018,PAK,Pakistan,Economic Development,499579.23,431843.43,0.8644
2018,PAK,Pakistan,Governance,1090647.15,783287.64,0.7182
2018,SOM,Somalia,Health,831167.59,670405.74,0.8066
2018,SOM,Somalia,Humanitarian,1011819.75,781144.19,0.772
2018,SOM,Somalia,Education,1291367.01,808354.43,0.626
2018,SOM,Somalia,Economic Development,1306545.79,1218632.36,0.9327
2018,SOM,Somalia,Agriculture,999826.61,810592.9,0.8107
2018,SSD,South Sudan,Health,646512.01,537659.77,0.8316
2018,SSD,South Sudan,Humanitarian,761433.48,581766.38,0.764
2018,SSD,South Sudan,Education,4995184.44,3661182.03,0.7329
2018,SSD,South Sudan,Economic Development,213128.45,183604.28,0.8615
2018,SSD,South Sudan,Governance,895230.41,814908.18,0.9103
2018,SSD,South Sudan,Agriculture,201803.82,129251.4,0.6405
2018,SDN,Sudan,Education,242441.38,222847.34,0.9192
2018,SDN,Sudan,Economic Development,50000.0,36076.4,0.7215
2018,SDN,Sudan,Governance,159728.58,120549.38,0.7547
2018,SDN,Sudan,Agriculture,2655376.9,2549395.16,0.9601
2018,SDN,Sudan,Peace and Security,622876.03,483084.52,0.7756
2018,UGA,Uganda,Humanitarian,438440.43,297371.25,0.6782
2018,UGA,Uganda,Education,351363.6,329047.86,0.9365
2018,UGA,Uganda,Economic Development,62766.06,49968.95,0.7961
2018,UGA,Uganda,Governance,746985.35,513563.76,0.6875
2018,UKR,Ukraine,Health,1469693.69,861706.89,0.5863
2018,UKR,Ukraine,Humanitarian,3057288.38,2512291.35,0.8217
2018,UKR,Ukraine,Education,871787.54,662229.88,0.7596
2018,UKR,Ukraine,Economic Development,1800705.33,1754065.82,0.9741
2018,UKR,Ukraine,Governance,150498.65,138286.54,0.9189
2018,UKR,Ukraine,Peace and Security,423004.8,378474.12,0.8947
2018,COL,Colombia,Humanitarian,266020.79,244879.25,0.9205
2018,COL,Colombia,Education,539467.61,364506.36,0.6757
2018,COL,Colombia,Economic Development,772934.62,706454.49,0.914
2018,COL,Colombia,Governance,400964.74,347323.32,0.8662
2018,COL,Colombia,Agriculture,1184778.34,1184778.34,1.0
2018,HTI,Haiti,Health,50000.0,46726.41,0.9345
2018,HTI,Haiti,Humanitarian,5381629.4,3838234.69,0.7132
2018,HTI,Haiti,Education,172906.39,118272.78,0.684
2018,HTI,Haiti,Economic Development,1459491.81,1073915.26,0.7358
2018,HTI,Haiti,Governance,372798.91,372798.91,1.0
2018,HTI,Haiti,Agriculture,178302.98,148067.82,0.8304
2018,HTI,Haiti,Peace and Security,908500.19,511042.03,0.5625
2018,IRQ,Iraq,Education,686331.57,544295.59,0.7931
2018,IRQ,Iraq,Governance,755771.37,653857.11,0.8652
2018,IRQ,Iraq,Agriculture,495537.7,455880.48,0.92
2018,IRQ,Iraq,Peace and Security,1081118.85,954350.08,0.8827
2018,YEM,Yemen,Health,94866.01,63238.04,0.6666
2018,YEM,Yemen,Humanitarian,1018169.65,818227.11,0.8036
2018,YEM,Yemen,Education,930473.59,843842.17,0.9069
2018,YEM,Yemen,Economic Development,272390.15,241175.55,0.8854
2018,YEM,Yemen,Agriculture,621164.23,441181.91,0.7103
2018,BGD,Bangladesh,Health,76919.1,55034.48,0.7155
2018,BGD,Bangladesh,Humanitarian,599178.69,438442.3,0.7317
2018,BGD,Bangladesh,Education,202013.16,153144.52,0.7581
2018,BGD,Bangladesh,Economic Development,775396.74,649632.36,0.8378
2018,BGD,Bangladesh,Governance,1697058.34,1669501.93,0.9838
2018,BGD,Bangladesh,Agriculture,235040.75,163488.49,0.6956
2018,BGD,Bangladesh,Peace and Security,193539.46,128097.85,0.6619
2018,IND,India,Health,1792894.78,1205460.61,0.6724
2018,IND,India,Humanitarian,104457.06,76957.63,0.7367
2018,IND,India,Education,652996.34,514999.93,0.7887
2018,IND,India,Governance,479194.08,324928.01,0.6781
2018,IND,India,Peace and Security,225027.7,216609.54,0.9626
2018,IDN,Indonesia,Health,2384723.51,2153008.9,0.9028
2018,IDN,Indonesia,Education,185384.72,146799.35,0.7919
2018,IDN,Indonesia,Economic Development,221969.65,172362.16,0.7765
2018,IDN,Indonesia,Governance,371817.6,371817.6,1.0
2018,IDN,Indonesia,Agriculture,128454.63,90717.55,0.7062
2018,IDN,Indonesia,Peace and Security,1712219.77,1550818.5,0.9057
2018,PHL,Philippines,Humanitarian,8327595.03,5708124.36,0.6854
2018,PHL,Philippines,Economic Development,682341.43,540099.44,0.7915
2018,PHL,Philippines,Governance,120936.38,95160.46,0.7869
2018,PHL,Philippines,Agriculture,311252.87,215041.87,0.6909
2018,PHL,Philippines,Peace and Security,903503.24,903503.24,1.0
2018,VNM,Vietnam,Health,577102.81,456034.78,0.7902
2018,VNM,Vietnam,Education,447048.61,261455.33,0.5848
2018,VNM,Vietnam,Economic Development,1189308.71,698849.39,0.5876
2018,VNM,Vietnam,Peace and Security,2291954.41,1855936.09,0.8098
2018,GHA,Ghana,Health,3999920.87,3897858.62,0.9745
2018,GHA,Ghana,Humanitarian,270526.93,254650.2,0.9413
2018,GHA,Ghana,Education,290555.36,230224.23,0.7924
2018,GHA,Ghana,Governance,403784.89,319684.21,0.7917
2018,GHA,Ghana,Peace and Security,2175586.47,2175586.47,1.0
2018,TZA,Tanzania,Health,622977.92,553513.52,0.8885
2018,TZA,Tanzania,Humanitarian,66942.37,57710.18,0.8621
2018,TZA,Tanzania,Education,497188.49,368382.7,0.7409
2018,TZA,Tanzania,Economic Development,997893.19,814888.92,0.8166
2018,TZA,Tanzania,Governance,497833.89,365194.22,0.7336
2018,TZA,Tanzania,Agriculture,355808.45,293755.46,0.8256
2018,TZA,Tanzania,Peace and Security,471937.37,383285.42,0.8122
2018,MOZ,Mozambique,Health,750476.14,700136.02,0.9329
2018,MOZ,Mozambique,Humanitarian,122094.85,83801.7,0.6864
2018,MOZ,Mozambique,Education,1979349.44,1720705.86,0.8693
2018,MOZ,Mozambique,Governance,815255.47,655606.42,0.8042
2018,MOZ,Mozambique,Agriculture,206355.4,141970.2,0.688
2018,MOZ,Mozambique,Peace and Security,182304.03,148982.12,0.8172
2018,MWI,Malawi,Health,66770.11,60310.12,0.9033
2018,MWI,Malawi,Humanitarian,458513.86,390697.29,0.8521
2018,MWI,Malawi,Economic Development,4652503.54,3656474.78,0.7859
2018,MWI,Malawi,Governance,1908157.13,1630009.7,0.8542
2018,MWI,Malawi,Agriculture,1216611.63,1216611.63,1.0
2018,MWI,Malawi,Peace and Security,2274723.3,1786610.57,0.7854
2018,PER,Peru,Health,595303.97,516512.42,0.8676
2018,PER,Peru,Education,1406849.86,1164547.4,0.8278
2018,PER,Peru,Governance,813676.59,714955.74,0.8787
2018,PER,Peru,Agriculture,156454.06,130786.88,0.8359
2018,PER,Peru,Peace and Security,202561.02,169028.72,0.8345
2018,GTM,Guatemala,Education,447225.56,447225.56,1.0
2018,GTM,Guatemala,Economic Development,1853936.69,1516022.35,0.8177
2018,GTM,Guatemala,Governance,251960.59,193012.99,0.766
2018,GTM,Guatemala,Agriculture,107019.96,88510.83,0.827
2018,GTM,Guatemala,Peace and Security,3692902.29,2722858.7,0.7373
2018,SLV,El Salvador,Health,258332.41,195196.87,0.7556
2018,SLV,El Salvador,Education,2006846.14,1769757.08,0.8819
2018,SLV,El Salvador,Economic Development,8951861.87,7918659.64,0.8846
2018,SLV,El Salvador,Governance,430831.0,350520.16,0.8136
2018,SLV,El Salvador,Agriculture,195114.24,169880.47,0.8707
2018,SLV,El Salvador,Peace and Security,216172.12,179628.17,0.8309
2018,MEX,Mexico,Humanitarian,50000.0,38738.31,0.7748
2018,MEX,Mexico,Education,865314.4,715261.78,0.8266
2018,MEX,Mexico,Economic Development,6310268.67,5592700.53,0.8863
2018,PSE,West Bank and Gaza,Health,370638.11,258219.8,0.6967
2018,PSE,West Bank and Gaza,Humanitarian,245816.52,230488.18,0.9376
2018,PSE,West Bank and Gaza,Governance,50000.0,37521.63,0.7504
2018,PSE,West Bank and Gaza,Agriculture,1151986.25,523795.89,0.4547
2018,PSE,West Bank and Gaza,Peace and Security,650675.62,454262.9,0.6981
2018,LBN,Lebanon,Humanitarian,1059570.47,635983.44,0.6002
2018,LBN,Lebanon,Economic Development,687963.78,496916.93,0.7223
2018,LBN,Lebanon,Governance,751569.5,537533.18,0.7152
2018,LBN,Lebanon,Agriculture,1170725.56,942405.12,0.805
2018,LBN,Lebanon,Peace and Security,143560.94,130841.24,0.9114
2018,SYR,Syria,Health,187216.0,140407.76,0.75
2018,SYR,Syria,Education,366413.36,272235.2,0.743
2018,SYR,Syria,Governance,6733155.81,6594755.36,0.9794
2018,TUR,Turkey,Health,309530.13,210936.66,0.6815
2018,TUR,Turkey,Humanitarian,370217.59,272391.7,0.7358
2018,TUR,Turkey,Education,675807.1,510659.31,0.7556
2018,TUR,Turkey,Economic Development,657795.98,644241.94,0.9794
2018,TUR,Turkey,Governance,762243.7,562804.1,0.7384
2018,TUR,Turkey,Agriculture,3431297.41,3071018.33,0.895
2018,TUR,Turkey,Peace and Security,951903.5,779144.35,0.8185
2018,GEO,Georgia,Health,313528.26,275538.83,0.8788
2018,GEO,Georgia,Education,458520.2,342699.48,0.7474
2018,GEO,Georgia,Economic Development,1661885.5,1245061.22,0.7492
2018,GEO,Georgia,Governance,746676.32,578777.05,0.7751
2018,MDA,Moldova,Health,1217591.13,668544.24,0.5491
2018,MDA,Moldova,Humanitarian,160194.73,147237.92,0.9191
2018,MDA,Moldova,Education,140131.05,103670.55,0.7398
2018,MDA,Moldova,Economic Development,359096.38,325455.94,0.9063
2018,MDA,Moldova,Peace and Security,1581081.18,1285070.9,0.8128
2018,KOS,Kosovo,Health,236565.89,217213.87,0.9182
2018,KOS,Kosovo,Humanitarian,1731489.01,1354972.52,0.7825
2018,KOS,Kosovo,Education,739309.29,716816.46,0.9696
2018,KOS,Kosovo,Governance,214802.15,187710.32,0.8739
2018,KOS,Kosovo,Agriculture,186698.45,186698.45,1.0
2018,KOS,Kosovo,Peace and Security,1571474.59,1253115.16,0.7974
2018,LBR,Liberia,Health,224813.25,169696.45,0.7548
2018,LBR,Liberia,Education,372460.46,345124.48,0.9266
2018,LBR,Liberia,Economic Development,661896.07,561985.41,0.8491
2018,LBR,Liberia,Peace and Security,889798.44,583891.67,0.6562
2018,SLE,Sierra Leone,Education,690367.15,523773.01,0.7587
2018,SLE,Sierra Leone,Governance,392172.28,247671.29,0.6315
2018,SLE,Sierra Leone,Agriculture,719792.87,623885.58,0.8668
2018,COD,DR Congo,Humanitarian,450960.55,257817.91,0.5717
2018,COD,DR Congo,Governance,2330709.46,2046144.95,0.8779
2018,COD,DR Congo,Agriculture,504650.96,412047.01,0.8165
2018,COD,DR Congo,Peace and Security,386156.02,326934.27,0.8466
2018,RWA,Rwanda,Health,239014.42,218999.72,0.9163
2018,RWA,Rwanda,Education,409662.13,337595.83,0.8241
2018,RWA,Rwanda,Economic Development,5208538.07,5038474.66,0.9673
2018,RWA,Rwanda,Governance,209629.33,170837.0,0.8149
2018,RWA,Rwanda,Agriculture,722797.93,517494.59,0.716
2018,RWA,Rwanda,Peace and Security,241972.87,218268.8,0.902
2018,ZMB,Zambia,Health,158555.58,131492.97,0.8293
2018,ZMB,Zambia,Education,1367323.39,1046497.5,0.7654
2018,ZMB,Zambia,Economic Development,1969348.57,1404409.9,0.7131
2018,ZMB,Zambia,Peace and Security,600321.46,423705.35,0.7058
2018,ZWE,Zimbabwe,Humanitarian,10059261.61,10059261.61,1.0
2018,ZWE,Zimbabwe,Economic Development,66648.86,60245.68,0.9039
2018,ZWE,Zimbabwe,Governance,205534.69,157656.44,0.7671
2018,ZWE,Zimbabwe,Agriculture,572005.64,558776.84,0.9769
2018,ZWE,Zimbabwe,Peace and Security,875527.05,834820.79,0.9535
2018,MMR,Burma,Health,5433582.01,4427029.76,0.8148
2018,MMR,Burma,Economic Development,605505.67,519442.52,0.8579
2018,MMR,Burma,Governance,2287534.82,2287534.82,1.0
2018,MMR,Burma,Agriculture,2924658.96,2837960.31,0.9704
2018,MMR,Burma,Peace and Security,3497342.34,2290914.42,0.655
2018,KHM,Cambodia,Health,171009.17,171009.17,1.0
2018,KHM,Cambodia,Education,1958119.5,1751720.3,0.8946
2018,KHM,Cambodia,Governance,1094619.51,1094619.51,1.0
2018,KHM,Cambodia,Agriculture,285665.33,214652.88,0.7514
2018,KHM,Cambodia,Peace and Security,549785.94,366469.62,0.6666
2018,NPL,Nepal,Health,127351.95,99736.67,0.7832
2018,NPL,Nepal,Humanitarian,410158.13,409183.19,0.9976
2018,NPL,Nepal,Education,1865303.19,1865303.19,1.0
2018,NPL,Nepal,Economic Development,2724603.24,2217688.58,0.8139
2018,NPL,Nepal,Governance,740495.69,488858.5,0.6602
2018,NPL,Nepal,Agriculture,450967.86,389606.46,0.8639
2018,NPL,Nepal,Peace and Security,203483.89,138665.57,0.6815
2018,LKA,Sri Lanka,Health,139201.28,94517.51,0.679
2018,LKA,Sri Lanka,Humanitarian,663677.33,478285.49,0.7207
2018,LKA,Sri Lanka,Education,751654.18,690100.47,0.9181
2018,LKA,Sri Lanka,Economic Development,351173.71,190130.08,0.5414
2018,LKA,Sri Lanka,Governance,153542.7,139158.32,0.9063
2018,LKA,Sri Lanka,Peace and Security,435651.83,263286.28,0.6044
2018,MAR,Morocco,Humanitarian,613287.61,443113.23,0.7225
2018,MAR,Morocco,Education,2631881.73,1569909.5,0.5965
2018,MAR,Morocco,Economic Development,952137.74,794535.23,0.8345
2018,MAR,Morocco,Governance,228093.3,142155.25,0.6232
2018,MAR,Morocco,Agriculture,337549.15,306854.08,0.9091
2018,TUN,Tunisia,Health,606708.47,511595.28,0.8432
2018,TUN,Tunisia,Governance,349236.43,349236.43,1.0
2018,TUN,Tunisia,Agriculture,619252.63,529482.78,0.855
2018,SEN,Senegal,Health,284391.07,284391.07,1.0
2018,SEN,Senegal,Humanitarian,166033.25,165711.13,0.9981
2018,SEN,Senegal,Education,224154.48,159644.66,0.7122
2018,SEN,Senegal,Economic Development,11248154.3,9889547.15,0.8792
2018,SEN,Senegal,Governance,710689.21,529357.98,0.7449
2018,SEN,Senegal,Agriculture,757699.81,735917.1,0.9713
2018,MLI,Mali,Health,867733.22,740780.72,0.8537
2018,MLI,Mali,Humanitarian,332828.32,288500.65,0.8668
2018,MLI,Mali,Education,9443754.82,7731238.29,0.8187
2018,MLI,Mali,Economic Development,1682572.39,1272799.72,0.7565
2018,MLI,Mali,Governance,485429.81,356106.2,0.7336
2018,MLI,Mali,Agriculture,600425.84,570747.84,0.9506
2018,MLI,Mali,Peace and Security,104726.66,70250.02,0.6708
2019,AFG,Afghanistan,Humanitarian,575837.52,507649.28,0.8816
2019,AFG,Afghanistan,Economic Development,133150.12,98257.27,0.7379
2019,AFG,Afghanistan,Governance,2338397.51,1815687.99,0.7765
2019,AFG,Afghanistan,Agriculture,2763084.02,2560573.99,0.9267
2019,EGY,Egypt,Health,468088.56,335548.95,0.7168
2019,EGY,Egypt,Education,302843.17,264999.27,0.875
2019,EGY,Egypt,Economic Development,805396.66,805396.66,1.0
2019,EGY,Egypt,Governance,2714662.82,2003536.38,0.738
2019,ETH,Ethiopia,Health,237808.96,174207.74,0.7326
2019,ETH,Ethiopia,Humanitarian,236068.55,198919.82,0.8426
2019,ETH,Ethiopia,Education,403290.19,347835.79,0.8625
2019,ETH,Ethiopia,Economic Development,2037232.89,1505097.48,0.7388
2019,ETH,Ethiopia,Governance,5630678.54,5630678.54,1.0
2019,ETH,Ethiopia,Peace and Security,799280.69,606470.15,0.7588
2019,JOR,Jordan,Health,766879.76,746804.61,0.9738
2019,JOR,Jordan,Humanitarian,1366845.01,1148165.81,0.84
2019,JOR,Jordan,Education,330007.32,254573.08,0.7714
2019,JOR,Jordan,Economic Development,279321.9,255277.03,0.9139
2019,JOR,Jordan,Governance,350693.04,188042.6,0.5362
2019,JOR,Jordan,Peace and Security,510145.03,421020.63,0.8253
2019,KEN,Kenya,Health,1040793.22,740646.21,0.7116
2019,KEN,Kenya,Humanitarian,689513.13,533655.49,0.774
2019,KEN,Kenya,Education,343143.3,323560.46,0.9429
2019,KEN,Kenya,Economic Development,540806.96,508440.44,0.9402
2019,KEN,Kenya,Governance,535962.01,431895.98,0.8058
2019,KEN,Kenya,Agriculture,596659.46,465928.78,0.7809
2019,KEN,Kenya,Peace and Security,50000.0,40333.49,0.8067
2019,NGA,Nigeria,Health,2183529.49,1908357.44,0.874
2019,NGA,Nigeria,Humanitarian,3983783.99,3215746.19,0.8072
2019,NGA,Nigeria,Education,1384487.78,1036436.17,0.7486
2019,NGA,Nigeria,Economic Development,2831338.92,2509840.04,0.8864
2019,NGA,Nigeria,Governance,114732.82,94589.54,0.8244
2019,NGA,Nigeria,Agriculture,124055.29,104704.6,0.844
2019,PAK,Pakistan,Health,3397647.18,2496193.95,0.7347
2019,PAK,Pakistan,Education,69197.76,60618.88,0.876
2019,PAK,Pakistan,Governance,211275.73,207904.27,0.984
2019,PAK,Pakistan,Agriculture,822022.14,727773.07,0.8853
2019,PAK,Pakistan,Peace and Security,395892.42,312177.08,0.7885
2019,SOM,Somalia,Health,912240.4,739419.0,0.8106
2019,SOM,Somalia,Governance,2832924.85,1674747.17,0.5912
2019,SOM,Somalia,Agriculture,439354.71,300348.65,0.6836
2019,SOM,Somalia,Peace and Security,1471929.27,1308810.71,0.8892
2019,SSD,South Sudan,Health,513023.73,431339.2,0.8408
2019,SSD,South Sudan,Humanitarian,2046301.6,1832704.05,0.8956
2019,SSD,South Sudan,Education,82418.37,81185.2,0.985
2019,SSD,South Sudan,Governance,2394817.38,2108495.13,0.8804
2019,SSD,South Sudan,Agriculture,80279.34,62048.5,0.7729
2019,SDN,Sudan,Humanitarian,16775406.21,13684223.36,0.8157
2019,SDN,Sudan,Education,670768.31,622285.42,0.9277
2019,SDN,Sudan,Governance,1876601.2,1500569.2,0.7996
2019,SDN,Sudan,Peace and Security,215153.8,215153.8,1.0
2019,UGA,Uganda,Health,706805.11,543565.35,0.769
2019,UGA,Uganda,Humanitarian,1750204.73,1319850.91,0.7541
2019,UGA,Uganda,Education,331043.91,222863.71,0.6732
2019,UGA,Uganda,Governance,1032153.85,981467.12,0.9509
2019,UGA,Uganda,Agriculture,385568.69,319998.33,0.8299
2019,UGA,Uganda,Peace and Security,477946.21,337927.08,0.707
2019,UKR,Ukraine,Health,2127632.04,2020880.39,0.9498
2019,UKR,Ukraine,Humanitarian,3012421.65,2451400.31,0.8138
2019,UKR,Ukraine,Education,2347643.26,1793009.5,0.7637
2019,UKR,Ukraine,Economic Development,74059.17,63563.61,0.8583
2019,UKR,Ukraine,Governance,1485214.64,1328361.7,0.8944
2019,UKR,Ukraine,Agriculture,2066392.64,1442905.79,0.6983
2019,UKR,Ukraine,Peace and Security,993928.3,802348.33,0.8072
2019,COL,Colombia,Health,912222.76,897725.41,0.9841
2019,COL,Colombia,Humanitarian,447385.51,447385.51,1.0
2019,COL,Colombia,Education,562263.99,454073.89,0.8076
2019,COL,Colombia,Agriculture,701122.94,540574.08,0.771
2019,COL,Colombia,Peace and Security,500636.91,316176.16,0.6315
2019,HTI,Haiti,Health,195095.91,130413.96,0.6685
2019,HTI,Haiti,Education,151490.57,87958.87,0.5806
2019,HTI,Haiti,Governance,584357.75,438836.88,0.751
2019,HTI,Haiti,Agriculture,342908.04,317417.56,0.9257
2019,HTI,Haiti,Peace and Security,459498.41,443320.98,0.9648
2019,IRQ,Iraq,Health,702903.99,470482.59,0.6693
2019,IRQ,Iraq,Education,728936.6,501059.62,0.6874
2019,IRQ,Iraq,Peace and Security,140809.91,109100.47,0.7748
2019,YEM,Yemen,Health,474979.36,399677.43,0.8415
2019,YEM,Yemen,Humanitarian,382060.04,327854.01,0.8581
2019,YEM,Yemen,Education,1005525.09,874151.29,0.8693
2019,YEM,Yemen,Governance,508975.6,395104.04,0.7763
2019,BGD,Bangladesh,Health,577363.05,533080.24,0.9233
2019,BGD,Bangladesh,Humanitarian,606434.02,546780.48,0.9016
2019,BGD,Bangladesh,Economic Development,4071787.62,3166465.43,0.7777
2019,BGD,Bangladesh,Governance,6281292.79,6281292.79,1.0
2019,IND,India,Health,521064.06,521064.06,1.0
2019,IND,India,Humanitarian,93528.26,86417.07,0.924
2019,IND,India,Education,67822.18,55354.54,0.8162
2019,IND,India,Economic Development,96865.28,90936.45,0.9388
2019,IND,India,Governance,2056064.5,1742587.47,0.8475
2019,IND,India,Agriculture,86982.95,68015.76,0.7819
2019,IND,India,Peace and Security,478919.32,359917.8,0.7515
2019,IDN,Indonesia,Humanitarian,194569.9,155224.23,0.7978
2019,IDN,Indonesia,Economic Development,1507236.84,1507236.84,1.0
2019,IDN,Indonesia,Governance,712327.19,334259.58,0.4693
2019,IDN,Indonesia,Agriculture,1202718.53,827315.2,0.6879
2019,PHL,Philippines,Health,2632273.46,2001690.17,0.7604
2019,PHL,Philippines,Humanitarian,316128.07,249883.77,0.7905
2019,PHL,Philippines,Education,112394.72,85348.92,0.7594
2019,PHL,Philippines,Economic Development,882826.74,868695.09,0.984
2019,PHL,Philippines,Governance,366359.15,286495.76,0.782
2019,VNM,Vietnam,Humanitarian,1241489.22,1045204.74,0.8419
2019,VNM,Vietnam,Education,223347.0,148262.44,0.6638
2019,VNM,Vietnam,Economic Development,667498.36,558280.66,0.8364
2019,VNM,Vietnam,Agriculture,483299.46,419266.58,0.8675
2019,VNM,Vietnam,Peace and Security,1711818.89,1430901.58,0.8359
2019,GHA,Ghana,Humanitarian,2253149.04,1425720.29,0.6328
2019,GHA,Ghana,Education,10216526.21,7991494.14,0.7822
2019,GHA,Ghana,Economic Development,3521817.98,2658070.99,0.7547
2019,GHA,Ghana,Agriculture,1278812.72,1170037.76,0.9149
2019,GHA,Ghana,Peace and Security,1971573.65,1405274.21,0.7128
2019,TZA,Tanzania,Health,266743.64,241493.61,0.9053
2019,TZA,Tanzania,Humanitarian,329479.19,329034.24,0.9986
2019,TZA,Tanzania,Education,141115.89,125604.18,0.8901
2019,TZA,Tanzania,Governance,462997.05,462997.05,1.0
2019,TZA,Tanzania,Agriculture,399229.37,335693.83,0.8409
2019,TZA,Tanzania,Peace and Security,523037.68,459791.08,0.8791
2019,MOZ,Mozambique,Health,1970439.46,1346517.7,0.6834
2019,MOZ,Mozambique,Humanitarian,801072.46,801072.46,1.0
2019,MOZ,Mozambique,Economic Development,9904618.99,7417475.83,0.7489
2019,MWI,Malawi,Health,194814.36,161861.45,0.8308
2019,MWI,Malawi,Humanitarian,1257780.64,667203.53,0.5305
2019,MWI,Malawi,Education,2386439.22,2105566.3,0.8823
2019,MWI,Malawi,Economic Development,414031.83,318455.87,0.7692
2019,MWI,Malawi,Agriculture,631911.17,517258.3,0.8186
2019,MWI,Malawi,Peace and Security,313576.5,280150.87,0.8934
2019,PER,Peru,Health,214096.73,161442.7,0.7541
2019,PER,Peru,Humanitarian,660332.76,503078.4,0.7619
2019,PER,Peru,Economic Development,2243771.0,1864422.42,0.8309
2019,PER,Peru,Governance,755223.25,615203.76,0.8146
2019,PER,Peru,Agriculture,439500.67,439500.67,1.0
2019,PER,Peru,Peace and Security,2093196.41,1548062.3,0.7396
2019,GTM,Guatemala,Education,171246.88,124107.49,0.7247
2019,GTM,Guatemala,Governance,430088.69,372323.41,0.8657
2019,GTM,Guatemala,Agriculture,381281.03,324231.84,0.8504
2019,SLV,El Salvador,Health,1148639.99,795657.87,0.6927
2019,SLV,El Salvador,Humanitarian,94428.16,75013.6,0.7944
2019,SLV,El Salvador,Economic Development,1096291.84,1022971.13,0.9331
2019,SLV,El Salvador,Governance,1754593.62,1589745.88,0.906
2019,SLV,El Salvador,Agriculture,1584539.46,1125812.71,0.7105
2019,SLV,El Salvador,Peace and Security,753130.15,671172.1,0.8912
2019,MEX,Mexico,Humanitarian,2083207.64,1315788.45,0.6316
2019,MEX,Mexico,Education,315103.83,233846.35,0.7421
2019,MEX,Mexico,Economic Development,6514434.0,4508501.92,0.6921
2019,MEX,Mexico,Peace and Security,50000.0,38389.53,0.7678
2019,PSE,West Bank and Gaza,Health,225028.96,216648.09,0.9628
2019,PSE,West Bank and Gaza,Humanitarian,1998875.65,1778848.8,0.8899
2019,PSE,West Bank and Gaza,Education,224137.17,179183.27,0.7994
2019,PSE,West Bank and Gaza,Economic Development,534653.27,395613.27,0.7399
2019,PSE,West Bank and Gaza,Governance,87734.78,69524.57,0.7924
2019,PSE,West Bank and Gaza,Agriculture,161750.28,132343.16,0.8182
2019,PSE,West Bank and Gaza,Peace and Security,97923.94,85613.05,0.8743
2019,LBN,Lebanon,Health,6485298.52,4428511.37,0.6829
2019,LBN,Lebanon,Education,148415.09,132392.77,0.892
2019,LBN,Lebanon,Economic Development,1687425.4,1477836.81,0.8758
2019,LBN,Lebanon,Governance,106889.65,89436.65,0.8367
2019,LBN,Lebanon,Agriculture,298430.82,209133.17,0.7008
2019,LBN,Lebanon,Peace and Security,159186.06,138837.93,0.8722
2019,SYR,Syria,Health,76907.92,76907.92,1.0
2019,SYR,Syria,Humanitarian,997957.5,647446.86,0.6488
2019,SYR,Syria,Economic Development,225576.96,225576.96,1.0
2019,SYR,Syria,Governance,1193653.39,705283.06,0.5909
2019,SYR,Syria,Agriculture,120798.05,107027.85,0.886
2019,SYR,Syria,Peace and Security,242206.12,171413.51,0.7077
2019,TUR,Turkey,Health,185453.13,129376.38,0.6976
2019,TUR,Turkey,Humanitarian,334453.18,176185.29,0.5268
2019,TUR,Turkey,Education,2075221.62,1571936.09,0.7575
2019,TUR,Turkey,Agriculture,462995.66,301058.28,0.6502
2019,GEO,Georgia,Health,731989.21,455314.97,0.622
2019,GEO,Georgia,Education,76105.55,67837.98,0.8914
2019,GEO,Georgia,Economic Development,1869004.31,1393720.47,0.7457
2019,GEO,Georgia,Governance,348147.33,334243.5,0.9601
2019,GEO,Georgia,Agriculture,1170989.47,959912.76,0.8197
2019,MDA,Moldova,Health,1414833.46,1283661.36,0.9073
2019,MDA,Moldova,Education,54624.67,40505.98,0.7415
2019,MDA,Moldova,Economic Development,290327.81,277102.68,0.9544
2019,MDA,Moldova,Governance,743841.24,441502.88,0.5935
2019,MDA,Moldova,Agriculture,228499.01,185703.2,0.8127
2019,MDA,Moldova,Peace and Security,731838.98,584959.06,0.7993
2019,KOS,Kosovo,Humanitarian,985836.58,985836.58,1.0
2019,KOS,Kosovo,Education,194469.71,143328.67,0.737
2019,KOS,Kosovo,Economic Development,616929.93,561038.8,0.9094
2019,KOS,Kosovo,Governance,371466.05,328598.88,0.8846
2019,KOS,Kosovo,Agriculture,301711.96,253401.41,0.8399
2019,LBR,Liberia,Health,2967068.0,2493840.01,0.8405
2019,LBR,Liberia,Humanitarian,1018014.45,826560.45,0.8119
2019,LBR,Liberia,Education,188991.68,174463.12,0.9231
2019,LBR,Liberia,Economic Development,688984.0,613575.68,0.8906
2019,LBR,Liberia,Governance,997215.21,733499.7,0.7355
2019,LBR,Liberia,Agriculture,267651.38,193404.3,0.7226
2019,LBR,Liberia,Peace and Security,450034.73,317962.16,0.7065
2019,SLE,Sierra Leone,Education,85808.73,55723.21,0.6494
2019,SLE,Sierra Leone,Economic Development,152642.71,120778.64,0.7913
2019,SLE,Sierra Leone,Governance,1722236.6,1693888.45,0.9835
2019,SLE,Sierra Leone,Agriculture,212136.86,185245.09,0.8732
2019,SLE,Sierra Leone,Peace and Security,891846.55,607164.99,0.6808
2019,COD,DR Congo,Health,770132.25,595319.97,0.773
2019,COD,DR Congo,Humanitarian,661713.17,492504.38,0.7443
2019,COD,DR Congo,Economic Development,256709.98,226429.52,0.882
2019,COD,DR Congo,Governance,111987.64,87821.48,0.7842
2019,COD,DR Congo,Agriculture,402003.45,303469.81,0.7549
2019,COD,DR Congo,Peace and Security,182700.67,155466.4,0.8509
2019,RWA,Rwanda,Health,429764.13,229243.41,0.5334
2019,RWA,Rwanda,Humanitarian,377029.84,260851.43,0.6919
2019,RWA,Rwanda,Economic Development,237453.07,167715.17,0.7063
2019,RWA,Rwanda,Agriculture,336901.8,218629.26,0.6489
2019,RWA,Rwanda,Peace and Security,715312.72,576049.27,0.8053
2019,ZMB,Zambia,Health,176070.9,147032.05,0.8351
2019,ZMB,Zambia,Humanitarian,202325.01,109475.88,0.5411
2019,ZMB,Zambia,Education,277091.41,179922.86,0.6493
2019,ZMB,Zambia,Governance,158807.88,103294.1,0.6504
2019,ZMB,Zambia,Agriculture,531397.27,315914.08,0.5945
2019,ZMB,Zambia,Peace and Security,111782.1,109094.8,0.976
2019,ZWE,Zimbabwe,Health,8410334.66,6606108.85,0.7855
2019,ZWE,Zimbabwe,Humanitarian,243274.44,194624.69,0.8
2019,ZWE,Zimbabwe,Education,249423.53,225960.17,0.9059
2019,ZWE,Zimbabwe,Economic Development,470581.7,434621.75,0.9236
2019,ZWE,Zimbabwe,Governance,708009.33,389319.84,0.5499
2019,ZWE,Zimbabwe,Agriculture,297497.38,271857.5,0.9138
2019,ZWE,Zimbabwe,Peace and Security,168174.81,133219.88,0.7922
2019,MMR,Burma,Health,79667.46,68412.23,0.8587
2019,MMR,Burma,Humanitarian,2011400.53,1482368.39,0.737
2019,MMR,Burma,Economic Development,272247.35,211794.16,0.7779
2019,MMR,Burma,Governance,529207.33,368608.04,0.6965
2019,MMR,Burma,Agriculture,1325344.54,973709.28,0.7347
2019,KHM,Cambodia,Health,72684.54,59908.04,0.8242
2019,KHM,Cambodia,Humanitarian,4521664.96,3757893.39,0.8311
2019,KHM,Cambodia,Education,406695.09,358484.82,0.8815
2019,KHM,Cambodia,Economic Development,179660.39,149345.57,0.8313
2019,KHM,Cambodia,Agriculture,2337493.77,1829443.34,0.7827
2019,KHM,Cambodia,Peace and Security,458362.44,357018.16,0.7789
2019,NPL,Nepal,Humanitarian,1314605.15,1021237.17,0.7768
2019,NPL,Nepal,Education,216832.13,149927.08,0.6914
2019,NPL,Nepal,Governance,2786643.48,2297422.39,0.8244
2019,NPL,Nepal,Agriculture,2180686.14,1668012.62,0.7649
2019,NPL,Nepal,Peace and Security,1192346.09,1070561.31,0.8979
2019,LKA,Sri Lanka,Humanitarian,936982.84,617239.41,0.6588
2019,LKA,Sri Lanka,Education,1416176.81,1183725.72,0.8359
2019,LKA,Sri Lanka,Economic Development,7432729.71,6848762.13,0.9214
2019,LKA,Sri Lanka,Governance,1073259.51,783735.12,0.7302
2019,LKA,Sri Lanka,Agriculture,220135.13,203685.12,0.9253
2019,LKA,Sri Lanka,Peace and Security,186819.53,135707.65,0.7264
2019,MAR,Morocco,Health,788372.83,765839.06,0.9714
2019,MAR,Morocco,Humanitarian,4456480.7,4087423.74,0.9172
2019,MAR,Morocco,Education,247669.13,203892.18,0.8232
2019,MAR,Morocco,Economic Development,457673.63,415000.48,0.9068
2019,MAR,Morocco,Governance,1566334.36,1145816.17,0.7315
2019,MAR,Morocco,Peace and Security,66128.41,50326.94,0.761
2019,TUN,Tunisia,Health,409581.47,334190.74,0.8159
2019,TUN,Tunisia,Humanitarian,147515.71,115534.6,0.7832
2019,TUN,Tunisia,Economic Development,2458252.94,1996208.2,0.812
2019,TUN,Tunisia,Governance,142263.48,142263.48,1.0
2019,TUN,Tunisia,Peace and Security,515982.36,413284.95,0.801
2019,SEN,Senegal,Education,1208443.57,900074.65,0.7448
2019,SEN,Senegal,Governance,333201.38,302785.23,0.9087
2019,SEN,Senegal,Agriculture,140022.74,124788.49,0.8912
2019,SEN,Senegal,Peace and Security,1223661.53,1006905.06,0.8229
2019,MLI,Mali,Education,662852.41,603374.46,0.9103
2019,MLI,Mali,Economic Development,2833615.55,2161978.91,0.763
2019,MLI,Mali,Governance,128585.37,105146.55,0.8177
2019,MLI,Mali,Agriculture,167314.3,110594.5,0.661
2019,MLI,Mali,Peace and Security,865777.0,642118.48,0.7417
2020,AFG,Afghanistan,Health,193139.35,175581.18,0.9091
2020,AFG,Afghanistan,Humanitarian,1960264.38,1210687.36,0.6176
2020,AFG,Afghanistan,Education,1140662.14,1100226.04,0.9646
2020,AFG,Afghanistan,Economic Development,220127.95,142502.89,0.6474
2020,AFG,Afghanistan,Governance,457726.57,349275.41,0.7631
2020,AFG,Afghanistan,Agriculture,711061.55,584598.99,0.8221
2020,AFG,Afghanistan,Peace and Security,50000.0,45984.27,0.9197
2020,EGY,Egypt,Health,486374.08,379720.93,0.7807
2020,EGY,Egypt,Economic Development,101507.91,82279.71,0.8106
2020,EGY,Egypt,Agriculture,559643.3,452836.25,0.8092
2020,EGY,Egypt,Peace and Security,152868.74,152868.74,1.0
2020,ETH,Ethiopia,Humanitarian,1318184.78,1249668.69,0.948
2020,ETH,Ethiopia,Education,2869594.87,2515245.67,0.8765
2020,ETH,Ethiopia,Economic Development,828180.44,678253.16,0.819
2020,ETH,Ethiopia,Governance,3402454.2,3402454.2,1.0
2020,ETH,Ethiopia,Agriculture,413287.97,314396.32,0.7607
2020,JOR,Jordan,Health,297679.49,243326.79,0.8174
2020,JOR,Jordan,Governance,50000.0,40177.02,0.8035
2020,JOR,Jordan,Agriculture,141393.55,91589.26,0.6478
2020,JOR,Jordan,Peace and Security,413981.11,307917.09,0.7438
2020,KEN,Kenya,Humanitarian,1153597.74,937422.8,0.8126
2020,KEN,Kenya,Education,1507293.59,1195210.12,0.793
2020,KEN,Kenya,Economic Development,2299196.96,1722195.14,0.749
2020,KEN,Kenya,Governance,3339847.99,3008497.41,0.9008
2020,KEN,Kenya,Agriculture,406876.25,318148.03,0.7819
2020,KEN,Kenya,Peace and Security,577328.61,450910.86,0.781
2020,NGA,Nigeria,Health,2657000.54,2009580.98,0.7563
2020,NGA,Nigeria,Humanitarian,864290.5,713320.02,0.8253
2020,NGA,Nigeria,Economic Development,794743.47,569193.3,0.7162
2020,NGA,Nigeria,Governance,3952953.59,2824116.89,0.7144
2020,NGA,Nigeria,Agriculture,327466.94,250006.61,0.7635
2020,PAK,Pakistan,Health,1022261.68,1022261.68,1.0
2020,PAK,Pakistan,Education,957745.73,580239.52,0.6058
2020,PAK,Pakistan,Economic Development,285419.91,187158.56,0.6557
2020,PAK,Pakistan,Governance,1044583.12,970955.2,0.9295
2020,PAK,Pakistan,Agriculture,973155.5,722328.98,0.7423
2020,SOM,Somalia,Humanitarian,55452.18,55452.18,1.0
2020,SOM,Somalia,Education,950194.12,778194.76,0.819
2020,SOM,Somalia,Economic Development,196619.95,126497.17,0.6434
2020,SOM,Somalia,Agriculture,1300432.3,1137265.87,0.8745
2020,SOM,Somalia,Peace and Security,436791.46,369518.64,0.846
2020,SSD,South Sudan,Health,190497.43,164642.43,0.8643
2020,SSD,South Sudan,Humanitarian,626382.95,462459.79,0.7383
2020,SSD,South Sudan,Education,666127.0,404868.44,0.6078
2020,SSD,South Sudan,Economic Development,7620247.45,5540981.15,0.7271
2020,SSD,South Sudan,Governance,197869.84,152226.56,0.7693
2020,SSD,South Sudan,Peace and Security,4633127.46,3970922.35,0.8571
2020,SDN,Sudan,Health,859811.96,820998.23,0.9549
2020,SDN,Sudan,Humanitarian,3206727.58,3206727.58,1.0
2020,SDN,Sudan,Education,322883.94,255112.3,0.7901
2020,SDN,Sudan,Economic Development,1246153.45,1118068.09,0.8972
2020,SDN,Sudan,Governance,1790560.08,1370949.13,0.7657
2020,SDN,Sudan,Peace and Security,3894724.8,2920556.4,0.7499
2020,UGA,Uganda,Humanitarian,1320718.49,925680.14,0.7009
2020,UGA,Uganda,Education,743729.43,690000.45,0.9278
2020,UGA,Uganda,Governance,780889.95,722217.75,0.9249
2020,UGA,Uganda,Agriculture,939029.78,692440.47,0.7374
2020,UGA,Uganda,Peace and Security,488024.74,390910.66,0.801
2020,UKR,Ukraine,Health,2394342.78,1934266.22,0.8078
2020,UKR,Ukraine,Humanitarian,201883.42,175781.87,0.8707
2020,UKR,Ukraine,Education,810551.68,589716.81,0.7275
2020,UKR,Ukraine,Economic Development,1294919.74,933827.12,0.7211
2020,UKR,Ukraine,Agriculture,1152279.53,995870.01,0.8643
2020,UKR,Ukraine,Peace and Security,1648542.37,1321749.46,0.8018
2020,COL,Colombia,Health,229582.05,204094.95,0.889
2020,COL,Colombia,Education,451522.16,411011.95,0.9103
2020,COL,Colombia,Agriculture,104917.11,87609.34,0.835
2020,COL,Colombia,Peace and Security,690044.02,383689.45,0.556
2020,HTI,Haiti,Health,5509040.3,4893747.46,0.8883
2020,HTI,Haiti,Education,1722622.91,1573736.68,0.9136
2020,HTI,Haiti,Economic Development,2458137.83,2264641.35,0.9213
2020,HTI,Haiti,Governance,416583.87,347668.5,0.8346
2020,HTI,Haiti,Agriculture,771216.03,583024.29,0.756
2020,HTI,Haiti,Peace and Security,650310.16,559068.06,0.8597
2020,IRQ,Iraq,Health,896391.23,596098.6,0.665
2020,IRQ,Iraq,Humanitarian,693325.66,533191.33,0.769
2020,IRQ,Iraq,Education,284914.04,216959.31,0.7615
2020,IRQ,Iraq,Economic Development,232160.19,196697.52,0.8472
2020,IRQ,Iraq,Governance,281228.05,281228.05,1.0
2020,IRQ,Iraq,Agriculture,904830.56,766314.38,0.8469
2020,IRQ,Iraq,Peace and Security,1326759.48,1323343.02,0.9974
2020,YEM,Yemen,Education,52639.52,44827.22,0.8516
2020,YEM,Yemen,Economic Development,883648.96,577053.05,0.653
2020,YEM,Yemen,Agriculture,102810.33,73011.6,0.7102
2020,YEM,Yemen,Peace and Security,1181575.99,954767.2,0.808
2020,BGD,Bangladesh,Health,2311011.36,1923655.58,0.8324
2020,BGD,Bangladesh,Governance,762012.17,655579.23,0.8603
2020,IND,India,Health,226032.32,162724.45,0.7199
2020,IND,India,Education,446871.72,327044.05,0.7319
2020,IND,India,Economic Development,342005.44,342005.44,1.0
2020,IND,India,Governance,143868.84,133835.1,0.9303
2020,IND,India,Agriculture,2917859.72,2518702.27,0.8632
2020,IND,India,Peace and Security,50000.0,38806.4,0.7761
2020,IDN,Indonesia,Health,1923155.11,1298618.83,0.6753
2020,IDN,Indonesia,Humanitarian,960527.99,790555.05,0.823
2020,IDN,Indonesia,Economic Development,1238926.54,880523.63,0.7107
2020,IDN,Indonesia,Governance,139066.5,117039.51,0.8416
2020,IDN,Indonesia,Agriculture,431063.47,383520.25,0.8897
2020,IDN,Indonesia,Peace and Security,70246.51,51221.71,0.7292
2020,PHL,Philippines,Health,2130164.06,1527737.19,0.7172
2020,PHL,Philippines,Education,104797.75,87244.21,0.8325
2020,PHL,Philippines,Economic Development,1228118.88,1126343.67,0.9171
2020,PHL,Philippines,Governance,169586.9,169586.9,1.0
2020,VNM,Vietnam,Education,775575.6,511806.84,0.6599
2020,VNM,Vietnam,Governance,1076924.07,776556.87,0.7211
2020,VNM,Vietnam,Peace and Security,823560.59,738976.47,0.8973
2020,GHA,Ghana,Health,1965271.8,1784684.75,0.9081
2020,GHA,Ghana,Humanitarian,1993520.63,1338329.6,0.6713
2020,GHA,Ghana,Education,71181.12,58111.75,0.8164
2020,GHA,Ghana,Governance,322458.16,239472.54,0.7426
2020,GHA,Ghana,Agriculture,458569.74,403357.67,0.8796
2020,GHA,Ghana,Peace and Security,96936.01,61051.51,0.6298
2020,TZA,Tanzania,Humanitarian,314615.08,216294.92,0.6875
2020,TZA,Tanzania,Education,280685.13,270657.35,0.9643
2020,TZA,Tanzania,Economic Development,364103.9,267630.45,0.735
2020,TZA,Tanzania,Agriculture,1602804.3,1085307.07,0.6771
2020,TZA,Tanzania,Peace and Security,487469.14,293318.85,0.6017
2020,MOZ,Mozambique,Humanitarian,954821.47,624026.68,0.6536
2020,MOZ,Mozambique,Governance,295807.87,266080.52,0.8995
2020,MOZ,Mozambique,Agriculture,326836.53,251776.15,0.7703
2020,MWI,Malawi,Health,355005.12,355005.12,1.0
2020,MWI,Malawi,Humanitarian,430944.42,414310.09,0.9614
2020,MWI,Malawi,Economic Development,367576.68,296219.16,0.8059
2020,MWI,Malawi,Agriculture,588431.17,547954.59,0.9312
2020,MWI,Malawi,Peace and Security,1368731.11,1036087.93,0.757
2020,PER,Peru,Humanitarian,1119251.37,901902.88,0.8058
2020,PER,Peru,Education,216267.71,182184.14,0.8424
2020,PER,Peru,Economic Development,1916964.5,1490864.64,0.7777
2020,PER,Peru,Governance,355236.52,286278.63,0.8059
2020,PER,Peru,Agriculture,2141045.51,1903830.89,0.8892
2020,PER,Peru,Peace and Security,3098257.19,2076413.04,0.6702
2020,GTM,Guatemala,Health,326565.67,205370.33,0.6289
2020,GTM,Guatemala,Education,3613624.02,3001542.01,0.8306
2020,GTM,Guatemala,Economic Development,524798.32,383998.59,0.7317
2020,GTM,Guatemala,Governance,489213.88,307056.4,0.6277
2020,GTM,Guatemala,Agriculture,24379077.72,21822589.63,0.8951
2020,GTM,Guatemala,Peace and Security,1155238.07,815280.58,0.7057
2020,SLV,El Salvador,Health,1466960.13,925811.26,0.6311
2020,SLV,El Salvador,Humanitarian,345963.66,272398.29,0.7874
2020,SLV,El Salvador,Education,739916.8,696167.0,0.9409
2020,SLV,El Salvador,Economic Development,1730925.65,1633819.77,0.9439
2020,SLV,El Salvador,Governance,740285.43,574983.13,0.7767
2020,SLV,El Salvador,Agriculture,367224.3,293413.8,0.799
2020,SLV,El Salvador,Peace and Security,446210.72,284465.07,0.6375
2020,MEX,Mexico,Health,761858.81,580190.83,0.7615
2020,MEX,Mexico,Humanitarian,1723005.52,1309813.37,0.7602
2020,MEX,Mexico,Economic Development,792962.35,639493.59,0.8065
2020,MEX,Mexico,Governance,459266.12,459266.12,1.0
2020,MEX,Mexico,Peace and Security,799596.76,526710.51,0.6587
2020,PSE,West Bank and Gaza,Humanitarian,126356.3,96176.35,0.7612
2020,PSE,West Bank and Gaza,Education,1350274.12,1199502.6,0.8883
2020,PSE,West Bank and Gaza,Economic Development,2364519.75,1438476.4,0.6084
2020,PSE,West Bank and Gaza,Governance,2734772.17,1904551.29,0.6964
2020,PSE,West Bank and Gaza,Peace and Security,2236279.79,1801765.4,0.8057
2020,LBN,Lebanon,Health,968277.12,917095.35,0.9471
2020,LBN,Lebanon,Humanitarian,235220.41,172334.49,0.7327
2020,LBN,Lebanon,Governance,1344749.43,1128093.36,0.8389
2020,SYR,Syria,Humanitarian,64335.1,48875.78,0.7597
2020,SYR,Syria,Education,1292213.12,923046.43,0.7143
2020,SYR,Syria,Economic Development,105248.41,103285.97,0.9814
2020,SYR,Syria,Governance,2288825.5,2095400.35,0.9155
2020,SYR,Syria,Agriculture,468505.62,420630.02,0.8978
2020,TUR,Turkey,Health,1927192.75,1657977.43,0.8603
2020,TUR,Turkey,Humanitarian,250173.6,188389.77,0.753
2020,TUR,Turkey,Education,806669.94,559489.98,0.6936
2020,TUR,Turkey,Agriculture,2351000.66,1675801.66,0.7128
2020,TUR,Turkey,Peace and Security,1046272.95,870273.73,0.8318
2020,GEO,Georgia,Health,111251.25,91235.83,0.8201
2020,GEO,Georgia,Humanitarian,226233.08,171476.02,0.758
2020,GEO,Georgia,Education,1424980.87,1424980.87,1.0
2020,GEO,Georgia,Economic Development,2921093.43,2444637.81,0.8369
2020,GEO,Georgia,Agriculture,2338848.97,2307721.61,0.9867
2020,MDA,Moldova,Health,247151.6,182691.95,0.7392
2020,MDA,Moldova,Humanitarian,2824493.94,2459602.31,0.8708
2020,MDA,Moldova,Education,50000.0,40913.23,0.8183
2020,MDA,Moldova,Agriculture,2131942.44,1587633.35,0.7447
2020,KOS,Kosovo,Humanitarian,1314893.77,965247.95,0.7341
2020,KOS,Kosovo,Education,468576.05,379993.98,0.811
2020,KOS,Kosovo,Economic Development,308050.01,258083.69,0.8378
2020,KOS,Kosovo,Agriculture,1717012.07,1703912.39,0.9924
2020,LBR,Liberia,Health,104423.54,91202.09,0.8734
2020,LBR,Liberia,Humanitarian,479527.92,405472.7,0.8456
2020,LBR,Liberia,Education,1822342.79,1340453.61,0.7356
2020,LBR,Liberia,Economic Development,819678.93,673650.37,0.8218
2020,LBR,Liberia,Governance,452308.72,331269.11,0.7324
2020,LBR,Liberia,Peace and Security,1555267.2,1524846.06,0.9804
2020,SLE,Sierra Leone,Health,251770.01,194754.23,0.7735
2020,SLE,Sierra Leone,Humanitarian,63070.93,63070.93,1.0
2020,SLE,Sierra Leone,Education,7634249.15,5813955.96,0.7616
2020,SLE,Sierra Leone,Economic Development,778875.28,637410.72,0.8184
2020,SLE,Sierra Leone,Governance,142952.01,134369.3,0.94
2020,SLE,Sierra Leone,Agriculture,528236.51,446503.42,0.8453
2020,SLE,Sierra Leone,Peace and Security,259684.33,192560.07,0.7415
2020,COD,DR Congo,Health,1103473.85,1012323.6,0.9174
2020,COD,DR Congo,Humanitarian,465833.93,465833.93,1.0
2020,COD,DR Congo,Education,120453.69,108362.02,0.8996
2020,COD,DR Congo,Economic Development,647963.92,563149.15,0.8691
2020,COD,DR Congo,Governance,3146553.07,2814433.47,0.8944
2020,COD,DR Congo,Peace and Security,5896162.0,3939331.55,0.6681
2020,RWA,Rwanda,Health,796288.69,669755.47,0.8411
2020,RWA,Rwanda,Humanitarian,1904273.27,1532518.75,0.8048
2020,RWA,Rwanda,Education,288154.22,230687.9,0.8006
2020,RWA,Rwanda,Economic Development,212375.0,153091.6,0.7209
2020,RWA,Rwanda,Agriculture,5114217.28,3982144.98,0.7786
2020,RWA,Rwanda,Peace and Security,3987708.14,3207484.97,0.8043
2020,ZMB,Zambia,Humanitarian,615133.65,615133.65,1.0
2020,ZMB,Zambia,Education,297325.92,185250.14,0.6231
2020,ZMB,Zambia,Governance,437730.6,403639.78,0.9221
2020,ZMB,Zambia,Agriculture,2051255.32,1670375.17,0.8143
2020,ZMB,Zambia,Peace and Security,3550633.4,2933201.26,0.8261
2020,ZWE,Zimbabwe,Health,662183.46,601535.75,0.9084
2020,ZWE,Zimbabwe,Education,791561.35,698410.34,0.8823
2020,ZWE,Zimbabwe,Economic Development,450075.01,450075.01,1.0
2020,ZWE,Zimbabwe,Governance,663234.93,564795.84,0.8516
2020,ZWE,Zimbabwe,Agriculture,155439.92,140473.53,0.9037
2020,ZWE,Zimbabwe,Peace and Security,675658.73,433982.8,0.6423
2020,MMR,Burma,Education,2148755.66,1889999.69,0.8796
2020,MMR,Burma,Economic Development,3618730.04,2019575.21,0.5581
2020,MMR,Burma,Governance,357000.92,315070.77,0.8825
2020,MMR,Burma,Agriculture,187217.81,135357.73,0.723
2020,MMR,Burma,Peace and Security,473513.13,431429.09,0.9111
2020,KHM,Cambodia,Health,6159357.73,4912062.48,0.7975
2020,KHM,Cambodia,Education,1069134.76,1022362.6,0.9563
2020,KHM,Cambodia,Economic Development,198363.9,173256.21,0.8734
2020,KHM,Cambodia,Peace and Security,1828065.95,1266366.15,0.6927
2020,NPL,Nepal,Health,2826005.35,2155979.2,0.7629
2020,NPL,Nepal,Education,466230.69,299989.83,0.6434
2020,NPL,Nepal,Governance,810753.72,685517.03,0.8455
2020,NPL,Nepal,Agriculture,1050926.21,734202.43,0.6986
2020,LKA,Sri Lanka,Humanitarian,306960.42,204275.39,0.6655
2020,LKA,Sri Lanka,Education,440266.97,299161.06,0.6795
2020,LKA,Sri Lanka,Economic Development,1932947.82,1745334.38,0.9029
2020,LKA,Sri Lanka,Governance,530140.97,492291.47,0.9286
2020,LKA,Sri Lanka,Peace and Security,97092.15,58117.63,0.5986
2020,MAR,Morocco,Health,758804.55,495026.04,0.6524
2020,MAR,Morocco,Humanitarian,584329.5,422474.26,0.723
2020,MAR,Morocco,Economic Development,962429.18,879756.41,0.9141
2020,MAR,Morocco,Governance,2733044.22,2236720.64,0.8184
2020,MAR,Morocco,Agriculture,79776.29,63381.0,0.7945
2020,MAR,Morocco,Peace and Security,357872.25,269577.72,0.7533
2020,TUN,Tunisia,Health,1156486.57,1146707.13,0.9915
2020,TUN,Tunisia,Education,983745.73,823963.78,0.8376
2020,TUN,Tunisia,Economic Development,536050.67,381362.56,0.7114
2020,TUN,Tunisia,Agriculture,57903.82,29503.72,0.5095
2020,SEN,Senegal,Humanitarian,2261487.19,1691268.38,0.7479
2020,SEN,Senegal,Education,824100.67,770795.88,0.9353
2020,SEN,Senegal,Economic Development,176457.45,139541.04,0.7908
2020,SEN,Senegal,Agriculture,1164135.47,957375.65,0.8224
2020,SEN,Senegal,Peace and Security,362940.97,288962.05,0.7962
2020,MLI,Mali,Health,309404.01,244540.61,0.7904
2020,MLI,Mali,Humanitarian,699993.64,692722.13,0.9896
2020,MLI,Mali,Education,493848.18,280008.36,0.567
2020,MLI,Mali,Economic Development,307021.79,237819.63,0.7746
2020,MLI,Mali,Governance,352080.01,292711.15,0.8314
2020,MLI,Mali,Agriculture,453867.06,366373.46,0.8072
2020,MLI,Mali,Peace and Security,204725.36,164383.81,0.8029
2021,AFG,Afghanistan,Health,168048.04,98027.46,0.5833
2021,AFG,Afghanistan,Humanitarian,917181.4,579778.16,0.6321
2021,AFG,Afghanistan,Education,275805.46,229291.76,0.8314
2021,AFG,Afghanistan,Economic Development,991877.76,815716.22,0.8224
2021,EGY,Egypt,Health,362119.32,317067.53,0.8756
2021,EGY,Egypt,Education,626538.99,517881.42,0.8266
2021,EGY,Egypt,Economic Development,1564708.13,1477710.12,0.9444
2021,EGY,Egypt,Governance,195452.58,164053.78,0.8394
2021,EGY,Egypt,Agriculture,604684.06,549763.27,0.9092
2021,EGY,Egypt,Peace and Security,2613097.66,2269633.83,0.8686
2021,ETH,Ethiopia,Health,204538.59,179332.27,0.8768
2021,ETH,Ethiopia,Education,191348.84,186471.89,0.9745
2021,ETH,Ethiopia,Economic Development,1106318.46,1038166.58,0.9384
2021,ETH,Ethiopia,Governance,351517.03,264555.97,0.7526
2021,ETH,Ethiopia,Peace and Security,302311.92,265730.75,0.879
2021,JOR,Jordan,Education,519360.5,338185.1,0.6512
2021,JOR,Jordan,Economic Development,161582.77,158342.28,0.9799
2021,JOR,Jordan,Governance,413325.0,331841.85,0.8029
2021,JOR,Jordan,Peace and Security,925258.09,657353.06,0.7105
2021,KEN,Kenya,Health,303749.88,273706.42,0.9011
2021,KEN,Kenya,Humanitarian,1652049.83,1333476.38,0.8072
2021,KEN,Kenya,Education,149006.67,117686.03,0.7898
2021,KEN,Kenya,Economic Development,328447.89,269870.62,0.8217
2021,KEN,Kenya,Governance,281294.72,239112.58,0.85
2021,KEN,Kenya,Agriculture,270463.78,227574.97,0.8414
2021,NGA,Nigeria,Health,359983.99,359983.99,1.0
2021,NGA,Nigeria,Economic Development,178604.69,162110.0,0.9076
2021,NGA,Nigeria,Governance,438517.24,289665.71,0.6606
2021,PAK,Pakistan,Health,178166.31,170753.8,0.9584
2021,PAK,Pakistan,Education,367916.61,334410.31,0.9089
2021,PAK,Pakistan,Economic Development,1393092.76,1222703.4,0.8777
2021,PAK,Pakistan,Peace and Security,282696.02,202213.41,0.7153
2021,SOM,Somalia,Health,219257.11,188962.44,0.8618
2021,SOM,Somalia,Humanitarian,2060883.94,1658425.66,0.8047
2021,SOM,Somalia,Education,382580.08,261441.01,0.6834
2021,SOM,Somalia,Economic Development,4468415.97,3255637.65,0.7286
2021,SOM,Somalia,Governance,1019994.76,861074.28,0.8442
2021,SOM,Somalia,Agriculture,202640.69,140867.39,0.6952
2021,SOM,Somalia,Peace and Security,248715.74,200059.08,0.8044
2021,SSD,South Sudan,Health,70320.14,55816.5,0.7937
2021,SSD,South Sudan,Humanitarian,909982.75,710071.34,0.7803
2021,SSD,South Sudan,Education,1209894.68,638170.73,0.5275
2021,SSD,South Sudan,Economic Development,244400.08,182421.91,0.7464
2021,SSD,South Sudan,Governance,1443303.42,1034943.66,0.7171
2021,SSD,South Sudan,Peace and Security,893039.75,800204.19,0.896
2021,SDN,Sudan,Humanitarian,304643.73,232099.61,0.7619
2021,SDN,Sudan,Education,2598151.84,2598151.84,1.0
2021,SDN,Sudan,Governance,519503.46,413947.56,0.7968
2021,SDN,Sudan,Agriculture,5463755.58,5386303.23,0.9858
2021,SDN,Sudan,Peace and Security,316601.6,257886.58,0.8145
2021,UGA,Uganda,Health,358654.42,323797.33,0.9028
2021,UGA,Uganda,Humanitarian,1356718.99,1305301.97,0.9621
2021,UGA,Uganda,Education,50000.0,48567.66,0.9714
2021,UGA,Uganda,Governance,3172219.96,2241772.84,0.7067
2021,UGA,Uganda,Agriculture,231375.97,231090.59,0.9988
2021,UGA,Uganda,Peace and Security,74783.59,74783.59,1.0
2021,UKR,Ukraine,Humanitarian,223768.42,223768.42,1.0
2021,UKR,Ukraine,Education,2171249.66,1525024.97,0.7024
2021,UKR,Ukraine,Economic Development,572064.5,451952.74,0.79
2021,UKR,Ukraine,Governance,241656.39,164976.48,0.6827
2021,UKR,Ukraine,Peace and Security,977859.58,623929.95,0.6381
2021,COL,Colombia,Health,265382.19,166948.32,0.6291
2021,COL,Colombia,Humanitarian,387772.21,307790.07,0.7937
2021,COL,Colombia,Education,1448292.24,1313247.48,0.9068
2021,COL,Colombia,Governance,217088.65,153727.48,0.7081
2021,HTI,Haiti,Health,404528.92,284332.72,0.7029
2021,HTI,Haiti,Humanitarian,316763.34,226128.67,0.7139
2021,HTI,Haiti,Education,4255888.67,3651245.01,0.8579
2021,HTI,Haiti,Governance,488245.26,320768.27,0.657
2021,HTI,Haiti,Agriculture,755975.97,724985.14,0.959
2021,HTI,Haiti,Peace and Security,509484.03,408881.22,0.8025
2021,IRQ,Iraq,Health,8110909.78,4679642.18,0.577
2021,IRQ,Iraq,Humanitarian,352179.35,224429.86,0.6373
2021,IRQ,Iraq,Economic Development,565272.63,476534.94,0.843
2021,YEM,Yemen,Humanitarian,395682.84,302974.72,0.7657
2021,YEM,Yemen,Governance,345607.52,222733.75,0.6445
2021,YEM,Yemen,Peace and Security,3345538.23,3041519.96,0.9091
2021,BGD,Bangladesh,Health,705117.01,616622.81,0.8745
2021,BGD,Bangladesh,Humanitarian,1018859.03,931969.66,0.9147
2021,BGD,Bangladesh,Education,178612.44,156263.17,0.8749
2021,BGD,Bangladesh,Economic Development,2489261.61,1745010.53,0.701
2021,BGD,Bangladesh,Governance,729957.71,618913.75,0.8479
2021,BGD,Bangladesh,Agriculture,1399047.8,887120.22,0.6341
2021,IND,India,Health,485180.96,433433.11,0.8933
2021,IND,India,Humanitarian,300679.41,243486.61,0.8098
2021,IND,India,Education,223086.3,201517.41,0.9033
2021,IND,India,Economic Development,1792544.4,1716292.29,0.9575
2021,IND,India,Governance,1195863.8,1163533.22,0.973
2021,IND,India,Agriculture,863649.72,851602.82,0.9861
2021,IND,India,Peace and Security,371926.2,243045.55,0.6535
2021,IDN,Indonesia,Health,1992262.16,1992262.16,1.0
2021,IDN,Indonesia,Humanitarian,721069.55,539587.41,0.7483
2021,IDN,Indonesia,Education,2781256.99,2605175.18,0.9367
2021,IDN,Indonesia,Governance,308376.89,231335.18,0.7502
2021,IDN,Indonesia,Agriculture,50000.0,42435.29,0.8487
2021,PHL,Philippines,Health,569687.38,486819.09,0.8545
2021,PHL,Philippines,Humanitarian,15153656.32,10699026.1,0.706
2021,PHL,Philippines,Economic Development,338507.61,288384.61,0.8519
2021,PHL,Philippines,Governance,616002.54,440492.4,0.7151
2021,PHL,Philippines,Agriculture,164414.01,151457.84,0.9212
2021,PHL,Philippines,Peace and Security,146667.63,119123.56,0.8122
2021,VNM,Vietnam,Health,305619.54,245992.26,0.8049
2021,VNM,Vietnam,Humanitarian,1350756.15,1186683.67,0.8785
2021,VNM,Vietnam,Education,100370.47,79929.02,0.7963
2021,VNM,Vietnam,Economic Development,478683.76,364202.1,0.7608
2021,VNM,Vietnam,Governance,1364827.38,909564.73,0.6664
2021,VNM,Vietnam,Agriculture,2274933.42,1666050.48,0.7324
2021,VNM,Vietnam,Peace and Security,430512.62,336816.66,0.7824
2021,GHA,Ghana,Health,2530516.39,2043867.63,0.8077
2021,GHA,Ghana,Education,319867.15,274074.94,0.8568
2021,GHA,Ghana,Economic Development,2128426.46,1649484.9,0.775
2021,GHA,Ghana,Agriculture,339075.99,239036.49,0.705
2021,GHA,Ghana,Peace and Security,75114.85,61674.25,0.8211
2021,TZA,Tanzania,Education,481789.26,446242.2,0.9262
2021,TZA,Tanzania,Economic Development,5415847.36,3767180.38,0.6956
2021,TZA,Tanzania,Governance,3182411.75,2138354.14,0.6719
2021,TZA,Tanzania,Agriculture,507611.35,371332.48,0.7315
2021,MOZ,Mozambique,Health,105166.94,103805.36,0.9871
2021,MOZ,Mozambique,Education,487574.27,374215.61,0.7675
2021,MOZ,Mozambique,Economic Development,212853.4,212853.4,1.0
2021,MOZ,Mozambique,Agriculture,496104.67,373325.04,0.7525
2021,MOZ,Mozambique,Peace and Security,648872.34,496022.96,0.7644
2021,MWI,Malawi,Humanitarian,183706.66,114213.66,0.6217
2021,MWI,Malawi,Economic Development,327939.89,266221.2,0.8118
2021,MWI,Malawi,Governance,50000.0,48622.69,0.9725
2021,MWI,Malawi,Agriculture,1181512.28,962896.51,0.815
2021,MWI,Malawi,Peace and Security,5999152.52,5999152.52,1.0
2021,PER,Peru,Health,1914901.55,978058.32,0.5108
2021,PER,Peru,Humanitarian,1341139.69,853939.6,0.6367
2021,PER,Peru,Economic Development,1734445.92,1669009.2,0.9623
2021,PER,Peru,Governance,809242.74,527688.92,0.6521
2021,PER,Peru,Agriculture,282462.67,274869.93,0.9731
2021,GTM,Guatemala,Health,3484355.82,2496403.5,0.7165
2021,GTM,Guatemala,Humanitarian,360980.91,258247.26,0.7154
2021,GTM,Guatemala,Education,1977932.36,1603813.13,0.8109
2021,GTM,Guatemala,Economic Development,96119.27,92369.52,0.961
2021,GTM,Guatemala,Governance,785153.5,717187.0,0.9134
2021,GTM,Guatemala,Agriculture,97193.34,73527.28,0.7565
2021,GTM,Guatemala,Peace and Security,610684.09,459233.26,0.752
2021,SLV,El Salvador,Health,233819.05,173388.04,0.7415
2021,SLV,El Salvador,Humanitarian,633150.24,464405.61,0.7335
2021,SLV,El Salvador,Education,2656413.54,2164545.77,0.8148
2021,SLV,El Salvador,Economic Development,92484.22,70027.64,0.7572
2021,SLV,El Salvador,Governance,1018620.86,841765.35,0.8264
2021,SLV,El Salvador,Agriculture,583083.11,505948.56,0.8677
2021,SLV,El Salvador,Peace and Security,50000.0,50000.0,1.0
2021,MEX,Mexico,Humanitarian,2736441.52,1815017.41,0.6633
2021,MEX,Mexico,Education,672998.83,623580.09,0.9266
2021,MEX,Mexico,Economic Development,642549.83,571922.12,0.8901
2021,MEX,Mexico,Governance,975705.24,851949.76,0.8732
2021,MEX,Mexico,Agriculture,3889325.9,3286268.4,0.8449
2021,MEX,Mexico,Peace and Security,371983.73,251321.1,0.6756
2021,PSE,West Bank and Gaza,Health,93693.76,79114.03,0.8444
2021,PSE,West Bank and Gaza,Humanitarian,694393.91,465186.24,0.6699
2021,PSE,West Bank and Gaza,Economic Development,1687810.25,1081779.39,0.6409
2021,PSE,West Bank and Gaza,Governance,2363213.22,2039916.43,0.8632
2021,PSE,West Bank and Gaza,Agriculture,2546377.67,2543710.74,0.999
2021,PSE,West Bank and Gaza,Peace and Security,50332.62,41991.55,0.8343
2021,LBN,Lebanon,Health,397291.48,250371.43,0.6302
2021,LBN,Lebanon,Education,741924.79,679865.33,0.9164
2021,LBN,Lebanon,Governance,344037.99,291150.64,0.8463
2021,SYR,Syria,Health,261878.26,198274.09,0.7571
2021,SYR,Syria,Humanitarian,109008.86,73495.03,0.6742
2021,SYR,Syria,Education,923194.56,887576.38,0.9614
2021,SYR,Syria,Governance,2419576.49,1890320.15,0.7813
2021,SYR,Syria,Agriculture,61754.65,51956.8,0.8413
2021,TUR,Turkey,Health,259065.21,203781.56,0.7866
2021,TUR,Turkey,Humanitarian,286627.37,243550.57,0.8497
2021,TUR,Turkey,Education,1569677.53,1101994.76,0.7021
2021,TUR,Turkey,Economic Development,799175.4,617737.44,0.773
2021,TUR,Turkey,Governance,369319.67,369319.67,1.0
2021,TUR,Turkey,Agriculture,2104372.31,1978935.97,0.9404
2021,GEO,Georgia,Health,50000.0,42434.66,0.8487
2021,GEO,Georgia,Education,1405055.53,1083597.12,0.7712
2021,GEO,Georgia,Governance,469393.45,326295.27,0.6951
2021,GEO,Georgia,Agriculture,487570.22,366406.87,0.7515
2021,MDA,Moldova,Health,173516.61,136701.46,0.7878
2021,MDA,Moldova,Education,134193.11,134193.11,1.0
2021,MDA,Moldova,Economic Development,631668.07,534867.25,0.8468
2021,MDA,Moldova,Governance,1552405.35,1081118.05,0.6964
2021,MDA,Moldova,Agriculture,135666.42,127173.38,0.9374
2021,MDA,Moldova,Peace and Security,419853.48,419853.48,1.0
2021,KOS,Kosovo,Health,110196.37,81034.26,0.7354
2021,KOS,Kosovo,Humanitarian,409727.65,375360.64,0.9161
2021,KOS,Kosovo,Education,61947.35,43963.96,0.7097
2021,KOS,Kosovo,Economic Development,1006637.9,914456.07,0.9084
2021,KOS,Kosovo,Governance,702688.81,558508.63,0.7948
2021,KOS,Kosovo,Peace and Security,312607.87,238523.7,0.763
2021,LBR,Liberia,Education,85237.94,81004.18,0.9503
2021,LBR,Liberia,Economic Development,361945.23,321959.58,0.8895
2021,LBR,Liberia,Governance,130745.35,95330.57,0.7291
2021,LBR,Liberia,Peace and Security,190800.86,159469.09,0.8358
2021,SLE,Sierra Leone,Health,768436.2,564003.77,0.734
2021,SLE,Sierra Leone,Humanitarian,346758.88,318176.97,0.9176
2021,SLE,Sierra Leone,Education,841894.38,704359.1,0.8366
2021,SLE,Sierra Leone,Economic Development,50000.0,44294.38,0.8859
2021,COD,DR Congo,Health,1478153.16,1354698.19,0.9165
2021,COD,DR Congo,Humanitarian,890204.12,860618.4,0.9668
2021,COD,DR Congo,Education,244444.5,169466.05,0.6933
2021,COD,DR Congo,Economic Development,1070182.22,790894.42,0.739
2021,COD,DR Congo,Governance,2899538.78,1779464.84,0.6137
2021,COD,DR Congo,Agriculture,1200816.25,1102849.88,0.9184
2021,RWA,Rwanda,Health,650717.33,643072.98,0.9883
2021,RWA,Rwanda,Humanitarian,50000.0,47156.23,0.9431
2021,RWA,Rwanda,Economic Development,141419.82,136185.91,0.963
2021,RWA,Rwanda,Governance,856665.8,738108.98,0.8616
2021,RWA,Rwanda,Agriculture,1409443.36,1409443.36,1.0
2021,RWA,Rwanda,Peace and Security,493287.27,377403.94,0.7651
2021,ZMB,Zambia,Governance,229418.57,175693.92,0.7658
2021,ZMB,Zambia,Agriculture,58066.85,58066.85,1.0
2021,ZWE,Zimbabwe,Humanitarian,2495872.57,1521171.91,0.6095
2021,ZWE,Zimbabwe,Governance,742764.94,533314.01,0.718
2021,ZWE,Zimbabwe,Peace and Security,249510.2,200807.72,0.8048
2021,MMR,Burma,Health,561822.63,414352.33,0.7375
2021,MMR,Burma,Education,6270030.21,4828900.59,0.7702
2021,MMR,Burma,Economic Development,728506.52,646862.61,0.8879
2021,MMR,Burma,Governance,245866.84,152452.4,0.6201
2021,MMR,Burma,Agriculture,213942.81,161051.67,0.7528
2021,KHM,Cambodia,Health,2373161.4,1901936.42,0.8014
2021,KHM,Cambodia,Humanitarian,1050691.47,977659.51,0.9305
2021,KHM,Cambodia,Education,1076204.97,905633.97,0.8415
2021,KHM,Cambodia,Economic Development,651841.88,564331.75,0.8657
2021,KHM,Cambodia,Governance,2006742.42,1640332.45,0.8174
2021,KHM,Cambodia,Agriculture,8637978.22,5963654.71,0.6904
2021,KHM,Cambodia,Peace and Security,355513.4,323961.15,0.9112
2021,NPL,Nepal,Health,116745.47,112885.36,0.9669
2021,NPL,Nepal,Humanitarian,10805873.73,7978706.57,0.7384
2021,NPL,Nepal,Education,393205.22,355572.43,0.9043
2021,NPL,Nepal,Governance,549800.48,456444.23,0.8302
2021,NPL,Nepal,Agriculture,322334.95,251464.36,0.7801
2021,NPL,Nepal,Peace and Security,456460.15,346919.38,0.76
2021,LKA,Sri Lanka,Humanitarian,232824.58,203093.8,0.8723
2021,LKA,Sri Lanka,Economic Development,138819.0,138819.0,1.0
2021,LKA,Sri Lanka,Governance,1205721.24,1205721.24,1.0
2021,LKA,Sri Lanka,Peace and Security,60463.69,53113.14,0.8784
2021,MAR,Morocco,Health,217707.23,156057.48,0.7168
2021,MAR,Morocco,Education,3321505.04,2623595.59,0.7899
2021,MAR,Morocco,Economic Development,437828.79,274537.99,0.627
2021,MAR,Morocco,Governance,113022.14,94309.21,0.8344
2021,MAR,Morocco,Agriculture,146756.95,124702.23,0.8497
2021,MAR,Morocco,Peace and Security,89010.74,83546.55,0.9386
2021,TUN,Tunisia,Health,529864.49,453549.52,0.856
2021,TUN,Tunisia,Economic Development,281547.74,248069.93,0.8811
2021,TUN,Tunisia,Governance,814179.2,538331.52,0.6612
2021,TUN,Tunisia,Agriculture,160405.49,119258.71,0.7435
2021,TUN,Tunisia,Peace and Security,365661.27,318487.33,0.871
2021,SEN,Senegal,Health,1569209.26,1160042.92,0.7393
2021,SEN,Senegal,Humanitarian,2421915.04,2421915.04,1.0
2021,SEN,Senegal,Education,3900967.47,2367363.78,0.6069
2021,SEN,Senegal,Economic Development,527226.76,454067.71,0.8612
2021,SEN,Senegal,Governance,1571219.25,1416420.4,0.9015
2021,SEN,Senegal,Peace and Security,1436781.94,1355042.38,0.9431
2021,MLI,Mali,Humanitarian,537956.49,501324.81,0.9319
2021,MLI,Mali,Education,1965849.07,1644063.93,0.8363
2021,MLI,Mali,Economic Development,748322.05,653761.56,0.8736
2021,MLI,Mali,Governance,899053.46,646090.69,0.7186
2021,MLI,Mali,Agriculture,267499.49,267499.49,1.0
2021,MLI,Mali,Peace and Security,725746.57,480091.27,0.6615
2022,AFG,Afghanistan,Humanitarian,450968.71,386147.21,0.8563
2022,AFG,Afghanistan,Economic Development,612349.31,486347.1,0.7942
2022,AFG,Afghanistan,Governance,213627.37,195132.64,0.9134
2022,AFG,Afghanistan,Agriculture,1039466.75,1039466.75,1.0
2022,EGY,Egypt,Health,270453.92,261094.81,0.9654
2022,EGY,Egypt,Humanitarian,151596.66,123862.36,0.8171
2022,EGY,Egypt,Education,1657097.44,1233220.69,0.7442
2022,EGY,Egypt,Economic Development,375664.83,296375.63,0.7889
2022,EGY,Egypt,Governance,56057.53,38597.44,0.6885
2022,EGY,Egypt,Agriculture,6896609.03,6323332.77,0.9169
2022,EGY,Egypt,Peace and Security,162458.62,150485.44,0.9263
2022,ETH,Ethiopia,Health,1273580.38,1273580.38,1.0
2022,ETH,Ethiopia,Education,395779.1,277851.91,0.702
2022,ETH,Ethiopia,Governance,527704.15,438629.09,0.8312
2022,ETH,Ethiopia,Agriculture,1305267.9,965657.99,0.7398
2022,ETH,Ethiopia,Peace and Security,2110124.74,1642157.76,0.7782
2022,JOR,Jordan,Health,741351.45,575791.96,0.7767
2022,JOR,Jordan,Humanitarian,496690.09,444393.78,0.8947
2022,JOR,Jordan,Education,205842.0,138531.07,0.673
2022,JOR,Jordan,Economic Development,242855.32,153622.5,0.6326
2022,JOR,Jordan,Agriculture,254324.93,152310.63,0.5989
2022,JOR,Jordan,Peace and Security,157668.82,147905.67,0.9381
2022,KEN,Kenya,Health,212176.81,173351.46,0.817
2022,KEN,Kenya,Humanitarian,432028.05,387883.83,0.8978
2022,KEN,Kenya,Education,1790556.0,1481836.71,0.8276
2022,KEN,Kenya,Economic Development,898390.63,673933.02,0.7502
2022,KEN,Kenya,Governance,805018.34,738271.39,0.9171
2022,KEN,Kenya,Agriculture,152313.73,121326.56,0.7966
2022,KEN,Kenya,Peace and Security,1082232.22,938533.93,0.8672
2022,NGA,Nigeria,Health,1044492.47,712961.03,0.6826
2022,NGA,Nigeria,Humanitarian,251361.35,183518.07,0.7301
2022,NGA,Nigeria,Education,525321.76,495137.86,0.9425
2022,NGA,Nigeria,Economic Development,863636.9,857255.13,0.9926
2022,NGA,Nigeria,Governance,781646.7,590973.54,0.7561
2022,NGA,Nigeria,Agriculture,2485198.4,2168206.88,0.8724
2022,PAK,Pakistan,Health,3782299.44,3013852.32,0.7968
2022,PAK,Pakistan,Humanitarian,519182.67,466698.02,0.8989
2022,PAK,Pakistan,Education,2873563.51,1985794.82,0.6911
2022,PAK,Pakistan,Economic Development,726973.18,726973.18,1.0
2022,PAK,Pakistan,Governance,258252.1,208341.36,0.8067
2022,PAK,Pakistan,Agriculture,206542.87,147150.5,0.7124
2022,PAK,Pakistan,Peace and Security,135505.35,125995.32,0.9298
2022,SOM,Somalia,Health,397850.83,369506.93,0.9288
2022,SOM,Somalia,Humanitarian,128187.93,105334.05,0.8217
2022,SOM,Somalia,Education,597103.74,526134.58,0.8811
2022,SOM,Somalia,Economic Development,413981.32,363851.99,0.8789
2022,SOM,Somalia,Agriculture,269078.95,211569.7,0.7863
2022,SOM,Somalia,Peace and Security,8888064.63,7945775.1,0.894
2022,SSD,South Sudan,Humanitarian,3000109.39,2102280.81,0.7007
2022,SSD,South Sudan,Education,636431.75,543601.46,0.8541
2022,SSD,South Sudan,Governance,86021.41,78287.81,0.9101
2022,SSD,South Sudan,Agriculture,50000.0,43930.64,0.8786
2022,SSD,South Sudan,Peace and Security,261947.01,244201.77,0.9323
2022,SDN,Sudan,Health,940312.0,646497.76,0.6875
2022,SDN,Sudan,Humanitarian,139063.62,96862.66,0.6965
2022,SDN,Sudan,Economic Development,515103.72,475271.69,0.9227
2022,SDN,Sudan,Governance,552875.92,396719.16,0.7176
2022,SDN,Sudan,Agriculture,550045.82,373114.53,0.6783
2022,SDN,Sudan,Peace and Security,611896.8,460485.77,0.7526
2022,UGA,Uganda,Health,157785.26,149066.67,0.9447
2022,UGA,Uganda,Humanitarian,4592131.62,3455155.26,0.7524
2022,UGA,Uganda,Education,201697.15,134914.72,0.6689
2022,UGA,Uganda,Governance,764701.53,567077.91,0.7416
2022,UGA,Uganda,Agriculture,50000.0,43391.08,0.8678
2022,UKR,Ukraine,Health,256382.98,256382.98,1.0
2022,UKR,Ukraine,Humanitarian,862583.13,678348.18,0.7864
2022,UKR,Ukraine,Education,585429.32,526063.75,0.8986
2022,UKR,Ukraine,Economic Development,308532.78,200322.3,0.6493
2022,UKR,Ukraine,Governance,198795.43,144837.66,0.7286
2022,UKR,Ukraine,Agriculture,521170.16,451357.97,0.866
2022,COL,Colombia,Health,583354.92,399119.27,0.6842
2022,COL,Colombia,Humanitarian,355844.81,280718.62,0.7889
2022,COL,Colombia,Education,280848.87,194002.44,0.6908
2022,COL,Colombia,Economic Development,4351220.81,3377966.09,0.7763
2022,COL,Colombia,Agriculture,252716.28,181338.16,0.7176
2022,COL,Colombia,Peace and Security,322527.48,250843.23,0.7777
2022,HTI,Haiti,Humanitarian,1422016.18,970289.08,0.6823
2022,HTI,Haiti,Economic Development,1262284.18,1251739.23,0.9916
2022,HTI,Haiti,Governance,252217.32,240773.39,0.9546
2022,HTI,Haiti,Peace and Security,457708.84,327761.98,0.7161
2022,IRQ,Iraq,Health,50000.0,44026.3,0.8805
2022,IRQ,Iraq,Humanitarian,1436698.18,906774.23,0.6312
2022,IRQ,Iraq,Economic Development,1328561.71,1041912.17,0.7842
2022,IRQ,Iraq,Governance,4912816.12,3756795.29,0.7647
2022,IRQ,Iraq,Peace and Security,50000.0,31990.08,0.6398
2022,YEM,Yemen,Humanitarian,51568.38,47246.97,0.9162
2022,YEM,Yemen,Education,494827.44,379969.78,0.7679
2022,YEM,Yemen,Economic Development,903454.45,662656.74,0.7335
2022,YEM,Yemen,Governance,1703827.26,1402354.09,0.8231
2022,YEM,Yemen,Agriculture,179807.24,176440.29,0.9813
2022,BGD,Bangladesh,Health,50000.0,40206.33,0.8041
2022,BGD,Bangladesh,Humanitarian,81564.62,60385.67,0.7403
2022,BGD,Bangladesh,Education,985207.78,742325.93,0.7535
2022,BGD,Bangladesh,Agriculture,740708.01,698521.45,0.943
2022,BGD,Bangladesh,Peace and Security,2365910.23,1909390.47,0.807
2022,IND,India,Humanitarian,717965.55,562128.62,0.7829
2022,IND,India,Economic Development,675678.88,666597.3,0.9866
2022,IND,India,Governance,796266.12,796266.12,1.0
2022,IND,India,Peace and Security,3378804.06,2801574.46,0.8292
2022,IDN,Indonesia,Humanitarian,464284.51,317855.08,0.6846
2022,IDN,Indonesia,Economic Development,1936681.71,1816082.38,0.9377
2022,IDN,Indonesia,Governance,1506210.45,1115195.49,0.7404
2022,IDN,Indonesia,Agriculture,1663850.64,1070875.26,0.6436
2022,PHL,Philippines,Health,226073.05,209986.45,0.9288
2022,PHL,Philippines,Education,1304814.77,795118.36,0.6094
2022,PHL,Philippines,Economic Development,2250500.92,2069062.8,0.9194
2022,PHL,Philippines,Governance,148542.21,109008.8,0.7339
2022,PHL,Philippines,Agriculture,2262569.18,1984777.69,0.8772
2022,VNM,Vietnam,Health,1297881.2,788850.85,0.6078
2022,VNM,Vietnam,Humanitarian,549523.89,529240.8,0.9631
2022,VNM,Vietnam,Education,216371.6,177621.52,0.8209
2022,VNM,Vietnam,Economic Development,338267.54,282532.02,0.8352
2022,VNM,Vietnam,Agriculture,138840.59,87166.07,0.6278
2022,GHA,Ghana,Health,1075309.83,773941.66,0.7197
2022,GHA,Ghana,Humanitarian,2254974.47,1956347.05,0.8676
2022,GHA,Ghana,Economic Development,232542.52,158061.75,0.6797
2022,GHA,Ghana,Governance,143396.35,87513.2,0.6103
2022,TZA,Tanzania,Humanitarian,603946.34,490506.34,0.8122
2022,TZA,Tanzania,Governance,443355.92,426873.03,0.9628
2022,TZA,Tanzania,Peace and Security,136289.67,90341.56,0.6629
2022,MOZ,Mozambique,Health,1722601.28,1690445.96,0.9813
2022,MOZ,Mozambique,Education,1299257.53,969236.16,0.746
2022,MOZ,Mozambique,Economic Development,698264.27,561028.2,0.8035
2022,MOZ,Mozambique,Governance,64554.44,61560.8,0.9536
2022,MOZ,Mozambique,Agriculture,2875552.6,2745030.07,0.9546
2022,MOZ,Mozambique,Peace and Security,499164.76,448688.03,0.8989
2022,MWI,Malawi,Governance,326296.41,299208.96,0.917
2022,MWI,Malawi,Peace and Security,228942.97,164254.18,0.7174
2022,PER,Peru,Health,1359397.63,1181811.94,0.8694
2022,PER,Peru,Humanitarian,183424.49,177899.5,0.9699
2022,PER,Peru,Education,4496973.07,3064223.66,0.6814
2022,PER,Peru,Economic Development,255519.94,255519.94,1.0
2022,PER,Peru,Peace and Security,1993990.1,1663579.54,0.8343
2022,GTM,Guatemala,Humanitarian,844424.59,670739.01,0.7943
2022,GTM,Guatemala,Economic Development,840043.39,650829.45,0.7748
2022,GTM,Guatemala,Agriculture,471896.34,370880.5,0.7859
2022,GTM,Guatemala,Peace and Security,55883.23,54054.77,0.9673
2022,SLV,El Salvador,Economic Development,1010116.26,613425.84,0.6073
2022,SLV,El Salvador,Peace and Security,1287072.97,1024531.39,0.796
2022,MEX,Mexico,Health,459676.83,408439.14,0.8885
2022,MEX,Mexico,Economic Development,50000.0,47009.5,0.9402
2022,MEX,Mexico,Peace and Security,136197.06,116082.32,0.8523
2022,PSE,West Bank and Gaza,Health,660581.38,660581.38,1.0
2022,PSE,West Bank and Gaza,Governance,405592.22,287066.43,0.7078
2022,LBN,Lebanon,Health,722444.93,554608.16,0.7677
2022,LBN,Lebanon,Humanitarian,213948.63,187879.91,0.8782
2022,LBN,Lebanon,Governance,2605946.78,2168282.24,0.8321
2022,LBN,Lebanon,Agriculture,156840.7,117322.86,0.748
2022,LBN,Lebanon,Peace and Security,113710.73,98233.06,0.8639
2022,SYR,Syria,Humanitarian,138608.31,115202.74,0.8311
2022,SYR,Syria,Education,448814.65,417161.0,0.9295
2022,SYR,Syria,Economic Development,132807.83,94583.11,0.7122
2022,SYR,Syria,Governance,3216272.34,2539651.3,0.7896
2022,SYR,Syria,Agriculture,1053876.25,834423.22,0.7918
2022,TUR,Turkey,Health,326566.59,263745.14,0.8076
2022,TUR,Turkey,Humanitarian,1261428.48,1261428.48,1.0
2022,TUR,Turkey,Economic Development,1017747.54,747009.95,0.734
2022,TUR,Turkey,Governance,590312.38,526965.59,0.8927
2022,TUR,Turkey,Peace and Security,1392917.37,1268064.42,0.9104
2022,GEO,Georgia,Health,114794.89,114794.89,1.0
2022,GEO,Georgia,Humanitarian,1248824.15,1096656.18,0.8782
2022,GEO,Georgia,Education,4350720.58,3917919.16,0.9005
2022,GEO,Georgia,Economic Development,336796.68,237510.09,0.7052
2022,GEO,Georgia,Governance,1039324.07,798087.15,0.7679
2022,GEO,Georgia,Agriculture,798823.43,612239.19,0.7664
2022,GEO,Georgia,Peace and Security,364613.05,327338.47,0.8978
2022,MDA,Moldova,Health,299887.72,278711.67,0.9294
2022,MDA,Moldova,Humanitarian,1086469.7,956518.69,0.8804
2022,MDA,Moldova,Education,82403.83,54774.78,0.6647
2022,MDA,Moldova,Economic Development,125172.61,115483.32,0.9226
2022,MDA,Moldova,Governance,132012.52,100331.63,0.76
2022,MDA,Moldova,Agriculture,81147.23,72372.42,0.8919
2022,KOS,Kosovo,Humanitarian,92415.11,69735.06,0.7546
2022,KOS,Kosovo,Governance,1990650.7,1554514.07,0.7809
2022,KOS,Kosovo,Agriculture,689333.66,577895.59,0.8383
2022,KOS,Kosovo,Peace and Security,369795.42,310760.69,0.8404
2022,LBR,Liberia,Health,1022354.21,758195.75,0.7416
2022,LBR,Liberia,Humanitarian,2024999.37,1478081.6,0.7299
2022,LBR,Liberia,Education,1026678.27,803133.42,0.7823
2022,LBR,Liberia,Governance,1714208.59,1089861.39,0.6358
2022,LBR,Liberia,Agriculture,581723.11,575130.39,0.9887
2022,SLE,Sierra Leone,Health,521370.65,397129.74,0.7617
2022,SLE,Sierra Leone,Humanitarian,1223515.09,948744.56,0.7754
2022,SLE,Sierra Leone,Economic Development,295523.42,218134.46,0.7381
2022,SLE,Sierra Leone,Agriculture,309688.68,309688.68,1.0
2022,SLE,Sierra Leone,Peace and Security,149059.33,123612.87,0.8293
2022,COD,DR Congo,Health,876252.15,684058.66,0.7807
2022,COD,DR Congo,Humanitarian,220642.89,150029.21,0.68
2022,COD,DR Congo,Education,725478.11,546261.14,0.753
2022,COD,DR Congo,Economic Development,825994.47,633873.55,0.7674
2022,COD,DR Congo,Peace and Security,704807.23,704807.23,1.0
2022,RWA,Rwanda,Health,193739.52,161671.83,0.8345
2022,RWA,Rwanda,Humanitarian,12563138.23,9301986.39,0.7404
2022,RWA,Rwanda,Education,370838.0,241618.53,0.6515
2022,RWA,Rwanda,Economic Development,556724.83,440751.69,0.7917
2022,RWA,Rwanda,Agriculture,943047.11,856865.62,0.9086
2022,RWA,Rwanda,Peace and Security,78919.6,78749.8,0.9978
2022,ZMB,Zambia,Health,1337305.17,1097815.78,0.8209
2022,ZMB,Zambia,Education,867115.53,805367.91,0.9288
2022,ZMB,Zambia,Economic Development,1360906.94,1040698.32,0.7647
2022,ZMB,Zambia,Governance,457349.41,421348.95,0.9213
2022,ZMB,Zambia,Agriculture,697023.96,530928.05,0.7617
2022,ZMB,Zambia,Peace and Security,1092391.9,831710.39,0.7614
2022,ZWE,Zimbabwe,Health,755991.0,700689.34,0.9268
2022,ZWE,Zimbabwe,Humanitarian,182789.44,133793.9,0.732
2022,ZWE,Zimbabwe,Education,221961.65,200223.47,0.9021
2022,ZWE,Zimbabwe,Economic Development,254214.4,203520.81,0.8006
2022,ZWE,Zimbabwe,Governance,270594.29,174034.27,0.6432
2022,MMR,Burma,Health,208683.05,130972.29,0.6276
2022,MMR,Burma,Humanitarian,627254.51,521471.92,0.8314
2022,MMR,Burma,Economic Development,362173.25,288022.94,0.7953
2022,MMR,Burma,Governance,277033.13,261460.92,0.9438
2022,MMR,Burma,Agriculture,50000.0,48153.79,0.9631
2022,MMR,Burma,Peace and Security,340877.89,318861.31,0.9354
2022,KHM,Cambodia,Humanitarian,1453962.96,1244447.07,0.8559
2022,KHM,Cambodia,Governance,50000.0,39307.93,0.7862
2022,KHM,Cambodia,Agriculture,623251.28,512148.53,0.8217
2022,NPL,Nepal,Health,1534189.93,1318860.11,0.8596
2022,NPL,Nepal,Humanitarian,359023.41,344822.39,0.9604
2022,NPL,Nepal,Education,357571.56,337873.06,0.9449
2022,NPL,Nepal,Economic Development,782445.24,710701.6,0.9083
2022,NPL,Nepal,Governance,71707.51,59319.98,0.8272
2022,NPL,Nepal,Peace and Security,765128.12,704090.41,0.9202
2022,LKA,Sri Lanka,Humanitarian,97159.05,87595.84,0.9016
2022,LKA,Sri Lanka,Education,650623.52,650623.52,1.0
2022,LKA,Sri Lanka,Economic Development,368590.71,323392.67,0.8774
2022,LKA,Sri Lanka,Governance,1638335.58,1359590.55,0.8299
2022,LKA,Sri Lanka,Agriculture,1206557.09,1046403.84,0.8673
2022,MAR,Morocco,Health,508470.86,436503.78,0.8585
2022,MAR,Morocco,Humanitarian,910120.99,824183.61,0.9056
2022,MAR,Morocco,Economic Development,789626.4,630277.3,0.7982
2022,MAR,Morocco,Governance,101284.22,93350.06,0.9217
2022,MAR,Morocco,Agriculture,2810727.62,2034131.4,0.7237
2022,TUN,Tunisia,Health,237933.99,209814.79,0.8818
2022,TUN,Tunisia,Economic Development,279512.75,219279.48,0.7845
2022,TUN,Tunisia,Governance,468503.05,393394.17,0.8397
2022,SEN,Senegal,Health,484376.93,380672.94,0.7859
2022,SEN,Senegal,Humanitarian,607764.39,434304.36,0.7146
2022,SEN,Senegal,Economic Development,1384040.61,997914.19,0.721
2022,SEN,Senegal,Peace and Security,126297.19,116676.18,0.9238
2022,MLI,Mali,Education,1410992.42,991724.41,0.7029
2022,MLI,Mali,Economic Development,1100005.8,834835.54,0.7589
2022,MLI,Mali,Governance,255799.07,226198.61,0.8843
2022,MLI,Mali,Agriculture,77997.32,77459.79,0.9931
2023,AFG,Afghanistan,Health,684366.16,424908.56,0.6209
2023,AFG,Afghanistan,Humanitarian,1903795.06,1858651.16,0.9763
2023,AFG,Afghanistan,Education,870546.94,706197.07,0.8112
2023,AFG,Afghanistan,Governance,1283773.47,1166837.72,0.9089
2023,AFG,Afghanistan,Agriculture,231819.44,208484.94,0.8993
2023,AFG,Afghanistan,Peace and Security,2289082.68,1719546.81,0.7512
2023,EGY,Egypt,Health,386807.47,271115.45,0.7009
2023,EGY,Egypt,Humanitarian,402820.29,214110.6,0.5315
2023,EGY,Egypt,Education,846480.19,725552.69,0.8571
2023,EGY,Egypt,Economic Development,687823.17,564974.32,0.8214
2023,EGY,Egypt,Governance,102890.86,83169.58,0.8083
2023,EGY,Egypt,Agriculture,440198.93,315546.84,0.7168
2023,EGY,Egypt,Peace and Security,380572.62,350715.21,0.9215
2023,ETH,Ethiopia,Health,568907.36,394822.52,0.694
2023,ETH,Ethiopia,Humanitarian,111294.28,84160.3,0.7562
2023,ETH,Ethiopia,Education,236943.5,232135.47,0.9797
2023,ETH,Ethiopia,Economic Development,1865389.32,1466514.99,0.7862
2023,ETH,Ethiopia,Agriculture,462925.93,396617.07,0.8568
2023,ETH,Ethiopia,Peace and Security,1047141.75,833242.01,0.7957
2023,JOR,Jordan,Humanitarian,50000.0,39336.68,0.7867
2023,JOR,Jordan,Education,1383950.98,689739.72,0.4984
2023,JOR,Jordan,Economic Development,367282.45,231739.72,0.631
2023,JOR,Jordan,Agriculture,880250.44,880250.44,1.0
2023,JOR,Jordan,Peace and Security,757256.76,634604.05,0.838
2023,KEN,Kenya,Health,753632.71,731007.14,0.97
2023,KEN,Kenya,Humanitarian,904361.16,849979.27,0.9399
2023,KEN,Kenya,Economic Development,747196.73,578455.55,0.7742
2023,KEN,Kenya,Governance,468456.4,468456.4,1.0
2023,KEN,Kenya,Agriculture,956889.24,685161.13,0.716
2023,NGA,Nigeria,Health,188740.85,171724.76,0.9098
2023,NGA,Nigeria,Education,164663.62,136991.72,0.8319
2023,NGA,Nigeria,Governance,757113.71,649178.74,0.8574
2023,PAK,Pakistan,Health,992890.57,638119.06,0.6427
2023,PAK,Pakistan,Humanitarian,2854144.37,2396156.84,0.8395
2023,PAK,Pakistan,Education,216654.87,153330.25,0.7077
2023,PAK,Pakistan,Economic Development,239435.95,239435.95,1.0
2023,PAK,Pakistan,Agriculture,820989.01,820989.01,1.0
2023,SOM,Somalia,Humanitarian,2278696.26,1814449.22,0.7963
2023,SOM,Somalia,Education,769205.3,614934.21,0.7994
2023,SOM,Somalia,Governance,411203.59,404724.06,0.9842
2023,SSD,South Sudan,Health,1382631.64,1235686.84,0.8937
2023,SSD,South Sudan,Education,203956.83,151565.41,0.7431
2023,SSD,South Sudan,Agriculture,357510.33,316022.65,0.884
2023,SDN,Sudan,Humanitarian,3685563.88,3047878.09,0.827
2023,SDN,Sudan,Education,2581600.85,1807469.26,0.7001
2023,SDN,Sudan,Economic Development,165507.97,128210.33,0.7746
2023,SDN,Sudan,Peace and Security,463636.97,367168.31,0.7919
2023,UGA,Uganda,Health,213716.59,132539.92,0.6202
2023,UGA,Uganda,Humanitarian,239948.83,191216.73,0.7969
2023,UGA,Uganda,Education,187305.1,130858.5,0.6986
2023,UGA,Uganda,Economic Development,215012.29,156379.47,0.7273
2023,UGA,Uganda,Peace and Security,89291.4,79289.76,0.888
2023,UKR,Ukraine,Humanitarian,364528.14,300469.61,0.8243
2023,UKR,Ukraine,Education,706096.81,568594.01,0.8053
2023,UKR,Ukraine,Economic Development,1382140.67,1043394.48,0.7549
2023,UKR,Ukraine,Agriculture,1126017.55,894524.78,0.7944
2023,UKR,Ukraine,Peace and Security,248058.99,247392.23,0.9973
2023,COL,Colombia,Health,79977.99,57396.45,0.7177
2023,COL,Colombia,Education,198531.74,185070.21,0.9322
2023,COL,Colombia,Governance,378539.93,378539.93,1.0
2023,COL,Colombia,Peace and Security,96893.47,81164.89,0.8377
2023,HTI,Haiti,Health,3331645.73,2384967.61,0.7159
2023,HTI,Haiti,Humanitarian,188629.24,139874.64,0.7415
2023,HTI,Haiti,Education,216026.95,209053.19,0.9677
2023,HTI,Haiti,Economic Development,189385.28,140369.6,0.7412
2023,HTI,Haiti,Governance,103137.69,98255.93,0.9527
2023,HTI,Haiti,Agriculture,174446.46,133331.86,0.7643
2023,IRQ,Iraq,Health,674505.22,591293.75,0.8766
2023,IRQ,Iraq,Education,358320.27,297640.75,0.8307
2023,IRQ,Iraq,Governance,641523.91,423939.04,0.6608
2023,IRQ,Iraq,Agriculture,182943.75,92963.91,0.5082
2023,IRQ,Iraq,Peace and Security,580595.07,512103.17,0.882
2023,YEM,Yemen,Health,101156.46,80600.25,0.7968
2023,YEM,Yemen,Agriculture,876729.0,694333.79,0.792
2023,YEM,Yemen,Peace and Security,554240.36,488481.66,0.8814
2023,BGD,Bangladesh,Health,174842.07,140284.4,0.8023
2023,BGD,Bangladesh,Humanitarian,1950709.92,1309670.59,0.6714
2023,BGD,Bangladesh,Education,192424.18,162948.12,0.8468
2023,BGD,Bangladesh,Economic Development,50000.0,46352.0,0.927
2023,BGD,Bangladesh,Governance,150620.82,96086.46,0.6379
2023,BGD,Bangladesh,Agriculture,119612.5,95435.76,0.7979
2023,BGD,Bangladesh,Peace and Security,471286.77,403874.41,0.857
2023,IND,India,Health,1014588.03,814305.91,0.8026
2023,IND,India,Humanitarian,1027476.19,792890.4,0.7717
2023,IND,India,Education,1265344.16,970475.57,0.767
2023,IND,India,Economic Development,3355048.26,2129998.67,0.6349
2023,IND,India,Agriculture,871351.57,806074.88,0.9251
2023,IND,India,Peace and Security,509682.18,473524.62,0.9291
2023,IDN,Indonesia,Health,316800.18,265271.82,0.8373
2023,IDN,Indonesia,Humanitarian,253615.32,188276.8,0.7424
2023,IDN,Indonesia,Education,2686295.95,2403854.18,0.8949
2023,IDN,Indonesia,Economic Development,343383.62,279210.14,0.8131
2023,IDN,Indonesia,Governance,381873.32,364725.05,0.9551
2023,IDN,Indonesia,Agriculture,509580.88,449186.69,0.8815
2023,IDN,Indonesia,Peace and Security,3751649.23,2912338.79,0.7763
2023,PHL,Philippines,Humanitarian,200283.36,111242.4,0.5554
2023,PHL,Philippines,Economic Development,137125.44,106860.16,0.7793
2023,PHL,Philippines,Governance,92125.25,76046.52,0.8255
2023,PHL,Philippines,Agriculture,300509.03,209780.25,0.6981
2023,PHL,Philippines,Peace and Security,1028293.36,670505.14,0.6521
2023,VNM,Vietnam,Health,988972.16,484164.29,0.4896
2023,VNM,Vietnam,Education,125140.42,121462.64,0.9706
2023,VNM,Vietnam,Governance,442021.45,302352.48,0.684
2023,VNM,Vietnam,Agriculture,7696292.62,5088211.77,0.6611
2023,VNM,Vietnam,Peace and Security,2625767.92,2241164.6,0.8535
2023,GHA,Ghana,Health,55284.85,41219.63,0.7456
2023,GHA,Ghana,Humanitarian,70757.49,60896.11,0.8606
2023,GHA,Ghana,Economic Development,255728.96,222133.36,0.8686
2023,GHA,Ghana,Agriculture,1978750.14,1836523.43,0.9281
2023,TZA,Tanzania,Humanitarian,1154610.23,1154610.23,1.0
2023,TZA,Tanzania,Education,3158132.69,2453444.71,0.7769
2023,TZA,Tanzania,Governance,584262.49,578855.13,0.9907
2023,TZA,Tanzania,Peace and Security,393204.79,320106.04,0.8141
2023,MOZ,Mozambique,Health,666207.4,389020.77,0.5839
2023,MOZ,Mozambique,Economic Development,85457.05,58673.8,0.6866
2023,MOZ,Mozambique,Governance,4404380.44,3383732.08,0.7683
2023,MOZ,Mozambique,Agriculture,690731.82,545479.41,0.7897
2023,MOZ,Mozambique,Peace and Security,190925.06,162127.74,0.8492
2023,MWI,Malawi,Health,1733088.8,1239034.0,0.7149
2023,MWI,Malawi,Humanitarian,4691482.6,4278681.79,0.912
2023,MWI,Malawi,Education,50000.0,48846.47,0.9769
2023,MWI,Malawi,Economic Development,2130596.34,1872602.97,0.8789
2023,MWI,Malawi,Governance,16067873.01,11812054.04,0.7351
2023,MWI,Malawi,Peace and Security,717534.7,404502.48,0.5637
2023,PER,Peru,Humanitarian,186219.15,160950.6,0.8643
2023,PER,Peru,Economic Development,964354.81,964354.81,1.0
2023,PER,Peru,Governance,148319.73,98275.64,0.6626
2023,PER,Peru,Peace and Security,117187.45,85708.57,0.7314
2023,GTM,Guatemala,Health,708467.46,667815.14,0.9426
2023,GTM,Guatemala,Humanitarian,1728045.32,1306946.79,0.7563
2023,GTM,Guatemala,Economic Development,60301.07,46556.38,0.7721
2023,GTM,Guatemala,Agriculture,630420.85,529303.71,0.8396
2023,GTM,Guatemala,Peace and Security,341285.62,277143.45,0.8121
2023,SLV,El Salvador,Health,448265.15,368520.63,0.8221
2023,SLV,El Salvador,Humanitarian,151498.26,143789.88,0.9491
2023,SLV,El Salvador,Economic Development,1608598.43,1081436.71,0.6723
2023,SLV,El Salvador,Governance,474640.12,352895.45,0.7435
2023,MEX,Mexico,Humanitarian,1303674.5,873109.85,0.6697
2023,MEX,Mexico,Economic Development,387529.24,267926.52,0.6914
2023,MEX,Mexico,Agriculture,248066.52,210974.14,0.8505
2023,MEX,Mexico,Peace and Security,1087533.43,920222.93,0.8462
2023,PSE,West Bank and Gaza,Education,815745.26,747354.23,0.9162
2023,PSE,West Bank and Gaza,Governance,960442.2,822157.9,0.856
2023,PSE,West Bank and Gaza,Agriculture,73208.1,60290.36,0.8235
2023,PSE,West Bank and Gaza,Peace and Security,181972.68,114227.8,0.6277
2023,LBN,Lebanon,Health,795604.94,731497.25,0.9194
2023,LBN,Lebanon,Education,491091.59,441258.08,0.8985
2023,LBN,Lebanon,Economic Development,1675718.95,1268861.99,0.7572
2023,LBN,Lebanon,Governance,3428308.15,2394664.87,0.6985
2023,LBN,Lebanon,Agriculture,1107806.97,1107806.97,1.0
2023,LBN,Lebanon,Peace and Security,511286.4,497828.16,0.9737
2023,SYR,Syria,Health,82863.58,58295.79,0.7035
2023,SYR,Syria,Humanitarian,76903.43,49792.51,0.6475
2023,SYR,Syria,Education,624929.37,601090.94,0.9619
2023,SYR,Syria,Economic Development,227393.22,176444.97,0.7759
2023,SYR,Syria,Governance,403567.63,321633.29,0.797
2023,SYR,Syria,Agriculture,477186.12,367245.48,0.7696
2023,TUR,Turkey,Health,1734168.56,1475008.42,0.8506
2023,TUR,Turkey,Humanitarian,306819.51,202870.55,0.6612
2023,TUR,Turkey,Education,512713.55,512713.55,1.0
2023,TUR,Turkey,Economic Development,1239892.6,1207418.77,0.9738
2023,TUR,Turkey,Agriculture,402432.57,334738.61,0.8318
2023,TUR,Turkey,Peace and Security,1409728.44,1304901.66,0.9256
2023,GEO,Georgia,Humanitarian,149879.99,142878.38,0.9533
2023,GEO,Georgia,Economic Development,607795.4,527580.27,0.868
2023,GEO,Georgia,Governance,78972.91,53692.65,0.6799
2023,GEO,Georgia,Agriculture,50000.0,47011.97,0.9402
2023,MDA,Moldova,Health,1773512.89,1414781.92,0.7977
2023,MDA,Moldova,Humanitarian,1088154.06,962424.3,0.8845
2023,MDA,Moldova,Education,104603.67,73197.97,0.6998
2023,MDA,Moldova,Economic Development,371753.58,371753.58,1.0
2023,MDA,Moldova,Governance,1054010.56,902064.35,0.8558
2023,MDA,Moldova,Agriculture,1373462.86,981713.64,0.7148
2023,MDA,Moldova,Peace and Security,137064.23,76210.99,0.556
2023,KOS,Kosovo,Health,141608.02,93668.4,0.6615
2023,KOS,Kosovo,Humanitarian,436927.51,377307.46,0.8635
2023,KOS,Kosovo,Education,647782.05,564631.78,0.8716
2023,KOS,Kosovo,Governance,1402635.02,970313.91,0.6918
2023,KOS,Kosovo,Agriculture,761276.3,602854.37,0.7919
2023,LBR,Liberia,Health,251484.36,195567.26,0.7777
2023,LBR,Liberia,Humanitarian,429458.89,257260.96,0.599
2023,LBR,Liberia,Education,1522476.86,1522476.86,1.0
2023,LBR,Liberia,Governance,1122406.74,779643.89,0.6946
2023,SLE,Sierra Leone,Health,316572.09,285419.14,0.9016
2023,SLE,Sierra Leone,Humanitarian,8176508.7,7451704.35,0.9114
2023,SLE,Sierra Leone,Education,174631.42,138903.26,0.7954
2023,SLE,Sierra Leone,Economic Development,204884.19,201876.29,0.9853
2023,SLE,Sierra Leone,Governance,152580.49,135051.56,0.8851
2023,SLE,Sierra Leone,Agriculture,1285872.91,950018.85,0.7388
2023,COD,DR Congo,Humanitarian,308478.45,302337.64,0.9801
2023,COD,DR Congo,Education,3613699.44,2878711.66,0.7966
2023,COD,DR Congo,Economic Development,154705.24,114832.6,0.7423
2023,COD,DR Congo,Governance,820225.25,683112.69,0.8328
2023,COD,DR Congo,Agriculture,3508399.74,2449378.96,0.6981
2023,RWA,Rwanda,Health,262468.65,197089.43,0.7509
2023,RWA,Rwanda,Education,288300.82,233665.75,0.8105
2023,RWA,Rwanda,Economic Development,1533824.31,1107678.59,0.7222
2023,RWA,Rwanda,Agriculture,659086.16,477784.5,0.7249
2023,RWA,Rwanda,Peace and Security,1228321.77,964407.18,0.7851
2023,ZMB,Zambia,Health,686574.16,681963.03,0.9933
2023,ZMB,Zambia,Humanitarian,1186771.82,983988.19,0.8291
2023,ZMB,Zambia,Education,131019.14,89718.2,0.6848
2023,ZMB,Zambia,Economic Development,5522233.1,5522233.1,1.0
2023,ZMB,Zambia,Agriculture,1011850.86,837664.23,0.8279
2023,ZMB,Zambia,Peace and Security,305893.34,189939.68,0.6209
2023,ZWE,Zimbabwe,Health,2268399.36,1441438.78,0.6354
2023,ZWE,Zimbabwe,Education,62978.39,54872.65,0.8713
2023,ZWE,Zimbabwe,Governance,363628.83,303911.45,0.8358
2023,ZWE,Zimbabwe,Peace and Security,168226.29,156396.15,0.9297
2023,MMR,Burma,Health,2723592.84,2034257.11,0.7469
2023,MMR,Burma,Humanitarian,850866.86,740306.66,0.8701
2023,MMR,Burma,Education,99970.19,71411.23,0.7143
2023,MMR,Burma,Economic Development,828739.64,670400.12,0.8089
2023,MMR,Burma,Governance,441361.19,411766.99,0.9329
2023,MMR,Burma,Agriculture,806801.44,643038.32,0.797
2023,MMR,Burma,Peace and Security,906168.62,810640.27,0.8946
2023,KHM,Cambodia,Health,926775.55,926775.55,1.0
2023,KHM,Cambodia,Humanitarian,636406.38,503979.82,0.7919
2023,KHM,Cambodia,Education,50972.68,50972.68,1.0
2023,KHM,Cambodia,Economic Development,419569.17,358120.26,0.8535
2023,KHM,Cambodia,Governance,833713.85,751349.2,0.9012
2023,KHM,Cambodia,Agriculture,663173.08,603383.59,0.9098
2023,NPL,Nepal,Health,268764.25,245570.87,0.9137
2023,NPL,Nepal,Education,921945.79,804663.26,0.8728
2023,NPL,Nepal,Economic Development,343274.9,281250.95,0.8193
2023,NPL,Nepal,Governance,1213971.16,908038.71,0.748
2023,NPL,Nepal,Agriculture,591177.19,591177.19,1.0
2023,LKA,Sri Lanka,Health,1690623.76,1133987.77,0.6708
2023,LKA,Sri Lanka,Humanitarian,948705.54,784098.12,0.8265
2023,LKA,Sri Lanka,Education,782548.0,513805.94,0.6566
2023,LKA,Sri Lanka,Governance,263980.9,230752.03,0.8741
2023,LKA,Sri Lanka,Agriculture,1470520.64,1266593.78,0.8613
2023,LKA,Sri Lanka,Peace and Security,2082529.59,1792315.57,0.8606
2023,MAR,Morocco,Health,259945.72,257815.65,0.9918
2023,MAR,Morocco,Economic Development,244855.19,244855.19,1.0
2023,MAR,Morocco,Peace and Security,117826.93,88616.46,0.7521
2023,TUN,Tunisia,Humanitarian,159065.49,139718.19,0.8784
2023,TUN,Tunisia,Economic Development,1157417.13,1012984.52,0.8752
2023,TUN,Tunisia,Governance,363688.93,296786.77,0.816
2023,TUN,Tunisia,Agriculture,59309.92,43984.63,0.7416
2023,SEN,Senegal,Health,863321.85,608310.34,0.7046
2023,SEN,Senegal,Humanitarian,130724.19,106741.5,0.8165
2023,SEN,Senegal,Governance,1788534.23,1614432.69,0.9027
2023,SEN,Senegal,Agriculture,1429971.59,1003295.07,0.7016
2023,SEN,Senegal,Peace and Security,611802.84,611802.84,1.0
2023,MLI,Mali,Health,492699.77,388870.55,0.7893
2023,MLI,Mali,Humanitarian,782094.84,618150.12,0.7904
2023,MLI,Mali,Education,5993816.06,5993816.06,1.0
2023,MLI,Mali,Economic Development,300885.69,244121.31,0.8113
2023,MLI,Mali,Agriculture,3886589.25,2535809.54,0.6525
2023,MLI,Mali,Peace and Security,136655.19,114433.13,0.8374
2024,AFG,Afghanistan,Health,1000938.01,721768.17,0.7211
2024,AFG,Afghanistan,Humanitarian,1587064.06,1293690.17,0.8151
2024,AFG,Afghanistan,Economic Development,50000.0,42650.84,0.853
2024,AFG,Afghanistan,Governance,4181569.44,3779639.86,0.9039
2024,AFG,Afghanistan,Agriculture,1660534.22,1660534.22,1.0
2024,EGY,Egypt,Health,469823.95,363911.97,0.7746
2024,EGY,Egypt,Humanitarian,50000.0,33430.17,0.6686
2024,EGY,Egypt,Economic Development,306372.84,258553.05,0.8439
2024,ETH,Ethiopia,Humanitarian,1710847.23,1407317.23,0.8226
2024,ETH,Ethiopia,Education,1651125.05,1509502.16,0.9142
2024,ETH,Ethiopia,Economic Development,153036.51,130736.35,0.8543
2024,ETH,Ethiopia,Governance,5995161.69,5357083.12,0.8936
2024,JOR,Jordan,Education,295918.97,246718.84,0.8337
2024,JOR,Jordan,Economic Development,560859.03,442595.34,0.7891
2024,JOR,Jordan,Governance,337489.87,288940.4,0.8561
2024,JOR,Jordan,Peace and Security,743392.81,620343.04,0.8345
2024,KEN,Kenya,Humanitarian,251508.75,210340.9,0.8363
2024,KEN,Kenya,Education,1187309.18,1024501.56,0.8629
2024,KEN,Kenya,Economic Development,249902.92,226034.71,0.9045
2024,KEN,Kenya,Governance,643239.47,442807.15,0.6884
2024,NGA,Nigeria,Health,539540.71,390580.0,0.7239
2024,NGA,Nigeria,Humanitarian,314062.51,215094.17,0.6849
2024,NGA,Nigeria,Education,220118.48,141942.65,0.6448
2024,NGA,Nigeria,Economic Development,1300928.0,1203912.36,0.9254
2024,NGA,Nigeria,Governance,234275.31,199208.78,0.8503
2024,NGA,Nigeria,Agriculture,383915.94,301086.99,0.7843
2024,PAK,Pakistan,Health,108357.78,68914.3,0.636
2024,PAK,Pakistan,Humanitarian,158567.18,150046.89,0.9463
2024,PAK,Pakistan,Education,810315.22,628686.4,0.7759
2024,PAK,Pakistan,Economic Development,143094.36,119108.8,0.8324
2024,PAK,Pakistan,Governance,139687.26,95910.68,0.6866
2024,PAK,Pakistan,Agriculture,504989.22,440129.91,0.8716
2024,PAK,Pakistan,Peace and Security,356794.63,352466.59,0.9879
2024,SOM,Somalia,Health,2833970.18,2034041.23,0.7177
2024,SOM,Somalia,Humanitarian,1830226.7,1122198.4,0.6131
2024,SOM,Somalia,Economic Development,1513673.52,1271880.71,0.8403
2024,SOM,Somalia,Governance,337486.32,256289.49,0.7594
2024,SOM,Somalia,Agriculture,1214564.59,805664.62,0.6633
2024,SSD,South Sudan,Health,1707341.17,1255456.51,0.7353
2024,SSD,South Sudan,Humanitarian,964557.15,895299.74,0.9282
2024,SSD,South Sudan,Education,335073.07,247325.54,0.7381
2024,SSD,South Sudan,Agriculture,272381.65,233830.22,0.8585
2024,SSD,South Sudan,Peace and Security,54989.79,40901.37,0.7438
2024,SDN,Sudan,Education,177784.64,123037.15,0.6921
2024,SDN,Sudan,Peace and Security,113028.75,97020.84,0.8584
2024,UGA,Uganda,Education,717213.45,625639.94,0.8723
2024,UGA,Uganda,Economic Development,311966.14,253440.26,0.8124
2024,UGA,Uganda,Governance,610888.77,507389.95,0.8306
2024,UGA,Uganda,Agriculture,1692806.01,1569883.1,0.9274
2024,UKR,Ukraine,Health,1753444.28,1224375.76,0.6983
2024,UKR,Ukraine,Humanitarian,120776.31,120776.31,1.0
2024,UKR,Ukraine,Education,293713.35,225120.58,0.7665
2024,UKR,Ukraine,Economic Development,511533.14,490140.42,0.9582
2024,COL,Colombia,Humanitarian,388513.52,344865.65,0.8877
2024,COL,Colombia,Education,891950.41,558908.81,0.6266
2024,COL,Colombia,Economic Development,4538035.79,4348446.93,0.9582
2024,COL,Colombia,Governance,797110.51,517271.07,0.6489
2024,COL,Colombia,Peace and Security,299343.55,225751.64,0.7542
2024,HTI,Haiti,Health,3560951.98,3530505.4,0.9914
2024,HTI,Haiti,Humanitarian,601441.03,601441.03,1.0
2024,HTI,Haiti,Education,329205.15,237559.55,0.7216
2024,HTI,Haiti,Economic Development,648547.18,532490.03,0.8211
2024,HTI,Haiti,Governance,196149.75,182534.41,0.9306
2024,HTI,Haiti,Agriculture,302160.32,188763.91,0.6247
2024,HTI,Haiti,Peace and Security,303708.56,231662.89,0.7628
2024,IRQ,Iraq,Health,271395.49,218032.49,0.8034
2024,IRQ,Iraq,Humanitarian,1024672.73,806515.33,0.7871
2024,IRQ,Iraq,Economic Development,874104.95,715171.08,0.8182
2024,IRQ,Iraq,Agriculture,312827.5,256539.21,0.8201
2024,IRQ,Iraq,Peace and Security,117547.2,88191.23,0.7503
2024,YEM,Yemen,Humanitarian,163344.06,128323.82,0.7856
2024,YEM,Yemen,Education,544266.53,340625.24,0.6258
2024,YEM,Yemen,Economic Development,106689.28,85620.31,0.8025
2024,YEM,Yemen,Governance,1580881.51,1517682.76,0.96
2024,YEM,Yemen,Peace and Security,786831.53,649693.44,0.8257
2024,BGD,Bangladesh,Education,140604.1,137943.88,0.9811
2024,BGD,Bangladesh,Economic Development,651770.77,514983.35,0.7901
2024,BGD,Bangladesh,Peace and Security,1247268.83,878867.24,0.7046
2024,IND,India,Health,362683.35,257577.78,0.7102
2024,IND,India,Education,454265.93,275953.63,0.6075
2024,IND,India,Economic Development,572823.13,493771.85,0.862
2024,IND,India,Governance,2029753.29,1259244.79,0.6204
2024,IDN,Indonesia,Economic Development,186610.79,186610.79,1.0
2024,IDN,Indonesia,Governance,438529.15,403500.62,0.9201
2024,IDN,Indonesia,Agriculture,836904.98,661694.78,0.7906
2024,IDN,Indonesia,Peace and Security,139648.32,106698.08,0.764
2024,PHL,Philippines,Health,3909095.2,3156701.11,0.8075
2024,PHL,Philippines,Humanitarian,1770051.47,1140965.53,0.6446
2024,PHL,Philippines,Economic Development,52582.56,25156.12,0.4784
2024,PHL,Philippines,Governance,1448509.78,1295777.71,0.8946
2024,PHL,Philippines,Agriculture,50000.0,39982.16,0.7996
2024,PHL,Philippines,Peace and Security,198252.8,131772.79,0.6647
2024,VNM,Vietnam,Health,531777.06,473968.68,0.8913
2024,VNM,Vietnam,Humanitarian,2108482.11,1893433.29,0.898
2024,VNM,Vietnam,Education,344364.57,309793.91,0.8996
2024,VNM,Vietnam,Economic Development,1538636.26,1464267.09,0.9517
2024,VNM,Vietnam,Governance,125789.81,109295.29,0.8689
2024,VNM,Vietnam,Agriculture,1401220.67,890162.17,0.6353
2024,VNM,Vietnam,Peace and Security,483506.57,474186.61,0.9807
2024,GHA,Ghana,Health,1439239.24,1201525.05,0.8348
2024,GHA,Ghana,Humanitarian,761729.72,479079.22,0.6289
2024,GHA,Ghana,Economic Development,2198444.32,1968704.1,0.8955
2024,GHA,Ghana,Governance,127727.72,104958.74,0.8217
2024,GHA,Ghana,Peace and Security,1504487.53,983191.48,0.6535
2024,TZA,Tanzania,Health,332998.96,282967.88,0.8498
2024,TZA,Tanzania,Humanitarian,296332.97,283746.13,0.9575
2024,TZA,Tanzania,Education,76147.6,65404.86,0.8589
2024,TZA,Tanzania,Agriculture,1026992.55,1026992.55,1.0
2024,MOZ,Mozambique,Health,303218.41,273745.03,0.9028
2024,MOZ,Mozambique,Humanitarian,1055112.35,930230.04,0.8816
2024,MOZ,Mozambique,Education,322672.27,266990.51,0.8274
2024,MOZ,Mozambique,Economic Development,1236972.99,1081623.43,0.8744
2024,MOZ,Mozambique,Governance,203039.4,159990.3,0.788
2024,MOZ,Mozambique,Agriculture,753185.65,591386.01,0.7852
2024,MOZ,Mozambique,Peace and Security,1527467.62,1478750.76,0.9681
2024,MWI,Malawi,Health,367322.13,253606.92,0.6904
2024,MWI,Malawi,Humanitarian,205766.84,201186.64,0.9777
2024,MWI,Malawi,Economic Development,291304.48,230990.86,0.793
2024,PER,Peru,Humanitarian,1418284.47,1081927.53,0.7628
2024,PER,Peru,Education,610420.49,296656.88,0.486
2024,PER,Peru,Economic Development,1083106.88,732905.44,0.6767
2024,PER,Peru,Agriculture,2240184.61,1634511.72,0.7296
2024,PER,Peru,Peace and Security,257575.76,218349.4,0.8477
2024,GTM,Guatemala,Health,6826623.5,5297208.32,0.776
2024,GTM,Guatemala,Humanitarian,390714.96,305717.38,0.7825
2024,GTM,Guatemala,Education,228929.26,199443.96,0.8712
2024,GTM,Guatemala,Governance,197303.87,166668.45,0.8447
2024,SLV,El Salvador,Health,75440.38,56231.85,0.7454
2024,SLV,El Salvador,Humanitarian,343015.22,270598.71,0.7889
2024,SLV,El Salvador,Education,1581831.73,1578470.7,0.9979
2024,SLV,El Salvador,Economic Development,695759.09,695759.09,1.0
2024,SLV,El Salvador,Agriculture,626449.96,535099.11,0.8542
2024,SLV,El Salvador,Peace and Security,616880.67,564355.36,0.9149
2024,MEX,Mexico,Health,941580.43,656611.05,0.6973
2024,MEX,Mexico,Humanitarian,1619436.64,1287519.1,0.795
2024,MEX,Mexico,Education,520200.18,459813.58,0.8839
2024,MEX,Mexico,Economic Development,173346.46,161014.74,0.9289
2024,MEX,Mexico,Governance,126282.98,70518.33,0.5584
2024,MEX,Mexico,Agriculture,74398.05,61976.49,0.833
2024,MEX,Mexico,Peace and Security,4158807.91,2792485.12,0.6715
2024,PSE,West Bank and Gaza,Humanitarian,165832.21,131511.19,0.793
2024,PSE,West Bank and Gaza,Education,4040797.54,3275797.81,0.8107
2024,PSE,West Bank and Gaza,Economic Development,6974316.65,5047690.24,0.7238
2024,PSE,West Bank and Gaza,Governance,412621.57,299352.6,0.7255
2024,PSE,West Bank and Gaza,Agriculture,1975159.35,1314278.02,0.6654
2024,PSE,West Bank and Gaza,Peace and Security,339549.79,221447.85,0.6522
2024,LBN,Lebanon,Health,340324.63,241568.59,0.7098
2024,LBN,Lebanon,Humanitarian,1281799.47,1071866.05,0.8362
2024,LBN,Lebanon,Education,183388.87,136487.11,0.7442
2024,LBN,Lebanon,Economic Development,967158.3,777408.12,0.8038
2024,LBN,Lebanon,Governance,385840.61,261749.93,0.6784
2024,LBN,Lebanon,Peace and Security,76482.17,69701.69,0.9113
2024,SYR,Syria,Health,1143261.36,867617.94,0.7589
2024,SYR,Syria,Humanitarian,866470.97,803229.9,0.927
2024,SYR,Syria,Economic Development,2114996.27,1714529.14,0.8107
2024,SYR,Syria,Governance,2661844.87,2522675.28,0.9477
2024,SYR,Syria,Agriculture,4229693.96,2714567.33,0.6418
2024,TUR,Turkey,Health,2614414.7,2605563.61,0.9966
2024,TUR,Turkey,Humanitarian,601423.57,555032.65,0.9229
2024,TUR,Turkey,Education,688647.54,640292.7,0.9298
2024,TUR,Turkey,Economic Development,588354.16,404572.33,0.6876
2024,TUR,Turkey,Peace and Security,1117568.32,1005466.9,0.8997
2024,GEO,Georgia,Health,875802.94,740536.83,0.8456
2024,GEO,Georgia,Humanitarian,354974.46,254366.11,0.7166
2024,GEO,Georgia,Economic Development,495847.62,434341.95,0.876
2024,GEO,Georgia,Governance,1674706.06,1566997.27,0.9357
2024,GEO,Georgia,Agriculture,2184958.04,1697634.07,0.777
2024,GEO,Georgia,Peace and Security,366776.36,245839.32,0.6703
2024,MDA,Moldova,Education,826747.92,729436.49,0.8823
2024,MDA,Moldova,Governance,835021.02,636586.07,0.7624
2024,MDA,Moldova,Peace and Security,1240913.18,1056334.36,0.8513
2024,KOS,Kosovo,Health,492950.48,436353.97,0.8852
2024,KOS,Kosovo,Humanitarian,63948.82,42816.08,0.6695
2024,KOS,Kosovo,Economic Development,248763.87,208503.78,0.8382
2024,KOS,Kosovo,Governance,2221131.19,1654813.82,0.745
2024,KOS,Kosovo,Peace and Security,371995.05,310150.08,0.8337
2024,LBR,Liberia,Economic Development,282535.78,198514.4,0.7026
2024,LBR,Liberia,Governance,739380.71,739380.71,1.0
2024,LBR,Liberia,Agriculture,194174.51,148229.0,0.7634
2024,LBR,Liberia,Peace and Security,59994.45,36215.76,0.6037
2024,SLE,Sierra Leone,Health,433481.34,280311.55,0.6467
2024,SLE,Sierra Leone,Humanitarian,294727.03,217673.58,0.7386
2024,SLE,Sierra Leone,Education,61774.82,47080.96,0.7621
2024,SLE,Sierra Leone,Governance,50000.0,41755.96,0.8351
2024,SLE,Sierra Leone,Peace and Security,89497.72,80722.16,0.9019
2024,COD,DR Congo,Health,1544897.55,1204932.77,0.7799
2024,COD,DR Congo,Humanitarian,1325212.85,1260232.24,0.951
2024,COD,DR Congo,Education,294309.25,202609.32,0.6884
2024,COD,DR Congo,Economic Development,71750.28,47954.26,0.6683
2024,COD,DR Congo,Governance,111231.93,100194.42,0.9008
2024,COD,DR Congo,Agriculture,549777.9,478893.84,0.8711
2024,COD,DR Congo,Peace and Security,909545.29,877582.44,0.9649
2024,RWA,Rwanda,Health,164665.2,164665.2,1.0
2024,RWA,Rwanda,Humanitarian,619790.34,564820.38,0.9113
2024,RWA,Rwanda,Economic Development,177211.06,136781.92,0.7719
2024,RWA,Rwanda,Governance,1744910.65,1523201.01,0.8729
2024,RWA,Rwanda,Peace and Security,2121735.87,1143411.69,0.5389
2024,ZMB,Zambia,Humanitarian,339513.5,302907.36,0.8922
2024,ZMB,Zambia,Education,1284232.72,835633.0,0.6507
2024,ZMB,Zambia,Economic Development,151672.59,132399.7,0.8729
2024,ZMB,Zambia,Governance,411654.39,361201.92,0.8774
2024,ZMB,Zambia,Agriculture,4382863.62,3656151.41,0.8342
2024,ZWE,Zimbabwe,Education,520855.45,430097.5,0.8258
2024,ZWE,Zimbabwe,Economic Development,1025956.25,796964.8,0.7768
2024,ZWE,Zimbabwe,Governance,416331.77,363258.74,0.8725
2024,ZWE,Zimbabwe,Agriculture,165514.77,129379.35,0.7817
2024,ZWE,Zimbabwe,Peace and Security,1046718.41,796794.4,0.7612
2024,MMR,Burma,Health,4182918.85,3642960.12,0.8709
2024,MMR,Burma,Humanitarian,2008626.35,1563493.78,0.7784
2024,MMR,Burma,Education,1097148.04,723308.69,0.6593
2024,MMR,Burma,Economic Development,999517.04,904785.28,0.9052
2024,MMR,Burma,Governance,313887.93,254441.19,0.8106
2024,MMR,Burma,Agriculture,76461.93,69860.25,0.9137
2024,MMR,Burma,Peace and Security,2411631.43,1670729.48,0.6928
2024,KHM,Cambodia,Health,210638.94,180013.93,0.8546
2024,KHM,Cambodia,Humanitarian,50000.0,40694.39,0.8139
2024,KHM,Cambodia,Education,1392674.97,1042936.6,0.7489
2024,NPL,Nepal,Humanitarian,452145.89,333969.38,0.7386
2024,NPL,Nepal,Education,541354.65,489273.78,0.9038
2024,NPL,Nepal,Economic Development,533444.21,533444.21,1.0
2024,NPL,Nepal,Agriculture,301873.73,232723.67,0.7709
2024,LKA,Sri Lanka,Humanitarian,745089.37,621394.74,0.834
2024,LKA,Sri Lanka,Economic Development,224472.47,196075.28,0.8735
2024,LKA,Sri Lanka,Agriculture,176868.99,164471.45,0.9299
2024,LKA,Sri Lanka,Peace and Security,267935.89,206877.54,0.7721
2024,MAR,Morocco,Health,1030497.89,812173.63,0.7881
2024,MAR,Morocco,Humanitarian,294709.93,226558.0,0.7687
2024,MAR,Morocco,Education,660514.9,653068.09,0.9887
2024,MAR,Morocco,Economic Development,379340.67,304484.59,0.8027
2024,MAR,Morocco,Governance,482589.98,444162.21,0.9204
2024,MAR,Morocco,Peace and Security,50394.56,44453.25,0.8821
2024,TUN,Tunisia,Health,8410669.78,6036257.08,0.7177
2024,TUN,Tunisia,Education,195444.08,166382.87,0.8513
2024,TUN,Tunisia,Economic Development,152820.38,99114.45,0.6486
2024,TUN,Tunisia,Agriculture,55919.98,47768.33,0.8542
2024,SEN,Senegal,Health,713534.32,518118.62,0.7261
2024,SEN,Senegal,Humanitarian,199852.68,132984.6,0.6654
2024,SEN,Senegal,Education,362371.45,362371.45,1.0
2024,SEN,Senegal,Agriculture,1693103.7,1651377.41,0.9754
2024,SEN,Senegal,Peace and Security,1321772.49,643795.13,0.4871
2024,MLI,Mali,Health,1398369.19,1262125.66,0.9026
2024,MLI,Mali,Humanitarian,215266.34,122698.0,0.57
2024,MLI,Mali,Education,116658.56,99350.71,0.8516
2024,MLI,Mali,Economic Development,1050712.78,847719.71,0.8068
2024,MLI,Mali,Governance,3848844.42,3677617.45,0.9555
2024,MLI,Mali,Peace and Security,1260745.41,1228223.78,0.9742
